true_label,pred_label,is_correct,length,length_bin
2,2,True,307,200–400
6,6,True,451,400–600
1,1,True,494,400–600
5,5,True,251,200–400
3,3,True,488,400–600
2,2,True,309,200–400
2,1,False,473,400–600
4,4,True,269,200–400
4,4,True,223,200–400
2,2,True,685,600–800
2,6,False,653,600–800
2,2,True,338,200–400
1,1,True,238,200–400
2,3,False,259,200–400
3,3,True,155,<200
6,6,True,651,600–800
2,2,True,349,200–400
2,2,True,320,200–400
2,2,True,660,600–800
3,3,True,151,<200
6,6,True,234,200–400
2,2,True,1342,>1200
3,3,True,362,200–400
6,3,False,277,200–400
2,2,True,310,200–400
6,6,True,514,400–600
2,2,True,1360,>1200
2,2,True,330,200–400
2,2,True,385,200–400
5,5,True,549,400–600
4,1,False,507,400–600
2,2,True,370,200–400
2,3,False,649,600–800
6,6,True,537,400–600
2,1,False,487,400–600
6,6,True,487,400–600
2,2,True,2210,>1200
2,2,True,1234,>1200
1,3,False,239,200–400
3,2,False,290,200–400
1,3,False,286,200–400
2,2,True,354,200–400
3,5,False,322,200–400
3,3,True,765,600–800
3,3,True,236,200–400
6,6,True,555,400–600
2,3,False,792,600–800
2,2,True,249,200–400
2,2,True,156,<200
5,5,True,275,200–400
5,5,True,245,200–400
2,5,False,213,200–400
2,2,True,334,200–400
3,3,True,421,400–600
3,3,True,294,200–400
4,4,True,456,400–600
3,3,True,194,<200
3,3,True,181,<200
3,3,True,491,400–600
6,6,True,501,400–600
2,2,True,443,400–600
5,5,True,336,200–400
6,6,True,532,400–600
2,2,True,454,400–600
1,1,True,403,400–600
1,2,False,339,200–400
2,2,True,618,600–800
2,2,True,209,200–400
4,4,True,468,400–600
2,4,False,363,200–400
3,2,False,349,200–400
2,2,True,780,600–800
3,1,False,314,200–400
3,3,True,193,<200
3,3,True,601,600–800
1,1,True,341,200–400
3,3,True,201,200–400
2,2,True,369,200–400
2,2,True,319,200–400
6,6,True,554,400–600
3,3,True,663,600–800
3,3,True,187,<200
3,3,True,468,400–600
3,3,True,348,200–400
6,6,True,401,400–600
1,1,True,283,200–400
3,3,True,289,200–400
5,5,True,427,400–600
2,2,True,449,400–600
6,6,True,479,400–600
6,1,False,349,200–400
2,2,True,316,200–400
1,3,False,1063,800–1200
6,2,False,339,200–400
4,4,True,557,400–600
2,2,True,322,200–400
2,3,False,234,200–400
3,3,True,452,400–600
3,3,True,281,200–400
6,6,True,291,200–400
3,3,True,258,200–400
4,4,True,291,200–400
1,1,True,419,400–600
3,3,True,1368,>1200
6,6,True,404,400–600
5,5,True,558,400–600
6,4,False,241,200–400
5,5,True,437,400–600
3,3,True,192,<200
3,3,True,304,200–400
5,5,True,197,<200
3,3,True,252,200–400
5,5,True,468,400–600
5,1,False,347,200–400
5,3,False,947,800–1200
2,1,False,419,400–600
1,1,True,510,400–600
6,6,True,655,600–800
2,2,True,354,200–400
3,1,False,469,400–600
1,1,True,468,400–600
2,2,True,420,400–600
2,3,False,393,200–400
3,5,False,369,200–400
3,3,True,994,800–1200
2,4,False,164,<200
2,2,True,183,<200
3,3,True,169,<200
2,2,True,180,<200
2,2,True,255,200–400
6,6,True,602,600–800
6,6,True,513,400–600
2,2,True,2661,>1200
6,6,True,468,400–600
3,3,True,443,400–600
4,4,True,274,200–400
5,5,True,277,200–400
2,2,True,301,200–400
2,2,True,345,200–400
2,2,True,231,200–400
4,4,True,427,400–600
3,3,True,354,200–400
1,1,True,436,400–600
2,2,True,398,200–400
6,6,True,484,400–600
2,2,True,295,200–400
4,3,False,545,400–600
1,1,True,205,200–400
6,6,True,465,400–600
2,2,True,888,800–1200
3,5,False,231,200–400
3,3,True,210,200–400
6,6,True,405,400–600
3,3,True,480,400–600
2,3,False,203,200–400
3,3,True,212,200–400
6,6,True,572,400–600
6,6,True,296,200–400
6,6,True,380,200–400
3,3,True,381,200–400
3,3,True,145,<200
6,6,True,493,400–600
3,1,False,409,400–600
1,1,True,510,400–600
4,4,True,436,400–600
2,2,True,499,400–600
1,1,True,335,200–400
5,5,True,360,200–400
6,6,True,552,400–600
1,1,True,523,400–600
4,4,True,227,200–400
1,1,True,305,200–400
1,1,True,411,400–600
2,2,True,366,200–400
3,3,True,687,600–800
2,2,True,415,400–600
2,2,True,320,200–400
4,4,True,338,200–400
1,1,True,336,200–400
4,4,True,591,400–600
1,1,True,233,200–400
6,6,True,483,400–600
4,2,False,367,200–400
2,2,True,1299,>1200
2,2,True,304,200–400
2,1,False,509,400–600
2,2,True,242,200–400
2,2,True,156,<200
2,2,True,356,200–400
2,2,True,311,200–400
2,2,True,204,200–400
6,6,True,485,400–600
4,4,True,395,200–400
3,4,False,384,200–400
3,6,False,357,200–400
2,2,True,314,200–400
3,4,False,255,200–400
6,6,True,313,200–400
4,1,False,608,600–800
6,6,True,440,400–600
5,5,True,278,200–400
2,2,True,550,400–600
6,6,True,501,400–600
5,5,True,445,400–600
2,2,True,279,200–400
3,3,True,301,200–400
3,3,True,238,200–400
4,4,True,404,400–600
6,6,True,512,400–600
3,3,True,333,200–400
3,2,False,1061,800–1200
4,4,True,142,<200
3,3,True,182,<200
1,2,False,217,200–400
6,6,True,434,400–600
3,3,True,212,200–400
5,5,True,304,200–400
2,2,True,340,200–400
3,3,True,351,200–400
4,4,True,268,200–400
2,3,False,222,200–400
4,4,True,428,400–600
5,2,False,454,400–600
5,5,True,427,400–600
4,4,True,258,200–400
3,3,True,296,200–400
3,3,True,240,200–400
2,1,False,481,400–600
6,6,True,669,600–800
2,3,False,1217,>1200
2,2,True,658,600–800
6,6,True,102,<200
5,5,True,244,200–400
2,2,True,700,600–800
2,2,True,351,200–400
2,2,True,398,200–400
6,6,True,650,600–800
5,5,True,219,200–400
3,3,True,626,600–800
1,1,True,393,200–400
3,3,True,311,200–400
2,6,False,422,400–600
3,1,False,344,200–400
5,5,True,332,200–400
3,3,True,438,400–600
2,1,False,335,200–400
3,3,True,333,200–400
2,2,True,298,200–400
3,3,True,268,200–400
3,3,True,968,800–1200
3,3,True,445,400–600
1,3,False,866,800–1200
6,6,True,710,600–800
2,6,False,470,400–600
3,3,True,350,200–400
2,2,True,216,200–400
6,6,True,448,400–600
6,6,True,456,400–600
2,2,True,523,400–600
1,1,True,338,200–400
2,5,False,210,200–400
2,2,True,424,400–600
2,2,True,415,400–600
2,2,True,404,400–600
6,2,False,318,200–400
3,3,True,671,600–800
2,2,True,217,200–400
4,4,True,472,400–600
5,5,True,134,<200
2,2,True,316,200–400
3,3,True,1194,800–1200
3,3,True,187,<200
6,6,True,474,400–600
2,2,True,347,200–400
2,2,True,305,200–400
2,2,True,416,400–600
2,5,False,249,200–400
2,2,True,370,200–400
6,6,True,431,400–600
2,2,True,317,200–400
2,2,True,192,<200
2,2,True,214,200–400
2,3,False,1196,800–1200
2,2,True,256,200–400
2,2,True,756,600–800
3,3,True,554,400–600
2,3,False,552,400–600
3,3,True,413,400–600
6,6,True,502,400–600
6,6,True,337,200–400
4,2,False,338,200–400
2,2,True,231,200–400
4,4,True,605,600–800
3,1,False,438,400–600
4,4,True,445,400–600
2,2,True,525,400–600
6,6,True,347,200–400
5,5,True,429,400–600
2,1,False,367,200–400
3,3,True,629,600–800
6,6,True,568,400–600
2,2,True,314,200–400
5,5,True,540,400–600
1,1,True,366,200–400
2,1,False,374,200–400
2,3,False,372,200–400
6,6,True,592,400–600
3,3,True,778,600–800
4,4,True,557,400–600
5,5,True,355,200–400
2,1,False,475,400–600
2,2,True,303,200–400
2,2,True,769,600–800
3,1,False,421,400–600
1,1,True,356,200–400
3,3,True,327,200–400
2,2,True,360,200–400
2,2,True,271,200–400
3,3,True,446,400–600
1,1,True,367,200–400
2,5,False,369,200–400
3,5,False,298,200–400
2,1,False,364,200–400
2,2,True,486,400–600
2,2,True,398,200–400
2,3,False,671,600–800
2,2,True,446,400–600
1,1,True,497,400–600
3,3,True,206,200–400
1,1,True,337,200–400
2,3,False,1159,800–1200
3,1,False,436,400–600
2,2,True,492,400–600
1,1,True,336,200–400
2,3,False,1012,800–1200
4,4,True,370,200–400
6,6,True,1041,800–1200
4,4,True,387,200–400
3,3,True,341,200–400
4,6,False,442,400–600
2,2,True,341,200–400
1,1,True,362,200–400
3,3,True,443,400–600
4,4,True,352,200–400
2,2,True,199,<200
2,2,True,303,200–400
2,2,True,338,200–400
1,1,True,487,400–600
5,3,False,249,200–400
4,4,True,311,200–400
2,2,True,391,200–400
2,1,False,466,400–600
1,1,True,752,600–800
2,1,False,538,400–600
2,2,True,308,200–400
2,2,True,335,200–400
5,5,True,445,400–600
2,2,True,244,200–400
5,5,True,450,400–600
1,1,True,376,200–400
6,1,False,329,200–400
2,2,True,192,<200
2,2,True,204,200–400
1,1,True,445,400–600
2,2,True,2269,>1200
6,1,False,372,200–400
2,2,True,343,200–400
2,2,True,305,200–400
3,3,True,303,200–400
1,1,True,306,200–400
2,2,True,376,200–400
2,2,True,431,400–600
2,3,False,276,200–400
2,2,True,626,600–800
2,3,False,154,<200
2,2,True,258,200–400
5,5,True,364,200–400
5,5,True,467,400–600
6,6,True,301,200–400
1,1,True,293,200–400
4,4,True,470,400–600
2,2,True,376,200–400
6,6,True,838,800–1200
1,1,True,330,200–400
6,6,True,522,400–600
2,2,True,338,200–400
1,1,True,750,600–800
1,3,False,281,200–400
4,4,True,622,600–800
3,3,True,1027,800–1200
6,6,True,327,200–400
3,3,True,334,200–400
3,1,False,337,200–400
2,1,False,332,200–400
2,2,True,292,200–400
6,6,True,430,400–600
3,3,True,251,200–400
3,3,True,657,600–800
3,3,True,763,600–800
2,2,True,488,400–600
1,1,True,509,400–600
5,5,True,255,200–400
2,2,True,273,200–400
2,3,False,764,600–800
1,1,True,296,200–400
1,2,False,377,200–400
2,2,True,2368,>1200
2,2,True,339,200–400
4,4,True,220,200–400
6,6,True,883,800–1200
2,2,True,204,200–400
2,2,True,344,200–400
6,6,True,671,600–800
3,3,True,307,200–400
2,2,True,392,200–400
1,1,True,300,200–400
2,3,False,208,200–400
4,4,True,156,<200
2,1,False,358,200–400
1,5,False,397,200–400
6,6,True,486,400–600
2,3,False,887,800–1200
1,1,True,463,400–600
1,1,True,254,200–400
3,3,True,678,600–800
3,3,True,783,600–800
5,5,True,405,400–600
2,2,True,479,400–600
6,6,True,227,200–400
3,3,True,583,400–600
1,1,True,511,400–600
6,6,True,474,400–600
4,4,True,609,600–800
1,1,True,344,200–400
3,3,True,497,400–600
3,2,False,224,200–400
2,2,True,248,200–400
6,6,True,426,400–600
2,1,False,963,800–1200
2,2,True,352,200–400
4,4,True,353,200–400
1,1,True,432,400–600
6,6,True,555,400–600
1,1,True,434,400–600
2,1,False,322,200–400
1,1,True,81,<200
4,3,False,191,<200
2,2,True,326,200–400
2,2,True,377,200–400
2,2,True,173,<200
3,5,False,255,200–400
3,3,True,157,<200
2,2,True,732,600–800
2,2,True,251,200–400
1,1,True,207,200–400
3,3,True,806,800–1200
6,6,True,822,800–1200
3,3,True,193,<200
2,2,True,273,200–400
6,6,True,872,800–1200
4,4,True,185,<200
1,1,True,937,800–1200
6,6,True,518,400–600
3,3,True,151,<200
2,2,True,203,200–400
2,2,True,340,200–400
1,1,True,496,400–600
2,2,True,160,<200
2,2,True,205,200–400
5,5,True,276,200–400
2,2,True,264,200–400
5,5,True,233,200–400
3,3,True,276,200–400
3,3,True,165,<200
3,2,False,463,400–600
1,1,True,325,200–400
2,2,True,253,200–400
3,3,True,626,600–800
1,6,False,555,400–600
6,6,True,888,800–1200
6,3,False,173,<200
3,1,False,346,200–400
4,2,False,508,400–600
4,4,True,151,<200
1,1,True,284,200–400
2,2,True,299,200–400
2,2,True,1409,>1200
2,2,True,312,200–400
2,2,True,323,200–400
3,3,True,631,600–800
2,2,True,260,200–400
2,2,True,255,200–400
2,2,True,480,400–600
6,6,True,237,200–400
5,6,False,466,400–600
6,6,True,714,600–800
2,2,True,214,200–400
3,3,True,173,<200
2,1,False,512,400–600
1,1,True,500,400–600
2,2,True,450,400–600
2,2,True,249,200–400
3,3,True,189,<200
3,3,True,139,<200
3,1,False,308,200–400
3,3,True,333,200–400
6,6,True,499,400–600
2,2,True,404,400–600
2,2,True,237,200–400
2,2,True,220,200–400
5,5,True,167,<200
3,3,True,146,<200
4,6,False,648,600–800
3,3,True,208,200–400
4,1,False,341,200–400
6,6,True,697,600–800
5,5,True,359,200–400
5,5,True,251,200–400
2,3,False,266,200–400
4,4,True,126,<200
2,2,True,593,400–600
2,2,True,313,200–400
1,1,True,275,200–400
2,3,False,929,800–1200
2,1,False,526,400–600
2,3,False,210,200–400
2,2,True,461,400–600
3,3,True,185,<200
2,3,False,537,400–600
2,2,True,180,<200
3,3,True,657,600–800
3,3,True,151,<200
2,2,True,354,200–400
6,6,True,400,200–400
2,3,False,465,400–600
5,5,True,547,400–600
2,2,True,275,200–400
2,2,True,235,200–400
2,2,True,377,200–400
3,3,True,654,600–800
3,1,False,392,200–400
2,2,True,271,200–400
3,3,True,346,200–400
2,2,True,362,200–400
2,3,False,896,800–1200
3,3,True,406,400–600
1,1,True,309,200–400
5,5,True,510,400–600
2,2,True,153,<200
2,6,False,410,400–600
2,2,True,289,200–400
1,4,False,240,200–400
2,2,True,367,200–400
2,1,False,632,600–800
3,3,True,447,400–600
3,1,False,296,200–400
2,2,True,390,200–400
1,1,True,541,400–600
2,2,True,284,200–400
2,2,True,219,200–400
3,2,False,306,200–400
2,2,True,376,200–400
6,6,True,304,200–400
3,3,True,708,600–800
2,2,True,240,200–400
2,2,True,318,200–400
6,6,True,431,400–600
1,3,False,264,200–400
2,1,False,374,200–400
4,4,True,714,600–800
2,2,True,279,200–400
2,2,True,279,200–400
2,2,True,302,200–400
2,2,True,290,200–400
6,6,True,560,400–600
6,6,True,554,400–600
3,3,True,281,200–400
1,1,True,322,200–400
2,2,True,321,200–400
1,1,True,317,200–400
3,3,True,150,<200
2,3,False,262,200–400
2,6,False,433,400–600
3,2,False,310,200–400
2,1,False,361,200–400
6,6,True,367,200–400
6,6,True,691,600–800
4,4,True,152,<200
3,2,False,1123,800–1200
6,6,True,217,200–400
6,5,False,227,200–400
5,5,True,572,400–600
3,3,True,84,<200
2,2,True,374,200–400
2,2,True,374,200–400
6,6,True,520,400–600
3,3,True,162,<200
1,1,True,353,200–400
6,2,False,265,200–400
6,6,True,489,400–600
2,3,False,278,200–400
6,6,True,544,400–600
4,4,True,451,400–600
2,2,True,263,200–400
2,2,True,319,200–400
6,6,True,430,400–600
1,1,True,448,400–600
3,3,True,388,200–400
1,1,True,703,600–800
1,1,True,567,400–600
3,3,True,407,400–600
1,1,True,517,400–600
1,1,True,205,200–400
4,4,True,297,200–400
3,3,True,474,400–600
2,1,False,542,400–600
6,2,False,1880,>1200
2,2,True,396,200–400
2,4,False,260,200–400
2,3,False,590,400–600
6,6,True,300,200–400
1,1,True,342,200–400
2,2,True,332,200–400
2,2,True,173,<200
2,2,True,484,400–600
2,2,True,336,200–400
2,2,True,363,200–400
2,3,False,850,800–1200
2,2,True,208,200–400
2,2,True,305,200–400
2,2,True,459,400–600
2,6,False,423,400–600
2,2,True,596,400–600
2,2,True,307,200–400
3,3,True,747,600–800
1,4,False,164,<200
2,2,True,312,200–400
1,1,True,529,400–600
1,1,True,282,200–400
3,3,True,644,600–800
1,1,True,273,200–400
6,6,True,436,400–600
1,1,True,426,400–600
3,3,True,201,200–400
6,6,True,283,200–400
5,5,True,491,400–600
3,3,True,257,200–400
3,5,False,249,200–400
2,2,True,208,200–400
3,3,True,333,200–400
3,3,True,147,<200
2,2,True,198,<200
1,1,True,339,200–400
6,1,False,471,400–600
3,3,True,230,200–400
2,2,True,530,400–600
2,1,False,426,400–600
2,3,False,147,<200
2,2,True,349,200–400
2,2,True,224,200–400
2,5,False,389,200–400
2,2,True,272,200–400
2,2,True,143,<200
5,5,True,436,400–600
2,2,True,387,200–400
4,4,True,258,200–400
4,4,True,195,<200
1,1,True,339,200–400
3,3,True,181,<200
6,6,True,461,400–600
4,4,True,320,200–400
2,2,True,857,800–1200
3,3,True,158,<200
4,4,True,468,400–600
2,1,False,350,200–400
2,3,False,454,400–600
6,6,True,481,400–600
1,1,True,403,400–600
2,2,True,170,<200
6,6,True,399,200–400
1,1,True,346,200–400
3,3,True,437,400–600
2,2,True,725,600–800
4,4,True,359,200–400
3,6,False,413,400–600
1,1,True,338,200–400
2,2,True,161,<200
1,1,True,145,<200
3,3,True,341,200–400
6,6,True,652,600–800
2,3,False,284,200–400
6,6,True,686,600–800
2,2,True,727,600–800
1,1,True,386,200–400
1,3,False,624,600–800
2,2,True,239,200–400
6,6,True,552,400–600
3,3,True,1254,>1200
2,1,False,303,200–400
3,2,False,378,200–400
2,2,True,313,200–400
2,2,True,348,200–400
5,5,True,221,200–400
2,1,False,362,200–400
2,2,True,310,200–400
2,2,True,339,200–400
2,1,False,313,200–400
2,2,True,892,800–1200
3,2,False,255,200–400
3,3,True,206,200–400
1,1,True,251,200–400
2,4,False,516,400–600
1,1,True,360,200–400
2,2,True,207,200–400
3,3,True,462,400–600
2,4,False,165,<200
2,2,True,264,200–400
2,2,True,173,<200
3,3,True,121,<200
2,2,True,595,400–600
2,6,False,687,600–800
3,3,True,856,800–1200
4,4,True,205,200–400
6,6,True,482,400–600
2,2,True,397,200–400
2,5,False,280,200–400
5,5,True,167,<200
2,4,False,150,<200
2,2,True,407,400–600
2,2,True,727,600–800
3,3,True,333,200–400
4,4,True,472,400–600
3,3,True,276,200–400
2,2,True,621,600–800
5,5,True,549,400–600
2,2,True,375,200–400
3,3,True,145,<200
3,3,True,594,400–600
6,6,True,554,400–600
2,3,False,233,200–400
2,2,True,482,400–600
2,3,False,143,<200
3,3,True,316,200–400
2,2,True,1383,>1200
3,3,True,3085,>1200
3,3,True,357,200–400
2,2,True,472,400–600
6,6,True,548,400–600
1,1,True,341,200–400
3,3,True,1248,>1200
2,2,True,425,400–600
6,6,True,398,200–400
4,4,True,715,600–800
3,3,True,862,800–1200
6,6,True,476,400–600
1,1,True,453,400–600
2,4,False,289,200–400
1,1,True,314,200–400
4,4,True,158,<200
4,4,True,404,400–600
3,6,False,1156,800–1200
2,2,True,456,400–600
2,2,True,326,200–400
6,6,True,476,400–600
2,2,True,457,400–600
3,3,True,1364,>1200
2,2,True,1408,>1200
3,3,True,511,400–600
4,4,True,344,200–400
3,3,True,348,200–400
5,5,True,371,200–400
5,5,True,265,200–400
1,1,True,329,200–400
2,6,False,393,200–400
1,1,True,351,200–400
2,2,True,386,200–400
2,2,True,386,200–400
2,3,False,439,400–600
4,4,True,219,200–400
1,1,True,340,200–400
6,6,True,228,200–400
6,6,True,489,400–600
3,3,True,647,600–800
3,3,True,783,600–800
2,2,True,952,800–1200
3,4,False,202,200–400
1,6,False,571,400–600
2,2,True,240,200–400
1,6,False,477,400–600
4,4,True,206,200–400
2,2,True,411,400–600
2,2,True,217,200–400
3,3,True,452,400–600
3,3,True,283,200–400
2,1,False,430,400–600
6,6,True,795,600–800
2,2,True,283,200–400
3,3,True,684,600–800
1,1,True,432,400–600
2,2,True,1384,>1200
6,6,True,94,<200
1,1,True,502,400–600
2,2,True,446,400–600
3,1,False,351,200–400
3,3,True,409,400–600
1,1,True,463,400–600
2,4,False,271,200–400
4,4,True,363,200–400
1,1,True,244,200–400
4,1,False,472,400–600
3,3,True,310,200–400
1,1,True,477,400–600
2,2,True,270,200–400
2,2,True,275,200–400
2,2,True,1061,800–1200
2,2,True,545,400–600
2,2,True,595,400–600
2,2,True,285,200–400
1,1,True,424,400–600
2,1,False,479,400–600
2,6,False,541,400–600
1,1,True,359,200–400
2,5,False,373,200–400
2,2,True,159,<200
6,6,True,1060,800–1200
6,6,True,805,800–1200
5,5,True,514,400–600
2,3,False,520,400–600
6,6,True,323,200–400
3,3,True,840,800–1200
2,3,False,456,400–600
3,1,False,349,200–400
1,1,True,181,<200
2,2,True,336,200–400
3,3,True,251,200–400
2,2,True,759,600–800
6,6,True,832,800–1200
2,1,False,596,400–600
4,4,True,163,<200
2,3,False,267,200–400
1,1,True,312,200–400
6,4,False,352,200–400
2,6,False,559,400–600
2,2,True,217,200–400
3,3,True,815,800–1200
4,4,True,153,<200
6,6,True,552,400–600
3,3,True,116,<200
2,2,True,208,200–400
2,2,True,218,200–400
4,4,True,274,200–400
4,4,True,848,800–1200
3,3,True,660,600–800
2,1,False,341,200–400
4,4,True,480,400–600
2,2,True,283,200–400
6,6,True,659,600–800
3,3,True,226,200–400
1,1,True,1401,>1200
1,1,True,482,400–600
3,3,True,400,200–400
3,3,True,232,200–400
6,6,True,347,200–400
5,5,True,276,200–400
2,2,True,414,400–600
2,2,True,843,800–1200
3,3,True,961,800–1200
2,2,True,312,200–400
2,2,True,252,200–400
1,1,True,315,200–400
2,2,True,403,400–600
2,2,True,800,600–800
1,1,True,363,200–400
3,3,True,335,200–400
4,4,True,547,400–600
2,2,True,307,200–400
6,6,True,587,400–600
1,3,False,617,600–800
6,2,False,2242,>1200
2,2,True,608,600–800
2,1,False,452,400–600
2,2,True,231,200–400
4,4,True,168,<200
2,2,True,170,<200
1,1,True,303,200–400
2,2,True,329,200–400
2,2,True,316,200–400
6,6,True,321,200–400
2,1,False,365,200–400
4,4,True,468,400–600
3,1,False,416,400–600
1,1,True,983,800–1200
2,2,True,370,200–400
6,6,True,456,400–600
1,1,True,466,400–600
2,3,False,367,200–400
3,3,True,273,200–400
3,3,True,163,<200
1,1,True,501,400–600
3,3,True,101,<200
3,3,True,238,200–400
2,2,True,449,400–600
6,5,False,432,400–600
3,3,True,248,200–400
3,3,True,205,200–400
2,3,False,297,200–400
6,6,True,342,200–400
3,3,True,331,200–400
3,2,False,551,400–600
3,3,True,234,200–400
3,3,True,152,<200
3,3,True,858,800–1200
1,1,True,258,200–400
3,2,False,365,200–400
2,2,True,272,200–400
1,1,True,525,400–600
6,6,True,304,200–400
5,5,True,489,400–600
2,2,True,423,400–600
6,6,True,566,400–600
3,3,True,884,800–1200
4,4,True,528,400–600
2,2,True,335,200–400
4,4,True,253,200–400
1,1,True,301,200–400
3,3,True,336,200–400
2,2,True,311,200–400
6,2,False,319,200–400
3,3,True,421,400–600
6,6,True,336,200–400
3,3,True,176,<200
3,3,True,197,<200
2,2,True,959,800–1200
2,2,True,212,200–400
2,2,True,354,200–400
2,2,True,351,200–400
2,2,True,271,200–400
4,4,True,432,400–600
4,4,True,466,400–600
2,2,True,353,200–400
2,4,False,140,<200
3,3,True,328,200–400
4,4,True,188,<200
6,5,False,234,200–400
4,4,True,370,200–400
4,4,True,404,400–600
2,2,True,216,200–400
6,6,True,622,600–800
1,1,True,741,600–800
2,1,False,497,400–600
6,6,True,467,400–600
2,2,True,292,200–400
2,1,False,477,400–600
3,3,True,239,200–400
2,2,True,530,400–600
3,3,True,288,200–400
3,3,True,581,400–600
3,3,True,251,200–400
1,1,True,572,400–600
1,1,True,247,200–400
2,2,True,411,400–600
1,1,True,345,200–400
3,2,False,446,400–600
1,1,True,491,400–600
3,6,False,578,400–600
4,4,True,305,200–400
4,4,True,154,<200
2,2,True,405,400–600
3,3,True,260,200–400
4,4,True,92,<200
4,4,True,297,200–400
2,2,True,701,600–800
2,2,True,1409,>1200
6,6,True,432,400–600
6,6,True,288,200–400
2,2,True,604,600–800
3,3,True,467,400–600
3,3,True,322,200–400
2,3,False,248,200–400
4,4,True,431,400–600
6,6,True,327,200–400
3,3,True,185,<200
3,3,True,188,<200
1,1,True,417,400–600
2,2,True,1427,>1200
2,5,False,238,200–400
3,2,False,293,200–400
2,2,True,419,400–600
2,2,True,362,200–400
5,5,True,394,200–400
3,6,False,613,600–800
2,6,False,549,400–600
1,6,False,481,400–600
2,2,True,357,200–400
2,2,True,559,400–600
6,6,True,409,400–600
4,6,False,622,600–800
2,2,True,941,800–1200
2,2,True,306,200–400
6,6,True,422,400–600
3,3,True,224,200–400
6,6,True,880,800–1200
2,2,True,290,200–400
2,1,False,473,400–600
2,2,True,1502,>1200
3,3,True,311,200–400
2,2,True,211,200–400
6,6,True,470,400–600
2,2,True,355,200–400
1,1,True,205,200–400
3,3,True,1043,800–1200
2,2,True,218,200–400
2,2,True,399,200–400
5,4,False,562,400–600
1,1,True,396,200–400
4,4,True,256,200–400
3,3,True,327,200–400
3,3,True,349,200–400
1,1,True,548,400–600
4,4,True,440,400–600
2,1,False,438,400–600
3,3,True,601,600–800
3,3,True,1755,>1200
2,1,False,360,200–400
3,2,False,355,200–400
2,2,True,453,400–600
2,2,True,376,200–400
1,1,True,750,600–800
6,6,True,567,400–600
3,3,True,1113,800–1200
2,2,True,231,200–400
3,3,True,342,200–400
2,2,True,293,200–400
3,1,False,445,400–600
2,3,False,204,200–400
2,6,False,808,800–1200
2,2,True,366,200–400
2,6,False,578,400–600
2,2,True,370,200–400
3,2,False,396,200–400
1,2,False,388,200–400
2,2,True,283,200–400
1,1,True,285,200–400
6,6,True,316,200–400
5,5,True,433,400–600
1,1,True,363,200–400
2,2,True,353,200–400
2,3,False,801,800–1200
2,2,True,324,200–400
1,1,True,486,400–600
3,5,False,269,200–400
5,5,True,451,400–600
2,2,True,363,200–400
3,4,False,443,400–600
2,2,True,210,200–400
6,6,True,464,400–600
1,1,True,254,200–400
2,2,True,345,200–400
2,2,True,233,200–400
1,1,True,351,200–400
1,1,True,419,400–600
2,2,True,241,200–400
2,2,True,1180,800–1200
3,2,False,294,200–400
6,6,True,388,200–400
3,4,False,446,400–600
2,2,True,479,400–600
2,2,True,257,200–400
3,3,True,468,400–600
2,2,True,506,400–600
2,2,True,336,200–400
2,4,False,482,400–600
2,4,False,152,<200
2,2,True,140,<200
3,3,True,379,200–400
4,4,True,716,600–800
6,4,False,289,200–400
2,3,False,469,400–600
5,5,True,246,200–400
3,3,True,195,<200
6,6,True,417,400–600
2,2,True,1358,>1200
3,1,False,242,200–400
2,2,True,244,200–400
3,3,True,170,<200
2,2,True,311,200–400
6,6,True,440,400–600
5,5,True,278,200–400
3,3,True,331,200–400
6,6,True,671,600–800
6,6,True,697,600–800
5,5,True,492,400–600
2,3,False,218,200–400
6,6,True,500,400–600
1,1,True,327,200–400
4,4,True,459,400–600
6,6,True,463,400–600
2,2,True,346,200–400
4,4,True,461,400–600
2,1,False,297,200–400
3,3,True,214,200–400
4,4,True,139,<200
4,4,True,559,400–600
3,3,True,300,200–400
1,1,True,323,200–400
6,6,True,373,200–400
2,2,True,170,<200
4,4,True,258,200–400
2,2,True,248,200–400
3,3,True,355,200–400
2,2,True,183,<200
4,4,True,195,<200
2,3,False,220,200–400
2,3,False,392,200–400
6,6,True,702,600–800
2,4,False,248,200–400
2,2,True,295,200–400
1,1,True,555,400–600
2,2,True,332,200–400
3,3,True,331,200–400
2,2,True,273,200–400
6,6,True,516,400–600
2,1,False,1174,800–1200
2,2,True,314,200–400
1,1,True,341,200–400
2,2,True,211,200–400
2,2,True,288,200–400
2,2,True,304,200–400
1,1,True,493,400–600
4,4,True,554,400–600
2,2,True,556,400–600
1,1,True,756,600–800
3,3,True,475,400–600
2,2,True,284,200–400
2,2,True,221,200–400
1,1,True,663,600–800
3,3,True,148,<200
6,6,True,463,400–600
2,2,True,657,600–800
2,4,False,256,200–400
6,6,True,948,800–1200
6,6,True,539,400–600
1,1,True,308,200–400
6,6,True,876,800–1200
1,5,False,389,200–400
5,5,True,258,200–400
3,3,True,623,600–800
1,1,True,288,200–400
6,6,True,535,400–600
2,2,True,212,200–400
2,2,True,436,400–600
1,1,True,183,<200
6,6,True,593,400–600
2,2,True,216,200–400
2,2,True,520,400–600
4,4,True,210,200–400
1,1,True,324,200–400
2,3,False,335,200–400
3,3,True,325,200–400
4,2,False,200,<200
3,3,True,200,<200
2,2,True,239,200–400
4,4,True,227,200–400
5,5,True,284,200–400
1,1,True,570,400–600
4,4,True,145,<200
2,2,True,429,400–600
2,5,False,231,200–400
3,6,False,422,400–600
4,4,True,354,200–400
6,6,True,430,400–600
6,6,True,522,400–600
2,2,True,148,<200
2,2,True,436,400–600
1,1,True,748,600–800
5,5,True,378,200–400
3,3,True,510,400–600
2,2,True,385,200–400
6,6,True,330,200–400
4,4,True,279,200–400
3,3,True,300,200–400
2,6,False,573,400–600
1,1,True,365,200–400
6,6,True,592,400–600
3,3,True,168,<200
4,4,True,427,400–600
3,3,True,190,<200
2,3,False,1054,800–1200
4,4,True,464,400–600
1,4,False,193,<200
3,2,False,380,200–400
2,2,True,207,200–400
3,2,False,712,600–800
3,3,True,309,200–400
1,1,True,275,200–400
2,2,True,170,<200
2,2,True,219,200–400
2,2,True,243,200–400
3,3,True,76,<200
2,2,True,274,200–400
3,3,True,608,600–800
6,6,True,643,600–800
2,2,True,188,<200
4,4,True,164,<200
3,3,True,204,200–400
3,2,False,353,200–400
4,4,True,163,<200
5,5,True,347,200–400
3,3,True,244,200–400
2,2,True,211,200–400
1,1,True,225,200–400
2,2,True,362,200–400
2,2,True,153,<200
4,4,True,555,400–600
1,1,True,227,200–400
2,2,True,225,200–400
6,6,True,677,600–800
3,4,False,158,<200
6,6,True,345,200–400
2,2,True,2211,>1200
6,6,True,436,400–600
3,3,True,908,800–1200
4,4,True,304,200–400
5,5,True,277,200–400
3,3,True,190,<200
3,3,True,318,200–400
4,3,False,1077,800–1200
2,2,True,620,600–800
1,1,True,325,200–400
4,4,True,245,200–400
6,6,True,539,400–600
3,3,True,881,800–1200
2,6,False,1159,800–1200
3,3,True,421,400–600
4,1,False,528,400–600
2,2,True,332,200–400
3,4,False,258,200–400
2,2,True,328,200–400
6,6,True,967,800–1200
3,3,True,523,400–600
3,6,False,562,400–600
5,5,True,258,200–400
2,2,True,511,400–600
2,2,True,378,200–400
3,1,False,334,200–400
2,2,True,262,200–400
3,3,True,234,200–400
3,3,True,538,400–600
6,6,True,366,200–400
3,3,True,1017,800–1200
3,3,True,569,400–600
4,4,True,301,200–400
6,6,True,874,800–1200
1,3,False,175,<200
3,3,True,191,<200
3,3,True,677,600–800
6,6,True,713,600–800
6,6,True,464,400–600
1,1,True,402,400–600
2,2,True,512,400–600
2,5,False,270,200–400
4,4,True,529,400–600
3,3,True,467,400–600
6,6,True,491,400–600
6,1,False,570,400–600
1,1,True,494,400–600
6,6,True,495,400–600
6,6,True,422,400–600
1,1,True,284,200–400
2,2,True,322,200–400
6,6,True,304,200–400
2,2,True,619,600–800
1,1,True,792,600–800
1,1,True,520,400–600
3,3,True,535,400–600
2,2,True,550,400–600
4,4,True,473,400–600
3,2,False,191,<200
6,6,True,517,400–600
6,6,True,430,400–600
6,6,True,390,200–400
4,4,True,279,200–400
6,6,True,469,400–600
2,2,True,391,200–400
6,6,True,367,200–400
5,5,True,372,200–400
5,5,True,446,400–600
2,2,True,1203,>1200
3,3,True,1080,800–1200
3,2,False,371,200–400
6,6,True,415,400–600
2,2,True,289,200–400
1,1,True,492,400–600
2,2,True,349,200–400
3,3,True,281,200–400
4,4,True,898,800–1200
2,2,True,383,200–400
1,1,True,391,200–400
1,1,True,285,200–400
4,4,True,178,<200
3,3,True,231,200–400
4,4,True,420,400–600
1,1,True,222,200–400
2,2,True,1152,800–1200
1,1,True,407,400–600
1,1,True,1960,>1200
2,3,False,714,600–800
4,4,True,152,<200
2,2,True,292,200–400
2,2,True,901,800–1200
4,4,True,156,<200
3,2,False,354,200–400
2,5,False,280,200–400
5,5,True,351,200–400
3,3,True,361,200–400
3,3,True,599,400–600
5,5,True,303,200–400
2,2,True,1404,>1200
6,6,True,382,200–400
2,1,False,505,400–600
2,2,True,364,200–400
2,2,True,440,400–600
6,6,True,425,400–600
3,3,True,839,800–1200
2,2,True,287,200–400
2,2,True,254,200–400
3,3,True,144,<200
2,3,False,146,<200
2,2,True,206,200–400
3,3,True,548,400–600
3,3,True,169,<200
6,6,True,435,400–600
3,3,True,229,200–400
2,2,True,213,200–400
2,2,True,104,<200
6,6,True,330,200–400
2,2,True,333,200–400
2,2,True,324,200–400
2,2,True,314,200–400
5,5,True,470,400–600
6,3,False,507,400–600
4,4,True,253,200–400
2,2,True,319,200–400
2,3,False,296,200–400
5,2,False,317,200–400
3,3,True,100,<200
2,2,True,194,<200
2,2,True,474,400–600
2,2,True,355,200–400
3,3,True,192,<200
2,2,True,627,600–800
2,6,False,995,800–1200
2,2,True,370,200–400
1,1,True,211,200–400
2,5,False,391,200–400
2,2,True,382,200–400
2,2,True,446,400–600
2,2,True,222,200–400
3,3,True,610,600–800
2,2,True,501,400–600
2,2,True,165,<200
2,2,True,210,200–400
2,5,False,231,200–400
4,4,True,212,200–400
4,4,True,465,400–600
2,2,True,341,200–400
4,4,True,292,200–400
3,3,True,139,<200
4,4,True,216,200–400
1,1,True,200,<200
3,3,True,193,<200
2,2,True,372,200–400
3,2,False,381,200–400
6,1,False,338,200–400
1,1,True,250,200–400
2,2,True,213,200–400
2,2,True,300,200–400
2,2,True,322,200–400
2,2,True,335,200–400
6,6,True,527,400–600
3,3,True,938,800–1200
2,5,False,424,400–600
2,2,True,256,200–400
3,3,True,197,<200
2,2,True,344,200–400
2,2,True,304,200–400
2,2,True,253,200–400
2,2,True,137,<200
2,2,True,279,200–400
2,2,True,635,600–800
2,2,True,327,200–400
3,3,True,927,800–1200
4,6,False,460,400–600
4,4,True,366,200–400
5,5,True,414,400–600
6,6,True,688,600–800
1,1,True,271,200–400
2,6,False,501,400–600
2,2,True,379,200–400
6,6,True,357,200–400
1,6,False,936,800–1200
5,5,True,253,200–400
6,6,True,422,400–600
2,3,False,287,200–400
2,2,True,284,200–400
2,1,False,384,200–400
2,5,False,219,200–400
3,3,True,213,200–400
2,2,True,327,200–400
4,4,True,289,200–400
2,2,True,287,200–400
6,6,True,508,400–600
2,2,True,374,200–400
3,2,False,686,600–800
5,5,True,437,400–600
6,6,True,593,400–600
3,3,True,246,200–400
1,1,True,446,400–600
6,6,True,594,400–600
5,5,True,461,400–600
1,1,True,432,400–600
1,4,False,317,200–400
3,3,True,496,400–600
4,4,True,550,400–600
2,1,False,304,200–400
4,4,True,139,<200
3,3,True,747,600–800
2,3,False,338,200–400
1,1,True,381,200–400
5,5,True,349,200–400
6,5,False,249,200–400
2,2,True,404,400–600
3,3,True,260,200–400
4,2,False,318,200–400
3,3,True,419,400–600
2,2,True,361,200–400
4,4,True,340,200–400
1,3,False,249,200–400
1,1,True,564,400–600
2,1,False,357,200–400
3,1,False,516,400–600
3,3,True,544,400–600
3,5,False,531,400–600
1,1,True,607,600–800
1,1,True,201,200–400
3,1,False,406,400–600
2,2,True,528,400–600
2,2,True,362,200–400
2,6,False,452,400–600
4,4,True,149,<200
4,4,True,507,400–600
2,1,False,456,400–600
2,2,True,402,400–600
6,6,True,434,400–600
3,3,True,421,400–600
3,3,True,318,200–400
4,4,True,201,200–400
1,1,True,220,200–400
4,4,True,152,<200
3,3,True,3112,>1200
2,2,True,322,200–400
2,2,True,317,200–400
2,2,True,388,200–400
6,6,True,934,800–1200
6,6,True,446,400–600
2,1,False,402,400–600
3,3,True,294,200–400
2,2,True,482,400–600
1,1,True,230,200–400
6,6,True,299,200–400
4,4,True,145,<200
5,5,True,194,<200
6,6,True,431,400–600
3,3,True,178,<200
4,4,True,395,200–400
4,4,True,366,200–400
6,6,True,372,200–400
2,2,True,377,200–400
1,1,True,395,200–400
3,6,False,445,400–600
2,2,True,302,200–400
2,2,True,326,200–400
6,3,False,382,200–400
2,2,True,269,200–400
6,6,True,485,400–600
2,2,True,115,<200
3,3,True,156,<200
6,2,False,236,200–400
2,2,True,366,200–400
6,6,True,477,400–600
2,2,True,341,200–400
3,2,False,221,200–400
3,3,True,203,200–400
2,2,True,388,200–400
6,6,True,470,400–600
3,3,True,286,200–400
1,1,True,274,200–400
1,2,False,183,<200
2,2,True,641,600–800
4,4,True,322,200–400
1,1,True,270,200–400
3,3,True,190,<200
1,1,True,334,200–400
2,2,True,983,800–1200
3,3,True,257,200–400
2,4,False,163,<200
3,3,True,387,200–400
2,2,True,304,200–400
3,3,True,604,600–800
6,6,True,430,400–600
2,2,True,278,200–400
2,2,True,234,200–400
6,6,True,98,<200
2,2,True,318,200–400
1,1,True,353,200–400
2,2,True,1391,>1200
2,2,True,368,200–400
2,2,True,312,200–400
4,4,True,151,<200
3,2,False,309,200–400
2,2,True,243,200–400
3,3,True,445,400–600
3,3,True,419,400–600
2,2,True,356,200–400
1,1,True,368,200–400
3,1,False,321,200–400
2,1,False,505,400–600
3,2,False,235,200–400
2,1,False,575,400–600
1,1,True,522,400–600
3,4,False,287,200–400
3,6,False,415,400–600
3,1,False,501,400–600
6,6,True,556,400–600
6,3,False,587,400–600
3,3,True,400,200–400
1,1,True,734,600–800
1,1,True,420,400–600
2,2,True,375,200–400
3,3,True,370,200–400
4,4,True,633,600–800
1,1,True,580,400–600
2,3,False,64,<200
2,5,False,250,200–400
6,6,True,425,400–600
3,3,True,571,400–600
6,6,True,804,800–1200
3,3,True,232,200–400
2,2,True,420,400–600
6,6,True,428,400–600
2,1,False,323,200–400
2,2,True,660,600–800
2,2,True,658,600–800
1,1,True,285,200–400
1,1,True,417,400–600
3,3,True,164,<200
2,2,True,209,200–400
1,1,True,386,200–400
2,2,True,223,200–400
1,3,False,232,200–400
2,2,True,211,200–400
1,1,True,340,200–400
3,3,True,134,<200
3,3,True,494,400–600
2,2,True,355,200–400
2,4,False,287,200–400
4,4,True,161,<200
4,4,True,297,200–400
5,5,True,359,200–400
6,6,True,338,200–400
2,2,True,163,<200
4,3,False,702,600–800
2,2,True,209,200–400
2,2,True,746,600–800
6,6,True,491,400–600
3,3,True,149,<200
2,2,True,396,200–400
2,2,True,198,<200
2,2,True,214,200–400
6,6,True,873,800–1200
4,4,True,269,200–400
1,1,True,279,200–400
3,1,False,404,400–600
2,2,True,515,400–600
2,2,True,370,200–400
3,3,True,154,<200
1,1,True,154,<200
2,2,True,358,200–400
3,3,True,186,<200
6,6,True,502,400–600
5,4,False,228,200–400
4,4,True,612,600–800
2,2,True,1377,>1200
3,1,False,308,200–400
1,1,True,315,200–400
2,2,True,371,200–400
1,1,True,314,200–400
6,6,True,472,400–600
2,6,False,791,600–800
2,2,True,629,600–800
5,5,True,459,400–600
4,4,True,208,200–400
4,4,True,576,400–600
3,3,True,143,<200
6,6,True,951,800–1200
2,2,True,1066,800–1200
1,1,True,201,200–400
6,6,True,525,400–600
5,5,True,436,400–600
2,2,True,324,200–400
3,3,True,498,400–600
2,2,True,211,200–400
2,1,False,337,200–400
2,6,False,520,400–600
6,6,True,1099,800–1200
2,2,True,301,200–400
2,4,False,285,200–400
1,2,False,376,200–400
3,3,True,139,<200
2,2,True,152,<200
5,5,True,275,200–400
4,4,True,343,200–400
3,1,False,310,200–400
2,2,True,444,400–600
1,1,True,339,200–400
6,1,False,537,400–600
1,2,False,948,800–1200
3,3,True,591,400–600
2,2,True,401,400–600
1,1,True,379,200–400
5,5,True,230,200–400
2,2,True,360,200–400
2,6,False,365,200–400
2,2,True,370,200–400
2,2,True,126,<200
6,6,True,590,400–600
2,2,True,704,600–800
2,2,True,1381,>1200
2,4,False,287,200–400
3,3,True,109,<200
2,2,True,413,400–600
2,2,True,401,400–600
3,3,True,223,200–400
2,2,True,214,200–400
2,2,True,365,200–400
3,3,True,531,400–600
2,1,False,471,400–600
2,2,True,757,600–800
3,3,True,220,200–400
2,2,True,223,200–400
5,5,True,248,200–400
1,1,True,522,400–600
1,1,True,492,400–600
6,6,True,447,400–600
2,3,False,258,200–400
4,4,True,260,200–400
2,2,True,389,200–400
2,2,True,513,400–600
5,5,True,491,400–600
6,6,True,887,800–1200
2,6,False,476,400–600
2,2,True,451,400–600
3,3,True,343,200–400
2,5,False,279,200–400
2,3,False,1153,800–1200
6,6,True,590,400–600
2,2,True,640,600–800
5,5,True,285,200–400
2,2,True,185,<200
2,2,True,686,600–800
1,1,True,79,<200
3,3,True,756,600–800
6,6,True,610,600–800
2,2,True,311,200–400
2,2,True,262,200–400
2,2,True,545,400–600
3,3,True,260,200–400
2,2,True,262,200–400
2,2,True,499,400–600
2,2,True,223,200–400
3,5,False,286,200–400
6,6,True,468,400–600
2,2,True,318,200–400
3,3,True,514,400–600
3,1,False,359,200–400
3,3,True,131,<200
3,3,True,204,200–400
3,3,True,271,200–400
3,1,False,412,400–600
6,2,False,414,400–600
2,2,True,332,200–400
3,3,True,183,<200
1,1,True,425,400–600
5,5,True,418,400–600
3,1,False,388,200–400
2,2,True,103,<200
3,6,False,465,400–600
2,2,True,572,400–600
1,1,True,535,400–600
1,1,True,723,600–800
1,1,True,336,200–400
3,6,False,581,400–600
2,2,True,367,200–400
2,2,True,388,200–400
4,4,True,554,400–600
2,2,True,274,200–400
5,4,False,176,<200
2,2,True,323,200–400
2,2,True,194,<200
3,2,False,193,<200
2,2,True,356,200–400
1,1,True,312,200–400
2,2,True,156,<200
2,2,True,493,400–600
3,5,False,322,200–400
3,3,True,309,200–400
2,2,True,917,800–1200
3,3,True,171,<200
3,3,True,289,200–400
6,6,True,874,800–1200
1,1,True,167,<200
2,2,True,625,600–800
3,3,True,269,200–400
2,2,True,308,200–400
1,1,True,376,200–400
1,1,True,497,400–600
6,6,True,385,200–400
3,3,True,272,200–400
5,2,False,402,400–600
1,1,True,273,200–400
2,1,False,306,200–400
6,1,False,341,200–400
1,3,False,197,<200
3,4,False,295,200–400
2,6,False,547,400–600
2,2,True,349,200–400
2,2,True,149,<200
2,2,True,106,<200
2,5,False,209,200–400
2,2,True,159,<200
1,1,True,480,400–600
2,2,True,622,600–800
2,2,True,188,<200
3,2,False,253,200–400
2,2,True,1336,>1200
3,2,False,381,200–400
2,2,True,316,200–400
2,2,True,319,200–400
2,2,True,314,200–400
2,2,True,209,200–400
2,2,True,246,200–400
2,2,True,1349,>1200
6,6,True,689,600–800
5,3,False,3587,>1200
2,2,True,373,200–400
1,1,True,272,200–400
3,3,True,341,200–400
3,3,True,193,<200
1,1,True,250,200–400
2,3,False,207,200–400
1,1,True,375,200–400
3,3,True,327,200–400
2,2,True,234,200–400
2,2,True,288,200–400
2,2,True,155,<200
1,1,True,335,200–400
2,2,True,307,200–400
1,1,True,429,400–600
2,2,True,160,<200
2,2,True,373,200–400
3,1,False,462,400–600
3,3,True,540,400–600
3,3,True,3018,>1200
5,5,True,427,400–600
2,2,True,712,600–800
3,3,True,110,<200
1,1,True,279,200–400
6,5,False,273,200–400
1,1,True,684,600–800
6,6,True,842,800–1200
2,2,True,291,200–400
2,2,True,912,800–1200
1,6,False,400,200–400
3,3,True,149,<200
2,2,True,278,200–400
3,3,True,425,400–600
5,5,True,349,200–400
2,2,True,436,400–600
2,2,True,593,400–600
6,6,True,418,400–600
3,3,True,264,200–400
2,2,True,719,600–800
3,3,True,695,600–800
1,1,True,349,200–400
2,2,True,1096,800–1200
3,3,True,231,200–400
2,3,False,1637,>1200
2,6,False,1671,>1200
2,2,True,544,400–600
1,1,True,408,400–600
1,1,True,393,200–400
2,2,True,333,200–400
1,2,False,305,200–400
2,1,False,358,200–400
5,5,True,432,400–600
2,2,True,458,400–600
3,3,True,403,400–600
2,2,True,295,200–400
3,3,True,154,<200
2,1,False,358,200–400
2,2,True,242,200–400
3,5,False,254,200–400
2,2,True,412,400–600
1,1,True,321,200–400
2,1,False,380,200–400
2,2,True,367,200–400
3,4,False,199,<200
1,3,False,361,200–400
2,1,False,487,400–600
1,1,True,748,600–800
2,2,True,435,400–600
2,3,False,221,200–400
2,1,False,412,400–600
6,6,True,470,400–600
2,2,True,402,400–600
3,3,True,179,<200
5,1,False,486,400–600
3,3,True,190,<200
3,1,False,451,400–600
2,6,False,607,600–800
1,1,True,345,200–400
2,2,True,478,400–600
2,6,False,363,200–400
4,4,True,253,200–400
6,3,False,276,200–400
5,1,False,353,200–400
3,2,False,307,200–400
2,2,True,259,200–400
2,2,True,309,200–400
2,2,True,160,<200
5,5,True,440,400–600
2,2,True,214,200–400
3,2,False,445,400–600
3,3,True,235,200–400
3,3,True,391,200–400
3,6,False,367,200–400
3,3,True,305,200–400
5,5,True,108,<200
2,2,True,329,200–400
2,2,True,779,600–800
6,6,True,691,600–800
4,4,True,267,200–400
3,3,True,188,<200
2,2,True,345,200–400
3,3,True,584,400–600
1,1,True,549,400–600
3,3,True,513,400–600
1,1,True,760,600–800
1,1,True,181,<200
3,3,True,639,600–800
1,1,True,519,400–600
6,6,True,447,400–600
2,2,True,731,600–800
5,5,True,330,200–400
1,1,True,288,200–400
3,3,True,338,200–400
6,6,True,380,200–400
2,2,True,519,400–600
1,1,True,862,800–1200
4,4,True,494,400–600
2,2,True,342,200–400
3,3,True,311,200–400
3,3,True,523,400–600
2,4,False,230,200–400
2,2,True,291,200–400
1,1,True,2194,>1200
6,6,True,1028,800–1200
1,1,True,497,400–600
6,6,True,507,400–600
3,3,True,203,200–400
3,2,False,407,400–600
3,3,True,749,600–800
2,2,True,328,200–400
3,3,True,192,<200
3,3,True,272,200–400
5,1,False,504,400–600
6,6,True,430,400–600
2,2,True,341,200–400
3,2,False,847,800–1200
6,3,False,256,200–400
2,2,True,300,200–400
2,2,True,314,200–400
5,5,True,469,400–600
3,3,True,329,200–400
3,3,True,191,<200
6,6,True,331,200–400
2,2,True,178,<200
6,6,True,224,200–400
2,2,True,275,200–400
3,3,True,309,200–400
4,4,True,361,200–400
6,6,True,457,400–600
2,2,True,361,200–400
6,6,True,432,400–600
2,2,True,181,<200
6,1,False,337,200–400
5,5,True,426,400–600
3,3,True,151,<200
6,6,True,423,400–600
6,6,True,585,400–600
2,2,True,175,<200
3,1,False,446,400–600
2,3,False,1255,>1200
3,2,False,302,200–400
2,2,True,213,200–400
4,4,True,517,400–600
2,2,True,178,<200
6,6,True,594,400–600
3,2,False,1324,>1200
2,2,True,289,200–400
1,1,True,379,200–400
1,1,True,500,400–600
2,2,True,360,200–400
2,2,True,222,200–400
3,3,True,329,200–400
3,3,True,468,400–600
5,5,True,374,200–400
5,5,True,228,200–400
2,2,True,822,800–1200
3,1,False,382,200–400
6,6,True,244,200–400
1,1,True,343,200–400
2,2,True,445,400–600
3,3,True,309,200–400
2,2,True,450,400–600
3,3,True,500,400–600
3,3,True,230,200–400
1,2,False,248,200–400
2,3,False,214,200–400
3,3,True,448,400–600
6,6,True,554,400–600
3,3,True,1221,>1200
3,3,True,363,200–400
5,5,True,314,200–400
2,2,True,221,200–400
6,6,True,518,400–600
2,2,True,268,200–400
3,1,False,497,400–600
1,1,True,653,600–800
1,5,False,401,400–600
6,6,True,945,800–1200
2,2,True,309,200–400
4,4,True,631,600–800
2,2,True,399,200–400
4,3,False,186,<200
6,6,True,480,400–600
6,6,True,375,200–400
2,2,True,140,<200
4,4,True,220,200–400
2,1,False,318,200–400
2,2,True,346,200–400
2,2,True,251,200–400
4,4,True,246,200–400
6,6,True,318,200–400
3,3,True,856,800–1200
2,6,False,416,400–600
2,2,True,413,400–600
2,2,True,318,200–400
3,3,True,194,<200
2,2,True,191,<200
1,1,True,321,200–400
2,2,True,354,200–400
2,2,True,283,200–400
1,1,True,593,400–600
4,4,True,289,200–400
1,1,True,323,200–400
2,2,True,137,<200
2,2,True,314,200–400
6,6,True,808,800–1200
3,3,True,160,<200
5,5,True,228,200–400
6,1,False,317,200–400
2,2,True,336,200–400
1,1,True,217,200–400
3,3,True,153,<200
4,4,True,160,<200
2,2,True,501,400–600
3,3,True,100,<200
3,3,True,179,<200
2,1,False,953,800–1200
3,3,True,612,600–800
1,1,True,358,200–400
2,2,True,257,200–400
1,4,False,269,200–400
6,1,False,366,200–400
6,6,True,491,400–600
1,1,True,370,200–400
5,5,True,821,800–1200
6,6,True,95,<200
2,2,True,442,400–600
2,2,True,595,400–600
4,4,True,426,400–600
3,3,True,127,<200
5,5,True,246,200–400
2,2,True,368,200–400
1,1,True,333,200–400
2,2,True,566,400–600
2,3,False,164,<200
4,4,True,350,200–400
5,5,True,301,200–400
3,3,True,207,200–400
2,2,True,162,<200
6,6,True,580,400–600
2,2,True,268,200–400
1,1,True,518,400–600
2,2,True,397,200–400
2,2,True,480,400–600
2,2,True,253,200–400
2,2,True,373,200–400
3,3,True,1561,>1200
3,3,True,407,400–600
5,5,True,224,200–400
2,2,True,286,200–400
5,5,True,252,200–400
2,2,True,316,200–400
2,2,True,268,200–400
6,6,True,315,200–400
5,5,True,445,400–600
4,4,True,539,400–600
5,5,True,230,200–400
1,1,True,372,200–400
1,1,True,348,200–400
6,6,True,95,<200
2,4,False,266,200–400
3,3,True,636,600–800
5,5,True,427,400–600
1,1,True,428,400–600
2,2,True,138,<200
2,2,True,328,200–400
4,4,True,388,200–400
2,2,True,351,200–400
4,4,True,169,<200
2,1,False,725,600–800
2,5,False,252,200–400
2,1,False,351,200–400
2,2,True,573,400–600
2,2,True,370,200–400
4,4,True,160,<200
1,1,True,474,400–600
1,1,True,329,200–400
2,2,True,369,200–400
6,6,True,313,200–400
2,2,True,2441,>1200
3,3,True,379,200–400
4,4,True,367,200–400
6,6,True,102,<200
3,3,True,856,800–1200
3,3,True,561,400–600
2,2,True,372,200–400
2,2,True,454,400–600
3,3,True,737,600–800
2,1,False,530,400–600
1,1,True,756,600–800
2,2,True,309,200–400
2,2,True,182,<200
2,2,True,319,200–400
1,3,False,665,600–800
4,4,True,229,200–400
4,4,True,157,<200
6,6,True,571,400–600
3,3,True,155,<200
6,6,True,514,400–600
6,3,False,340,200–400
2,5,False,158,<200
3,3,True,1382,>1200
6,6,True,338,200–400
6,3,False,494,400–600
3,1,False,406,400–600
5,5,True,106,<200
2,6,False,547,400–600
4,3,False,238,200–400
6,6,True,461,400–600
3,2,False,211,200–400
1,1,True,489,400–600
6,6,True,424,400–600
6,6,True,432,400–600
5,5,True,443,400–600
3,3,True,268,200–400
2,2,True,426,400–600
2,2,True,94,<200
2,5,False,240,200–400
5,5,True,255,200–400
3,3,True,379,200–400
1,1,True,501,400–600
2,2,True,410,400–600
4,4,True,212,200–400
3,3,True,890,800–1200
6,6,True,499,400–600
2,2,True,336,200–400
2,2,True,417,400–600
5,5,True,445,400–600
3,3,True,264,200–400
2,2,True,308,200–400
3,3,True,545,400–600
2,5,False,411,400–600
2,2,True,369,200–400
2,2,True,765,600–800
3,3,True,440,400–600
3,3,True,311,200–400
3,3,True,570,400–600
4,4,True,362,200–400
4,4,True,510,400–600
2,2,True,306,200–400
2,2,True,130,<200
3,3,True,190,<200
2,2,True,321,200–400
3,1,False,322,200–400
2,3,False,454,400–600
1,3,False,809,800–1200
3,3,True,192,<200
2,2,True,343,200–400
3,3,True,463,400–600
1,1,True,250,200–400
6,6,True,404,400–600
2,2,True,241,200–400
2,2,True,363,200–400
6,6,True,739,600–800
1,4,False,452,400–600
3,3,True,294,200–400
2,2,True,481,400–600
1,6,False,472,400–600
1,3,False,533,400–600
6,6,True,487,400–600
2,2,True,508,400–600
3,3,True,227,200–400
3,3,True,289,200–400
3,1,False,331,200–400
2,1,False,428,400–600
6,6,True,424,400–600
2,2,True,311,200–400
3,5,False,219,200–400
2,2,True,256,200–400
6,6,True,511,400–600
3,3,True,311,200–400
2,3,False,661,600–800
4,4,True,225,200–400
3,1,False,519,400–600
3,3,True,524,400–600
1,1,True,488,400–600
3,1,False,513,400–600
2,2,True,247,200–400
6,6,True,235,200–400
3,3,True,236,200–400
2,2,True,1343,>1200
2,1,False,331,200–400
3,1,False,324,200–400
2,6,False,517,400–600
3,3,True,80,<200
2,2,True,198,<200
1,1,True,902,800–1200
2,3,False,191,<200
2,2,True,567,400–600
1,5,False,221,200–400
3,3,True,699,600–800
6,6,True,427,400–600
2,2,True,308,200–400
4,4,True,715,600–800
5,5,True,366,200–400
3,2,False,402,400–600
1,2,False,546,400–600
3,3,True,282,200–400
1,1,True,224,200–400
3,2,False,1079,800–1200
3,3,True,317,200–400
3,3,True,271,200–400
2,1,False,363,200–400
4,4,True,413,400–600
3,3,True,293,200–400
3,3,True,323,200–400
4,4,True,272,200–400
2,3,False,334,200–400
6,2,False,234,200–400
1,1,True,356,200–400
3,3,True,139,<200
6,6,True,598,400–600
2,2,True,175,<200
2,2,True,369,200–400
2,1,False,335,200–400
2,2,True,348,200–400
1,1,True,331,200–400
6,6,True,437,400–600
2,2,True,309,200–400
5,5,True,424,400–600
6,6,True,479,400–600
3,3,True,127,<200
2,1,False,319,200–400
3,3,True,669,600–800
4,3,False,690,600–800
3,3,True,470,400–600
3,3,True,180,<200
2,5,False,1792,>1200
2,2,True,320,200–400
3,3,True,227,200–400
1,1,True,385,200–400
3,5,False,438,400–600
2,2,True,316,200–400
4,2,False,238,200–400
2,2,True,301,200–400
1,2,False,186,<200
3,3,True,501,400–600
1,1,True,155,<200
2,2,True,403,400–600
2,2,True,363,200–400
2,1,False,424,400–600
1,1,True,235,200–400
4,4,True,159,<200
2,3,False,551,400–600
3,3,True,124,<200
2,3,False,316,200–400
2,3,False,192,<200
4,4,True,355,200–400
2,2,True,367,200–400
5,5,True,261,200–400
4,4,True,557,400–600
6,6,True,1112,800–1200
2,2,True,296,200–400
4,4,True,94,<200
2,3,False,700,600–800
2,2,True,351,200–400
6,6,True,303,200–400
6,6,True,556,400–600
3,3,True,782,600–800
2,2,True,701,600–800
3,3,True,150,<200
5,4,False,161,<200
3,3,True,455,400–600
3,4,False,157,<200
2,2,True,407,400–600
1,1,True,396,200–400
2,2,True,242,200–400
3,1,False,595,400–600
2,2,True,387,200–400
1,1,True,287,200–400
1,1,True,493,400–600
2,2,True,314,200–400
3,3,True,456,400–600
5,5,True,438,400–600
6,2,False,1396,>1200
3,2,False,585,400–600
2,2,True,517,400–600
6,6,True,539,400–600
1,1,True,318,200–400
1,1,True,332,200–400
2,2,True,74,<200
2,1,False,480,400–600
2,2,True,318,200–400
1,1,True,285,200–400
5,5,True,256,200–400
6,6,True,675,600–800
4,4,True,396,200–400
2,2,True,250,200–400
6,3,False,875,800–1200
1,1,True,533,400–600
3,3,True,252,200–400
6,6,True,371,200–400
2,3,False,985,800–1200
6,6,True,299,200–400
3,3,True,350,200–400
2,2,True,430,400–600
2,2,True,411,400–600
2,2,True,615,600–800
1,1,True,342,200–400
3,3,True,128,<200
2,2,True,429,400–600
2,3,False,711,600–800
4,4,True,346,200–400
5,3,False,440,400–600
2,2,True,375,200–400
4,4,True,156,<200
1,1,True,224,200–400
4,4,True,137,<200
2,3,False,201,200–400
6,6,True,423,400–600
6,6,True,416,400–600
2,2,True,172,<200
2,2,True,478,400–600
2,2,True,430,400–600
1,1,True,365,200–400
1,1,True,215,200–400
6,6,True,477,400–600
3,4,False,186,<200
2,3,False,566,400–600
3,3,True,432,400–600
3,3,True,469,400–600
1,1,True,142,<200
2,3,False,797,600–800
2,2,True,295,200–400
6,6,True,513,400–600
3,2,False,334,200–400
6,6,True,881,800–1200
1,1,True,143,<200
2,2,True,398,200–400
3,3,True,334,200–400
2,3,False,236,200–400
3,3,True,462,400–600
5,2,False,227,200–400
2,2,True,589,400–600
3,3,True,228,200–400
6,6,True,577,400–600
3,3,True,176,<200
2,2,True,739,600–800
2,5,False,372,200–400
3,3,True,318,200–400
3,3,True,160,<200
6,6,True,432,400–600
6,6,True,482,400–600
2,2,True,356,200–400
3,3,True,215,200–400
2,2,True,301,200–400
4,4,True,228,200–400
3,3,True,85,<200
2,2,True,295,200–400
1,1,True,492,400–600
1,1,True,558,400–600
4,4,True,147,<200
2,2,True,283,200–400
1,4,False,203,200–400
2,2,True,400,200–400
3,3,True,213,200–400
2,2,True,1368,>1200
3,3,True,253,200–400
2,3,False,219,200–400
5,5,True,134,<200
2,2,True,294,200–400
5,5,True,514,400–600
4,3,False,261,200–400
2,2,True,274,200–400
3,3,True,249,200–400
1,1,True,210,200–400
6,6,True,500,400–600
5,1,False,303,200–400
5,5,True,261,200–400
4,4,True,128,<200
6,6,True,438,400–600
2,3,False,729,600–800
6,6,True,525,400–600
2,2,True,218,200–400
3,3,True,506,400–600
3,3,True,793,600–800
2,2,True,416,400–600
5,5,True,245,200–400
3,3,True,863,800–1200
1,1,True,549,400–600
1,1,True,292,200–400
1,2,False,476,400–600
2,2,True,1008,800–1200
3,3,True,445,400–600
3,3,True,188,<200
6,6,True,460,400–600
5,3,False,187,<200
3,3,True,663,600–800
2,2,True,301,200–400
3,3,True,119,<200
2,2,True,1366,>1200
2,2,True,315,200–400
4,4,True,428,400–600
5,2,False,283,200–400
5,5,True,442,400–600
2,2,True,2183,>1200
3,3,True,161,<200
1,1,True,723,600–800
2,2,True,236,200–400
2,2,True,685,600–800
2,3,False,232,200–400
2,2,True,1201,>1200
3,3,True,297,200–400
6,6,True,433,400–600
6,6,True,576,400–600
2,2,True,312,200–400
1,1,True,286,200–400
3,3,True,650,600–800
1,1,True,336,200–400
2,2,True,304,200–400
5,4,False,119,<200
2,2,True,190,<200
2,2,True,259,200–400
2,2,True,601,600–800
3,1,False,298,200–400
1,1,True,520,400–600
1,1,True,292,200–400
5,3,False,898,800–1200
2,2,True,484,400–600
2,2,True,394,200–400
2,2,True,201,200–400
1,2,False,590,400–600
1,1,True,491,400–600
2,2,True,358,200–400
2,2,True,221,200–400
6,6,True,660,600–800
2,2,True,359,200–400
6,6,True,937,800–1200
4,4,True,289,200–400
2,2,True,354,200–400
2,3,False,119,<200
4,4,True,397,200–400
1,6,False,478,400–600
2,6,False,584,400–600
3,3,True,203,200–400
5,5,True,208,200–400
5,5,True,738,600–800
6,6,True,1162,800–1200
1,1,True,251,200–400
6,6,True,95,<200
3,3,True,441,400–600
1,1,True,326,200–400
2,2,True,307,200–400
2,2,True,239,200–400
3,3,True,534,400–600
4,4,True,225,200–400
5,5,True,258,200–400
2,2,True,430,400–600
5,5,True,427,400–600
2,1,False,344,200–400
2,2,True,570,400–600
2,2,True,250,200–400
3,3,True,623,600–800
2,2,True,207,200–400
1,2,False,306,200–400
2,2,True,185,<200
3,3,True,197,<200
2,2,True,236,200–400
3,5,False,273,200–400
5,5,True,449,400–600
3,3,True,145,<200
2,2,True,328,200–400
3,3,True,176,<200
2,5,False,241,200–400
2,2,True,229,200–400
3,3,True,428,400–600
1,1,True,289,200–400
2,2,True,352,200–400
2,2,True,374,200–400
3,2,False,992,800–1200
1,1,True,341,200–400
1,1,True,487,400–600
3,3,True,200,<200
1,1,True,128,<200
2,4,False,183,<200
3,3,True,783,600–800
2,2,True,963,800–1200
4,4,True,635,600–800
3,1,False,494,400–600
2,2,True,410,400–600
4,4,True,123,<200
4,5,False,247,200–400
3,3,True,168,<200
2,6,False,401,400–600
2,2,True,337,200–400
2,2,True,316,200–400
6,6,True,387,200–400
2,2,True,182,<200
1,1,True,318,200–400
4,4,True,330,200–400
5,5,True,293,200–400
4,4,True,486,400–600
2,2,True,344,200–400
3,3,True,360,200–400
3,3,True,135,<200
4,4,True,364,200–400
2,2,True,181,<200
5,5,True,714,600–800
1,1,True,489,400–600
6,6,True,538,400–600
2,2,True,438,400–600
5,5,True,524,400–600
1,1,True,321,200–400
3,3,True,248,200–400
2,2,True,500,400–600
5,5,True,246,200–400
4,4,True,268,200–400
2,2,True,332,200–400
3,1,False,393,200–400
2,5,False,217,200–400
1,3,False,171,<200
2,2,True,311,200–400
1,1,True,284,200–400
1,1,True,328,200–400
2,2,True,156,<200
3,3,True,151,<200
3,3,True,407,400–600
5,5,True,455,400–600
3,3,True,602,600–800
3,3,True,343,200–400
2,3,False,402,400–600
3,3,True,563,400–600
1,1,True,333,200–400
2,2,True,271,200–400
1,1,True,490,400–600
4,4,True,223,200–400
2,2,True,497,400–600
2,2,True,566,400–600
2,3,False,515,400–600
2,2,True,383,200–400
3,3,True,747,600–800
2,2,True,297,200–400
4,4,True,319,200–400
3,3,True,692,600–800
3,3,True,609,600–800
3,3,True,607,600–800
2,2,True,434,400–600
1,1,True,273,200–400
3,2,False,321,200–400
2,2,True,345,200–400
2,4,False,256,200–400
2,2,True,411,400–600
3,3,True,232,200–400
1,1,True,189,<200
3,3,True,181,<200
2,3,False,960,800–1200
3,5,False,418,400–600
3,3,True,193,<200
3,3,True,660,600–800
1,2,False,338,200–400
2,2,True,338,200–400
3,3,True,273,200–400
5,5,True,419,400–600
3,3,True,115,<200
4,4,True,605,600–800
1,1,True,302,200–400
2,2,True,244,200–400
2,2,True,296,200–400
2,1,False,534,400–600
5,3,False,82,<200
2,4,False,288,200–400
1,1,True,726,600–800
6,6,True,430,400–600
3,3,True,287,200–400
1,1,True,111,<200
3,3,True,275,200–400
2,2,True,397,200–400
2,2,True,313,200–400
2,2,True,419,400–600
2,2,True,400,200–400
3,3,True,237,200–400
2,4,False,449,400–600
3,3,True,1374,>1200
3,3,True,122,<200
3,3,True,399,200–400
2,1,False,407,400–600
2,2,True,364,200–400
3,3,True,232,200–400
2,5,False,223,200–400
6,1,False,561,400–600
3,5,False,268,200–400
4,4,True,431,400–600
1,1,True,417,400–600
3,2,False,833,800–1200
4,4,True,157,<200
3,3,True,201,200–400
2,2,True,320,200–400
4,4,True,557,400–600
4,5,False,258,200–400
2,2,True,168,<200
3,3,True,194,<200
3,3,True,361,200–400
1,1,True,364,200–400
3,3,True,229,200–400
1,1,True,489,400–600
1,5,False,273,200–400
2,2,True,364,200–400
5,5,True,170,<200
6,6,True,424,400–600
2,2,True,151,<200
2,2,True,143,<200
1,1,True,1031,800–1200
2,2,True,302,200–400
3,3,True,149,<200
3,3,True,204,200–400
2,2,True,1021,800–1200
4,4,True,384,200–400
3,3,True,213,200–400
3,3,True,1054,800–1200
6,6,True,283,200–400
1,3,False,254,200–400
2,2,True,308,200–400
2,2,True,239,200–400
2,2,True,199,<200
1,1,True,489,400–600
3,3,True,128,<200
2,3,False,471,400–600
6,6,True,387,200–400
2,2,True,178,<200
3,2,False,1040,800–1200
4,4,True,550,400–600
2,2,True,398,200–400
2,2,True,294,200–400
3,2,False,232,200–400
2,2,True,479,400–600
3,3,True,251,200–400
3,2,False,529,400–600
5,5,True,284,200–400
1,1,True,279,200–400
2,2,True,976,800–1200
2,2,True,269,200–400
3,3,True,460,400–600
2,3,False,687,600–800
1,2,False,420,400–600
5,5,True,61,<200
3,2,False,335,200–400
3,3,True,375,200–400
5,5,True,248,200–400
4,3,False,624,600–800
1,1,True,565,400–600
2,2,True,211,200–400
2,2,True,750,600–800
5,5,True,248,200–400
3,3,True,401,400–600
1,1,True,395,200–400
2,2,True,5537,>1200
2,1,False,474,400–600
3,3,True,420,400–600
3,2,False,1151,800–1200
1,1,True,463,400–600
3,2,False,220,200–400
5,5,True,472,400–600
6,6,True,500,400–600
6,3,False,231,200–400
5,2,False,324,200–400
6,6,True,525,400–600
2,2,True,429,400–600
1,1,True,492,400–600
1,1,True,324,200–400
3,2,False,725,600–800
1,1,True,463,400–600
6,6,True,416,400–600
2,2,True,319,200–400
3,3,True,196,<200
3,3,True,223,200–400
4,1,False,777,600–800
2,3,False,205,200–400
2,3,False,154,<200
2,5,False,287,200–400
3,3,True,191,<200
6,6,True,339,200–400
3,4,False,278,200–400
2,5,False,229,200–400
2,5,False,567,400–600
2,2,True,535,400–600
2,2,True,322,200–400
6,6,True,649,600–800
2,2,True,439,400–600
2,2,True,269,200–400
2,2,True,453,400–600
2,2,True,200,<200
4,4,True,287,200–400
6,6,True,650,600–800
1,1,True,339,200–400
3,3,True,656,600–800
1,1,True,421,400–600
3,3,True,334,200–400
6,6,True,235,200–400
2,2,True,196,<200
2,2,True,236,200–400
2,2,True,365,200–400
2,2,True,216,200–400
1,1,True,1022,800–1200
3,2,False,568,400–600
1,1,True,370,200–400
6,6,True,587,400–600
2,5,False,187,<200
2,2,True,259,200–400
5,5,True,264,200–400
6,6,True,595,400–600
1,1,True,492,400–600
6,6,True,679,600–800
3,3,True,253,200–400
2,2,True,293,200–400
2,2,True,367,200–400
6,6,True,465,400–600
4,4,True,252,200–400
3,3,True,276,200–400
4,4,True,458,400–600
1,1,True,750,600–800
3,6,False,846,800–1200
3,3,True,505,400–600
3,3,True,232,200–400
6,6,True,652,600–800
1,1,True,517,400–600
6,6,True,648,600–800
3,3,True,184,<200
2,1,False,392,200–400
3,3,True,263,200–400
1,2,False,272,200–400
1,1,True,505,400–600
4,2,False,356,200–400
2,2,True,295,200–400
2,2,True,2166,>1200
2,2,True,304,200–400
6,6,True,424,400–600
2,2,True,216,200–400
2,5,False,317,200–400
6,6,True,94,<200
2,3,False,601,600–800
3,3,True,313,200–400
3,2,False,352,200–400
3,3,True,348,200–400
2,2,True,273,200–400
1,1,True,428,400–600
6,6,True,943,800–1200
1,1,True,935,800–1200
2,2,True,1217,>1200
2,2,True,260,200–400
4,4,True,363,200–400
3,3,True,578,400–600
2,2,True,249,200–400
2,2,True,412,400–600
4,4,True,478,400–600
6,6,True,602,600–800
2,2,True,420,400–600
2,2,True,389,200–400
6,6,True,398,200–400
4,4,True,356,200–400
2,2,True,853,800–1200
2,1,False,515,400–600
2,2,True,370,200–400
3,3,True,211,200–400
1,1,True,191,<200
1,5,False,231,200–400
1,1,True,349,200–400
2,1,False,349,200–400
5,5,True,251,200–400
2,2,True,376,200–400
2,2,True,391,200–400
2,3,False,228,200–400
3,3,True,185,<200
3,3,True,293,200–400
3,3,True,193,<200
3,3,True,168,<200
3,3,True,173,<200
2,2,True,1021,800–1200
2,2,True,283,200–400
6,6,True,1178,800–1200
2,2,True,341,200–400
2,2,True,1400,>1200
2,2,True,320,200–400
2,2,True,268,200–400
2,2,True,353,200–400
6,6,True,517,400–600
2,2,True,424,400–600
3,5,False,297,200–400
3,3,True,425,400–600
2,2,True,409,400–600
6,6,True,951,800–1200
2,2,True,441,400–600
3,1,False,302,200–400
6,6,True,545,400–600
2,2,True,342,200–400
3,1,False,489,400–600
1,1,True,574,400–600
2,2,True,453,400–600
6,6,True,516,400–600
2,2,True,591,400–600
2,2,True,331,200–400
4,4,True,488,400–600
3,1,False,564,400–600
2,2,True,1424,>1200
3,3,True,1146,800–1200
6,6,True,525,400–600
3,3,True,340,200–400
1,1,True,332,200–400
3,3,True,213,200–400
1,1,True,304,200–400
4,5,False,405,400–600
3,5,False,419,400–600
6,6,True,1053,800–1200
2,2,True,552,400–600
1,1,True,157,<200
6,3,False,282,200–400
3,2,False,380,200–400
6,6,True,685,600–800
1,1,True,139,<200
6,6,True,429,400–600
1,1,True,287,200–400
4,4,True,428,400–600
2,2,True,740,600–800
1,1,True,441,400–600
3,3,True,105,<200
3,3,True,100,<200
4,4,True,136,<200
1,3,False,664,600–800
2,2,True,338,200–400
3,1,False,531,400–600
1,1,True,295,200–400
2,2,True,721,600–800
3,3,True,305,200–400
5,4,False,256,200–400
6,6,True,441,400–600
4,4,True,948,800–1200
6,6,True,353,200–400
2,5,False,244,200–400
3,3,True,146,<200
1,1,True,339,200–400
1,2,False,512,400–600
3,1,False,509,400–600
2,3,False,902,800–1200
2,6,False,438,400–600
5,5,True,339,200–400
2,1,False,350,200–400
1,1,True,215,200–400
6,6,True,423,400–600
1,1,True,306,200–400
3,3,True,233,200–400
2,2,True,285,200–400
3,3,True,249,200–400
6,6,True,1025,800–1200
4,4,True,329,200–400
5,5,True,192,<200
3,3,True,179,<200
2,2,True,473,400–600
2,3,False,523,400–600
6,6,True,474,400–600
2,2,True,370,200–400
2,2,True,634,600–800
3,3,True,417,400–600
2,2,True,436,400–600
6,6,True,490,400–600
2,2,True,433,400–600
6,6,True,454,400–600
2,2,True,480,400–600
2,2,True,347,200–400
2,2,True,304,200–400
6,6,True,466,400–600
3,3,True,455,400–600
2,2,True,290,200–400
5,5,True,389,200–400
4,4,True,183,<200
3,2,False,302,200–400
1,5,False,373,200–400
2,2,True,290,200–400
3,3,True,386,200–400
3,3,True,396,200–400
3,4,False,193,<200
1,1,True,347,200–400
2,2,True,268,200–400
2,2,True,578,400–600
2,3,False,422,400–600
2,2,True,485,400–600
2,1,False,332,200–400
2,2,True,310,200–400
1,1,True,333,200–400
3,3,True,235,200–400
2,2,True,322,200–400
3,6,False,658,600–800
3,1,False,562,400–600
3,3,True,1256,>1200
2,2,True,1191,800–1200
6,6,True,620,600–800
2,2,True,233,200–400
3,4,False,348,200–400
2,6,False,456,400–600
5,5,True,302,200–400
3,3,True,168,<200
4,2,False,275,200–400
1,1,True,556,400–600
3,3,True,336,200–400
3,3,True,1054,800–1200
1,1,True,335,200–400
2,2,True,523,400–600
2,2,True,269,200–400
2,2,True,699,600–800
1,3,False,201,200–400
2,1,False,439,400–600
4,4,True,403,400–600
6,6,True,400,200–400
6,4,False,759,600–800
1,1,True,421,400–600
2,2,True,324,200–400
2,2,True,200,<200
2,2,True,208,200–400
4,4,True,170,<200
2,2,True,440,400–600
2,2,True,266,200–400
2,2,True,192,<200
2,2,True,423,400–600
3,2,False,203,200–400
2,1,False,533,400–600
2,2,True,237,200–400
2,3,False,1196,800–1200
6,6,True,305,200–400
5,5,True,234,200–400
3,3,True,154,<200
3,3,True,335,200–400
2,2,True,1420,>1200
1,2,False,275,200–400
3,3,True,138,<200
4,6,False,500,400–600
5,5,True,246,200–400
3,3,True,248,200–400
6,6,True,407,400–600
1,1,True,373,200–400
2,3,False,159,<200
1,4,False,168,<200
4,4,True,378,200–400
3,2,False,286,200–400
3,3,True,208,200–400
2,5,False,267,200–400
1,1,True,421,400–600
1,1,True,346,200–400
2,1,False,417,400–600
6,6,True,591,400–600
5,5,True,262,200–400
1,1,True,360,200–400
6,6,True,929,800–1200
6,2,False,1625,>1200
4,3,False,551,400–600
1,1,True,526,400–600
2,5,False,211,200–400
6,2,False,299,200–400
6,6,True,525,400–600
3,3,True,693,600–800
2,3,False,949,800–1200
3,3,True,114,<200
2,2,True,319,200–400
3,3,True,144,<200
2,2,True,361,200–400
4,4,True,493,400–600
2,2,True,356,200–400
1,1,True,527,400–600
3,3,True,291,200–400
3,3,True,406,400–600
1,1,True,305,200–400
3,3,True,340,200–400
2,2,True,214,200–400
6,6,True,411,400–600
1,3,False,291,200–400
1,1,True,265,200–400
2,6,False,433,400–600
3,3,True,195,<200
2,2,True,317,200–400
1,1,True,515,400–600
2,2,True,251,200–400
3,3,True,311,200–400
5,5,True,233,200–400
3,3,True,201,200–400
4,4,True,294,200–400
1,1,True,343,200–400
3,3,True,183,<200
1,3,False,263,200–400
3,1,False,326,200–400
4,4,True,177,<200
4,4,True,878,800–1200
2,2,True,203,200–400
6,6,True,689,600–800
2,2,True,393,200–400
3,3,True,229,200–400
2,5,False,250,200–400
5,5,True,479,400–600
4,4,True,340,200–400
6,6,True,95,<200
1,1,True,477,400–600
3,2,False,1215,>1200
5,3,False,542,400–600
2,2,True,317,200–400
2,2,True,529,400–600
5,5,True,450,400–600
6,6,True,642,600–800
2,2,True,711,600–800
6,5,False,385,200–400
6,6,True,498,400–600
3,2,False,650,600–800
2,2,True,299,200–400
2,2,True,2393,>1200
3,3,True,221,200–400
2,1,False,93,<200
2,2,True,404,400–600
1,1,True,298,200–400
2,1,False,319,200–400
3,5,False,462,400–600
2,2,True,345,200–400
3,3,True,343,200–400
6,6,True,696,600–800
1,1,True,320,200–400
4,4,True,311,200–400
2,2,True,2127,>1200
2,2,True,365,200–400
3,1,False,571,400–600
2,2,True,204,200–400
2,2,True,316,200–400
3,4,False,277,200–400
5,5,True,226,200–400
2,2,True,331,200–400
1,3,False,200,<200
2,4,False,376,200–400
5,5,True,249,200–400
4,4,True,224,200–400
6,6,True,558,400–600
1,2,False,542,400–600
2,2,True,621,600–800
2,2,True,318,200–400
3,3,True,386,200–400
3,3,True,332,200–400
3,3,True,640,600–800
4,4,True,267,200–400
2,2,True,375,200–400
3,2,False,452,400–600
2,1,False,315,200–400
2,2,True,435,400–600
2,2,True,359,200–400
3,3,True,565,400–600
2,2,True,323,200–400
3,3,True,830,800–1200
2,2,True,442,400–600
3,3,True,247,200–400
2,2,True,575,400–600
2,3,False,314,200–400
1,1,True,127,<200
1,1,True,300,200–400
1,1,True,542,400–600
3,3,True,294,200–400
2,2,True,345,200–400
1,1,True,563,400–600
3,2,False,304,200–400
2,2,True,204,200–400
1,1,True,359,200–400
3,3,True,267,200–400
1,1,True,206,200–400
2,2,True,645,600–800
2,1,False,800,600–800
6,6,True,430,400–600
2,1,False,310,200–400
3,2,False,339,200–400
3,3,True,93,<200
2,2,True,288,200–400
3,3,True,217,200–400
5,5,True,504,400–600
3,3,True,135,<200
1,1,True,500,400–600
3,1,False,445,400–600
2,2,True,782,600–800
2,2,True,197,<200
3,3,True,352,200–400
2,2,True,374,200–400
2,2,True,132,<200
3,1,False,443,400–600
3,3,True,852,800–1200
2,1,False,616,600–800
2,2,True,295,200–400
2,2,True,284,200–400
1,1,True,750,600–800
2,2,True,398,200–400
6,6,True,489,400–600
2,2,True,363,200–400
4,4,True,149,<200
3,3,True,292,200–400
3,2,False,266,200–400
6,1,False,526,400–600
2,2,True,182,<200
3,3,True,355,200–400
2,2,True,212,200–400
2,2,True,360,200–400
2,2,True,334,200–400
6,2,False,370,200–400
2,2,True,345,200–400
3,3,True,446,400–600
3,3,True,417,400–600
3,3,True,441,400–600
4,6,False,482,400–600
3,3,True,321,200–400
2,2,True,396,200–400
5,5,True,534,400–600
2,2,True,469,400–600
3,2,False,819,800–1200
2,2,True,304,200–400
2,2,True,437,400–600
2,2,True,230,200–400
3,3,True,498,400–600
3,1,False,688,600–800
2,2,True,329,200–400
3,3,True,276,200–400
3,3,True,184,<200
3,3,True,126,<200
2,2,True,396,200–400
2,1,False,335,200–400
1,1,True,247,200–400
2,2,True,620,600–800
2,3,False,767,600–800
1,2,False,412,400–600
6,6,True,541,400–600
2,2,True,236,200–400
1,1,True,322,200–400
1,1,True,521,400–600
3,3,True,617,600–800
4,4,True,129,<200
3,3,True,637,600–800
4,4,True,303,200–400
4,5,False,226,200–400
3,3,True,197,<200
3,3,True,4441,>1200
2,2,True,384,200–400
2,2,True,711,600–800
5,2,False,240,200–400
3,3,True,311,200–400
1,1,True,515,400–600
6,6,True,976,800–1200
2,2,True,315,200–400
2,2,True,472,400–600
2,6,False,388,200–400
2,2,True,785,600–800
2,2,True,365,200–400
4,4,True,615,600–800
1,1,True,298,200–400
3,3,True,349,200–400
3,5,False,258,200–400
2,3,False,146,<200
2,2,True,423,400–600
2,3,False,1061,800–1200
4,4,True,213,200–400
2,2,True,159,<200
1,1,True,305,200–400
3,3,True,467,400–600
2,2,True,345,200–400
1,1,True,171,<200
6,6,True,280,200–400
4,4,True,128,<200
2,2,True,724,600–800
3,3,True,266,200–400
2,3,False,243,200–400
4,4,True,167,<200
1,1,True,285,200–400
3,6,False,528,400–600
2,2,True,247,200–400
2,2,True,332,200–400
6,1,False,307,200–400
1,1,True,580,400–600
1,1,True,287,200–400
3,3,True,251,200–400
2,2,True,441,400–600
4,4,True,284,200–400
3,3,True,893,800–1200
1,1,True,343,200–400
2,2,True,247,200–400
2,3,False,810,800–1200
4,4,True,457,400–600
2,1,False,296,200–400
1,1,True,314,200–400
5,5,True,250,200–400
3,1,False,315,200–400
2,4,False,413,400–600
6,6,True,224,200–400
2,2,True,704,600–800
3,3,True,218,200–400
3,3,True,1222,>1200
3,3,True,205,200–400
1,1,True,341,200–400
2,2,True,486,400–600
6,1,False,295,200–400
2,2,True,239,200–400
1,1,True,352,200–400
3,3,True,159,<200
1,1,True,490,400–600
2,2,True,1417,>1200
2,2,True,364,200–400
2,2,True,257,200–400
5,2,False,310,200–400
2,2,True,1060,800–1200
6,6,True,345,200–400
3,3,True,298,200–400
1,1,True,316,200–400
2,2,True,320,200–400
3,3,True,197,<200
3,1,False,345,200–400
3,3,True,158,<200
4,4,True,163,<200
2,2,True,159,<200
1,1,True,334,200–400
3,3,True,137,<200
4,4,True,380,200–400
2,2,True,361,200–400
2,2,True,277,200–400
2,2,True,248,200–400
6,5,False,344,200–400
2,2,True,453,400–600
2,2,True,224,200–400
6,6,True,591,400–600
5,5,True,431,400–600
2,2,True,292,200–400
6,6,True,446,400–600
3,3,True,293,200–400
3,4,False,310,200–400
3,3,True,320,200–400
2,2,True,470,400–600
6,2,False,317,200–400
3,3,True,664,600–800
4,4,True,357,200–400
1,1,True,533,400–600
3,1,False,597,400–600
1,2,False,504,400–600
2,2,True,239,200–400
3,3,True,226,200–400
2,2,True,322,200–400
2,6,False,376,200–400
1,1,True,390,200–400
2,3,False,1254,>1200
1,1,True,511,400–600
2,2,True,475,400–600
3,6,False,503,400–600
1,1,True,962,800–1200
5,5,True,441,400–600
2,2,True,381,200–400
2,4,False,151,<200
3,5,False,227,200–400
1,1,True,499,400–600
2,2,True,249,200–400
2,2,True,486,400–600
3,3,True,1117,800–1200
2,2,True,357,200–400
4,4,True,151,<200
6,2,False,456,400–600
3,3,True,161,<200
2,2,True,286,200–400
6,6,True,394,200–400
4,4,True,488,400–600
6,6,True,479,400–600
3,3,True,230,200–400
2,3,False,124,<200
6,6,True,919,800–1200
2,2,True,508,400–600
3,3,True,232,200–400
3,3,True,284,200–400
1,1,True,469,400–600
2,3,False,281,200–400
6,6,True,239,200–400
3,3,True,866,800–1200
3,3,True,188,<200
2,2,True,374,200–400
2,2,True,638,600–800
6,6,True,465,400–600
2,2,True,493,400–600
6,6,True,729,600–800
4,4,True,368,200–400
3,3,True,102,<200
2,2,True,297,200–400
1,1,True,331,200–400
1,1,True,491,400–600
5,5,True,434,400–600
6,6,True,550,400–600
2,2,True,418,400–600
2,2,True,166,<200
2,2,True,420,400–600
5,5,True,206,200–400
4,2,False,180,<200
4,4,True,533,400–600
2,2,True,402,400–600
6,6,True,648,600–800
4,4,True,466,400–600
2,2,True,496,400–600
2,3,False,199,<200
1,1,True,273,200–400
2,2,True,252,200–400
2,2,True,321,200–400
2,2,True,236,200–400
3,1,False,373,200–400
2,6,False,615,600–800
2,2,True,325,200–400
2,2,True,360,200–400
3,3,True,851,800–1200
3,5,False,365,200–400
6,6,True,483,400–600
2,2,True,219,200–400
6,6,True,486,400–600
3,3,True,186,<200
6,6,True,445,400–600
1,5,False,382,200–400
4,5,False,218,200–400
2,4,False,283,200–400
3,3,True,475,400–600
3,3,True,524,400–600
4,4,True,356,200–400
5,5,True,448,400–600
3,2,False,201,200–400
3,2,False,373,200–400
3,3,True,259,200–400
2,2,True,1361,>1200
2,2,True,288,200–400
5,5,True,281,200–400
2,2,True,476,400–600
2,3,False,1364,>1200
1,1,True,297,200–400
4,4,True,232,200–400
3,3,True,615,600–800
3,3,True,229,200–400
2,2,True,511,400–600
5,5,True,177,<200
3,3,True,858,800–1200
2,2,True,341,200–400
1,1,True,526,400–600
6,6,True,406,400–600
2,2,True,346,200–400
2,2,True,520,400–600
4,1,False,332,200–400
1,2,False,401,400–600
4,4,True,397,200–400
3,3,True,202,200–400
2,1,False,594,400–600
4,2,False,324,200–400
5,5,True,242,200–400
2,4,False,932,800–1200
2,2,True,201,200–400
6,6,True,428,400–600
2,2,True,349,200–400
6,3,False,194,<200
3,1,False,373,200–400
3,1,False,455,400–600
4,4,True,161,<200
3,3,True,201,200–400
2,3,False,464,400–600
3,3,True,343,200–400
2,2,True,347,200–400
2,3,False,798,600–800
1,1,True,335,200–400
5,5,True,244,200–400
3,3,True,493,400–600
3,6,False,513,400–600
3,1,False,337,200–400
3,3,True,154,<200
3,3,True,422,400–600
2,2,True,309,200–400
2,2,True,283,200–400
3,3,True,729,600–800
4,4,True,193,<200
5,5,True,330,200–400
3,1,False,328,200–400
1,1,True,265,200–400
4,4,True,430,400–600
2,2,True,386,200–400
6,2,False,286,200–400
1,1,True,408,400–600
3,6,False,441,400–600
2,2,True,243,200–400
2,3,False,1446,>1200
5,5,True,212,200–400
1,3,False,235,200–400
2,2,True,305,200–400
2,2,True,320,200–400
2,2,True,379,200–400
1,3,False,172,<200
1,2,False,318,200–400
2,3,False,273,200–400
2,2,True,1406,>1200
3,2,False,234,200–400
2,2,True,433,400–600
6,6,True,398,200–400
2,2,True,434,400–600
2,2,True,201,200–400
3,4,False,201,200–400
3,3,True,880,800–1200
1,1,True,954,800–1200
1,1,True,301,200–400
1,1,True,438,400–600
2,1,False,368,200–400
6,5,False,352,200–400
1,1,True,330,200–400
1,1,True,409,400–600
6,6,True,679,600–800
2,2,True,364,200–400
5,5,True,255,200–400
1,1,True,593,400–600
1,1,True,348,200–400
1,1,True,414,400–600
4,1,False,439,400–600
6,6,True,473,400–600
2,2,True,430,400–600
1,1,True,394,200–400
3,6,False,787,600–800
4,4,True,162,<200
1,1,True,353,200–400
1,1,True,552,400–600
2,1,False,397,200–400
3,3,True,149,<200
2,2,True,313,200–400
1,1,True,311,200–400
2,5,False,260,200–400
2,2,True,218,200–400
2,2,True,290,200–400
2,2,True,276,200–400
3,6,False,650,600–800
3,3,True,517,400–600
4,4,True,480,400–600
2,2,True,355,200–400
2,2,True,456,400–600
1,1,True,694,600–800
4,4,True,216,200–400
3,3,True,306,200–400
6,6,True,575,400–600
2,2,True,322,200–400
2,3,False,220,200–400
6,6,True,644,600–800
2,2,True,99,<200
3,3,True,948,800–1200
5,1,False,412,400–600
3,3,True,267,200–400
3,3,True,108,<200
2,6,False,994,800–1200
3,3,True,1463,>1200
2,2,True,1182,800–1200
4,4,True,127,<200
3,3,True,100,<200
2,2,True,364,200–400
1,1,True,391,200–400
2,2,True,484,400–600
2,2,True,329,200–400
2,2,True,254,200–400
2,2,True,344,200–400
2,1,False,481,400–600
2,2,True,446,400–600
2,2,True,374,200–400
4,4,True,194,<200
3,6,False,300,200–400
6,6,True,701,600–800
2,2,True,345,200–400
2,2,True,449,400–600
4,4,True,232,200–400
2,2,True,446,400–600
2,2,True,330,200–400
6,6,True,254,200–400
2,2,True,393,200–400
4,4,True,268,200–400
6,6,True,570,400–600
2,2,True,218,200–400
2,2,True,214,200–400
2,2,True,546,400–600
2,2,True,277,200–400
6,6,True,578,400–600
3,5,False,236,200–400
3,1,False,665,600–800
1,1,True,372,200–400
3,3,True,580,400–600
1,1,True,1018,800–1200
2,4,False,285,200–400
2,2,True,807,800–1200
3,3,True,594,400–600
6,6,True,300,200–400
1,1,True,299,200–400
2,2,True,506,400–600
1,1,True,215,200–400
4,4,True,197,<200
4,4,True,269,200–400
4,4,True,433,400–600
4,4,True,224,200–400
3,3,True,639,600–800
4,4,True,612,600–800
2,2,True,243,200–400
5,5,True,451,400–600
6,6,True,348,200–400
3,1,False,274,200–400
3,3,True,481,400–600
2,2,True,293,200–400
4,4,True,491,400–600
5,4,False,225,200–400
1,1,True,950,800–1200
6,6,True,497,400–600
2,2,True,387,200–400
1,1,True,299,200–400
3,3,True,1161,800–1200
2,2,True,344,200–400
5,5,True,142,<200
1,1,True,394,200–400
1,1,True,363,200–400
1,1,True,417,400–600
1,1,True,155,<200
3,3,True,343,200–400
2,3,False,290,200–400
1,1,True,164,<200
2,2,True,272,200–400
1,1,True,522,400–600
2,5,False,446,400–600
4,4,True,294,200–400
2,2,True,1399,>1200
2,2,True,427,400–600
6,6,True,465,400–600
4,4,True,433,400–600
1,2,False,578,400–600
6,6,True,469,400–600
3,3,True,398,200–400
2,2,True,411,400–600
2,6,False,814,800–1200
2,2,True,806,800–1200
5,5,True,506,400–600
3,3,True,331,200–400
4,4,True,933,800–1200
2,2,True,266,200–400
3,3,True,459,400–600
2,3,False,361,200–400
2,2,True,367,200–400
2,2,True,376,200–400
2,5,False,378,200–400
4,1,False,338,200–400
2,2,True,260,200–400
2,2,True,1270,>1200
2,3,False,276,200–400
1,1,True,307,200–400
3,3,True,602,600–800
5,5,True,549,400–600
2,1,False,487,400–600
2,1,False,381,200–400
2,2,True,152,<200
3,3,True,204,200–400
6,6,True,424,400–600
3,6,False,500,400–600
2,2,True,499,400–600
2,3,False,187,<200
4,4,True,284,200–400
3,3,True,614,600–800
3,3,True,242,200–400
2,2,True,161,<200
1,1,True,750,600–800
2,2,True,550,400–600
4,4,True,1581,>1200
1,1,True,331,200–400
6,6,True,485,400–600
3,2,False,380,200–400
3,3,True,575,400–600
1,6,False,609,600–800
3,3,True,564,400–600
4,4,True,552,400–600
3,3,True,588,400–600
4,4,True,321,200–400
2,3,False,488,400–600
2,2,True,1302,>1200
1,2,False,362,200–400
3,3,True,169,<200
1,3,False,283,200–400
2,3,False,213,200–400
2,2,True,274,200–400
2,2,True,410,400–600
3,3,True,621,600–800
1,1,True,376,200–400
2,2,True,1534,>1200
3,3,True,356,200–400
3,1,False,424,400–600
4,3,False,245,200–400
5,5,True,128,<200
2,2,True,274,200–400
2,5,False,96,<200
2,5,False,286,200–400
3,3,True,304,200–400
2,1,False,325,200–400
2,2,True,757,600–800
2,2,True,419,400–600
3,3,True,220,200–400
3,2,False,228,200–400
3,4,False,195,<200
2,2,True,339,200–400
4,4,True,365,200–400
1,1,True,390,200–400
1,1,True,388,200–400
3,3,True,596,400–600
6,6,True,539,400–600
2,2,True,1235,>1200
3,3,True,209,200–400
2,2,True,326,200–400
2,4,False,258,200–400
3,3,True,246,200–400
2,2,True,172,<200
2,2,True,225,200–400
3,3,True,241,200–400
3,3,True,383,200–400
3,3,True,213,200–400
2,1,False,319,200–400
5,5,True,290,200–400
1,1,True,507,400–600
2,2,True,359,200–400
3,3,True,1215,>1200
3,1,False,396,200–400
1,1,True,345,200–400
3,4,False,208,200–400
6,6,True,388,200–400
1,3,False,427,400–600
3,2,False,221,200–400
3,3,True,913,800–1200
4,3,False,632,600–800
2,2,True,324,200–400
1,5,False,152,<200
4,4,True,614,600–800
2,2,True,635,600–800
6,2,False,334,200–400
1,1,True,501,400–600
2,2,True,411,400–600
2,2,True,159,<200
6,6,True,510,400–600
3,3,True,696,600–800
3,3,True,351,200–400
3,3,True,389,200–400
2,2,True,354,200–400
2,1,False,424,400–600
6,6,True,569,400–600
3,1,False,335,200–400
2,3,False,190,<200
3,3,True,477,400–600
6,6,True,268,200–400
6,6,True,810,800–1200
5,2,False,212,200–400
2,2,True,479,400–600
3,1,False,668,600–800
2,2,True,250,200–400
3,3,True,596,400–600
3,3,True,193,<200
5,5,True,439,400–600
2,2,True,266,200–400
2,3,False,492,400–600
4,4,True,564,400–600
6,6,True,571,400–600
3,3,True,130,<200
3,3,True,775,600–800
6,6,True,428,400–600
2,2,True,835,800–1200
2,2,True,463,400–600
2,2,True,248,200–400
6,6,True,678,600–800
2,2,True,165,<200
5,5,True,862,800–1200
1,1,True,309,200–400
3,3,True,74,<200
2,2,True,217,200–400
6,6,True,219,200–400
6,6,True,566,400–600
4,4,True,424,400–600
1,1,True,166,<200
4,4,True,233,200–400
3,3,True,284,200–400
6,6,True,221,200–400
2,3,False,227,200–400
2,2,True,2796,>1200
1,1,True,321,200–400
1,1,True,447,400–600
3,3,True,257,200–400
2,3,False,985,800–1200
2,3,False,187,<200
5,5,True,554,400–600
3,3,True,631,600–800
5,5,True,446,400–600
6,2,False,231,200–400
3,3,True,232,200–400
3,3,True,825,800–1200
1,1,True,727,600–800
1,1,True,834,800–1200
2,3,False,576,400–600
5,5,True,540,400–600
1,1,True,483,400–600
4,2,False,222,200–400
6,6,True,418,400–600
3,3,True,243,200–400
1,1,True,341,200–400
6,6,True,713,600–800
2,2,True,711,600–800
2,2,True,350,200–400
1,1,True,400,200–400
3,3,True,194,<200
2,3,False,850,800–1200
3,3,True,234,200–400
3,3,True,191,<200
2,2,True,208,200–400
2,2,True,198,<200
4,4,True,475,400–600
2,3,False,180,<200
2,2,True,164,<200
6,6,True,410,400–600
2,2,True,247,200–400
2,2,True,194,<200
2,2,True,381,200–400
2,2,True,1035,800–1200
2,2,True,1005,800–1200
2,2,True,682,600–800
2,1,False,457,400–600
3,3,True,306,200–400
6,6,True,570,400–600
3,1,False,333,200–400
4,4,True,146,<200
2,2,True,370,200–400
3,3,True,257,200–400
3,3,True,251,200–400
2,2,True,373,200–400
4,4,True,173,<200
2,2,True,1444,>1200
5,5,True,444,400–600
3,6,False,1285,>1200
2,2,True,950,800–1200
2,2,True,591,400–600
2,2,True,275,200–400
1,1,True,497,400–600
2,2,True,218,200–400
2,2,True,194,<200
1,1,True,575,400–600
3,3,True,304,200–400
2,3,False,1184,800–1200
4,3,False,716,600–800
4,4,True,258,200–400
2,3,False,1020,800–1200
6,6,True,444,400–600
2,2,True,398,200–400
2,2,True,351,200–400
2,2,True,319,200–400
2,2,True,801,800–1200
5,5,True,251,200–400
1,1,True,494,400–600
4,4,True,254,200–400
2,2,True,433,400–600
1,1,True,455,400–600
2,2,True,228,200–400
2,2,True,385,200–400
6,6,True,424,400–600
4,4,True,264,200–400
6,6,True,445,400–600
1,1,True,216,200–400
5,5,True,249,200–400
3,3,True,243,200–400
3,3,True,722,600–800
3,3,True,225,200–400
3,3,True,176,<200
3,3,True,637,600–800
2,2,True,422,400–600
1,1,True,423,400–600
3,3,True,657,600–800
1,1,True,491,400–600
1,1,True,573,400–600
5,3,False,166,<200
3,3,True,237,200–400
2,2,True,317,200–400
2,2,True,263,200–400
3,3,True,715,600–800
3,2,False,372,200–400
2,3,False,395,200–400
3,3,True,196,<200
2,2,True,444,400–600
2,2,True,311,200–400
4,4,True,153,<200
4,1,False,503,400–600
4,4,True,1538,>1200
3,3,True,198,<200
6,6,True,501,400–600
6,6,True,498,400–600
3,3,True,313,200–400
2,2,True,379,200–400
3,3,True,155,<200
2,2,True,456,400–600
3,1,False,467,400–600
3,3,True,489,400–600
6,6,True,1089,800–1200
1,1,True,340,200–400
3,5,False,349,200–400
2,2,True,625,600–800
2,2,True,215,200–400
6,6,True,423,400–600
3,3,True,205,200–400
6,6,True,571,400–600
3,3,True,433,400–600
2,4,False,366,200–400
2,2,True,248,200–400
3,3,True,151,<200
2,2,True,326,200–400
2,3,False,69,<200
6,6,True,594,400–600
1,1,True,418,400–600
2,2,True,205,200–400
2,2,True,319,200–400
2,2,True,728,600–800
1,3,False,227,200–400
2,2,True,445,400–600
3,3,True,180,<200
3,3,True,135,<200
2,2,True,311,200–400
2,2,True,439,400–600
3,3,True,145,<200
2,2,True,287,200–400
3,3,True,184,<200
3,3,True,324,200–400
2,2,True,388,200–400
6,6,True,444,400–600
4,4,True,237,200–400
3,3,True,164,<200
3,3,True,95,<200
2,2,True,230,200–400
6,6,True,386,200–400
3,3,True,1132,800–1200
2,2,True,290,200–400
2,2,True,410,400–600
1,1,True,902,800–1200
6,6,True,503,400–600
2,5,False,372,200–400
5,5,True,462,400–600
3,3,True,1120,800–1200
5,5,True,373,200–400
5,5,True,376,200–400
1,1,True,345,200–400
3,3,True,216,200–400
3,3,True,495,400–600
6,6,True,556,400–600
2,2,True,374,200–400
2,1,False,275,200–400
5,3,False,199,<200
4,4,True,463,400–600
2,2,True,1413,>1200
2,2,True,282,200–400
3,3,True,1034,800–1200
4,4,True,235,200–400
1,1,True,274,200–400
4,4,True,169,<200
3,3,True,421,400–600
6,6,True,355,200–400
2,2,True,1381,>1200
2,2,True,239,200–400
1,1,True,349,200–400
3,3,True,304,200–400
2,2,True,341,200–400
4,4,True,366,200–400
2,1,False,394,200–400
3,3,True,145,<200
2,4,False,398,200–400
2,2,True,131,<200
3,3,True,252,200–400
4,4,True,295,200–400
6,6,True,650,600–800
1,1,True,575,400–600
2,3,False,192,<200
3,3,True,57,<200
3,3,True,704,600–800
2,6,False,492,400–600
2,2,True,374,200–400
3,3,True,456,400–600
2,2,True,272,200–400
2,2,True,306,200–400
5,5,True,237,200–400
2,2,True,705,600–800
2,2,True,392,200–400
6,2,False,536,400–600
3,3,True,378,200–400
1,1,True,332,200–400
4,4,True,231,200–400
3,6,False,705,600–800
3,3,True,377,200–400
3,3,True,386,200–400
1,1,True,353,200–400
3,3,True,246,200–400
2,2,True,329,200–400
2,2,True,620,600–800
3,3,True,288,200–400
2,3,False,202,200–400
2,2,True,635,600–800
2,1,False,439,400–600
3,2,False,293,200–400
1,1,True,396,200–400
3,3,True,424,400–600
4,4,True,128,<200
2,2,True,1242,>1200
3,3,True,573,400–600
4,4,True,159,<200
3,3,True,176,<200
2,2,True,208,200–400
2,2,True,273,200–400
2,2,True,727,600–800
1,1,True,460,400–600
3,3,True,176,<200
2,3,False,912,800–1200
2,2,True,443,400–600
3,3,True,249,200–400
4,2,False,388,200–400
5,5,True,249,200–400
2,2,True,243,200–400
4,4,True,261,200–400
4,4,True,717,600–800
2,2,True,353,200–400
4,6,False,592,400–600
1,3,False,614,600–800
3,3,True,440,400–600
4,1,False,370,200–400
3,3,True,385,200–400
4,4,True,321,200–400
2,2,True,197,<200
4,2,False,662,600–800
6,6,True,300,200–400
2,1,False,323,200–400
2,1,False,569,400–600
1,1,True,728,600–800
2,2,True,743,600–800
4,4,True,421,400–600
2,2,True,663,600–800
3,1,False,531,400–600
2,1,False,357,200–400
6,6,True,590,400–600
3,3,True,185,<200
2,2,True,208,200–400
2,2,True,246,200–400
2,2,True,714,600–800
3,3,True,176,<200
3,3,True,594,400–600
1,1,True,322,200–400
4,4,True,169,<200
3,2,False,315,200–400
2,2,True,240,200–400
1,1,True,344,200–400
1,1,True,549,400–600
3,2,False,215,200–400
6,6,True,469,400–600
3,3,True,299,200–400
6,6,True,593,400–600
2,3,False,181,<200
3,3,True,268,200–400
6,6,True,577,400–600
3,5,False,247,200–400
6,6,True,418,400–600
6,6,True,570,400–600
6,6,True,388,200–400
1,1,True,396,200–400
5,5,True,205,200–400
4,4,True,358,200–400
5,5,True,419,400–600
2,2,True,522,400–600
3,3,True,204,200–400
1,1,True,307,200–400
2,2,True,254,200–400
1,1,True,337,200–400
2,2,True,369,200–400
2,2,True,431,400–600
6,6,True,325,200–400
3,3,True,184,<200
1,1,True,417,400–600
4,4,True,262,200–400
3,5,False,227,200–400
2,2,True,1238,>1200
3,2,False,433,400–600
2,2,True,179,<200
2,2,True,345,200–400
2,1,False,358,200–400
2,2,True,290,200–400
3,3,True,295,200–400
3,3,True,358,200–400
1,3,False,1061,800–1200
6,6,True,985,800–1200
2,2,True,413,400–600
3,2,False,329,200–400
1,1,True,415,400–600
3,3,True,434,400–600
1,1,True,319,200–400
2,2,True,318,200–400
2,1,False,393,200–400
6,6,True,502,400–600
2,2,True,273,200–400
2,3,False,247,200–400
6,6,True,560,400–600
2,5,False,475,400–600
4,4,True,278,200–400
2,2,True,583,400–600
5,5,True,310,200–400
2,1,False,392,200–400
5,5,True,356,200–400
6,3,False,91,<200
2,2,True,424,400–600
1,3,False,179,<200
3,3,True,243,200–400
6,6,True,488,400–600
5,5,True,230,200–400
3,2,False,308,200–400
4,4,True,613,600–800
2,2,True,1517,>1200
2,3,False,284,200–400
2,2,True,256,200–400
6,6,True,476,400–600
2,2,True,166,<200
4,4,True,145,<200
3,3,True,150,<200
3,3,True,179,<200
1,2,False,253,200–400
2,2,True,818,800–1200
2,4,False,136,<200
2,2,True,420,400–600
1,1,True,443,400–600
4,4,True,288,200–400
3,3,True,397,200–400
2,6,False,490,400–600
1,1,True,310,200–400
1,1,True,358,200–400
2,2,True,404,400–600
3,3,True,635,600–800
6,6,True,506,400–600
2,5,False,466,400–600
2,2,True,592,400–600
2,4,False,221,200–400
1,6,False,944,800–1200
2,2,True,452,400–600
4,4,True,273,200–400
6,6,True,816,800–1200
6,6,True,466,400–600
3,1,False,318,200–400
2,4,False,255,200–400
1,1,True,731,600–800
1,1,True,205,200–400
2,2,True,371,200–400
3,5,False,273,200–400
2,2,True,194,<200
1,1,True,431,400–600
1,1,True,274,200–400
6,6,True,469,400–600
2,2,True,374,200–400
3,3,True,521,400–600
2,1,False,393,200–400
4,4,True,202,200–400
2,2,True,355,200–400
4,4,True,215,200–400
2,2,True,403,400–600
4,4,True,207,200–400
4,6,False,536,400–600
2,4,False,344,200–400
1,1,True,336,200–400
6,2,False,429,400–600
2,2,True,442,400–600
3,2,False,342,200–400
2,2,True,317,200–400
2,2,True,662,600–800
3,1,False,234,200–400
3,5,False,351,200–400
4,4,True,306,200–400
2,2,True,449,400–600
6,6,True,485,400–600
2,2,True,1072,800–1200
3,3,True,740,600–800
2,2,True,237,200–400
1,3,False,383,200–400
1,1,True,295,200–400
2,2,True,321,200–400
5,5,True,283,200–400
4,4,True,109,<200
3,3,True,250,200–400
2,2,True,810,800–1200
2,2,True,725,600–800
4,1,False,301,200–400
4,4,True,490,400–600
2,2,True,403,400–600
3,3,True,602,600–800
2,2,True,342,200–400
3,3,True,417,400–600
4,4,True,223,200–400
2,2,True,356,200–400
3,3,True,269,200–400
2,3,False,284,200–400
2,1,False,320,200–400
2,3,False,350,200–400
2,3,False,699,600–800
1,2,False,259,200–400
5,5,True,496,400–600
1,1,True,295,200–400
5,5,True,830,800–1200
3,3,True,231,200–400
1,1,True,715,600–800
3,3,True,344,200–400
2,2,True,408,400–600
3,2,False,723,600–800
1,4,False,137,<200
2,1,False,502,400–600
2,2,True,530,400–600
1,1,True,337,200–400
2,2,True,356,200–400
2,2,True,208,200–400
5,5,True,556,400–600
4,4,True,482,400–600
1,1,True,1004,800–1200
6,6,True,860,800–1200
2,2,True,835,800–1200
2,2,True,196,<200
1,1,True,1081,800–1200
2,2,True,257,200–400
1,1,True,363,200–400
2,2,True,757,600–800
2,2,True,93,<200
1,1,True,380,200–400
3,3,True,695,600–800
2,1,False,313,200–400
2,1,False,361,200–400
2,4,False,440,400–600
1,1,True,399,200–400
3,3,True,174,<200
4,4,True,476,400–600
1,1,True,333,200–400
2,2,True,412,400–600
2,2,True,318,200–400
2,2,True,352,200–400
4,4,True,618,600–800
3,6,False,730,600–800
2,2,True,216,200–400
3,2,False,247,200–400
3,3,True,168,<200
4,4,True,943,800–1200
3,3,True,170,<200
6,2,False,536,400–600
2,2,True,235,200–400
3,5,False,285,200–400
3,3,True,228,200–400
2,3,False,250,200–400
2,2,True,457,400–600
6,6,True,389,200–400
4,4,True,488,400–600
3,3,True,313,200–400
6,6,True,418,400–600
3,1,False,757,600–800
2,2,True,272,200–400
2,6,False,847,800–1200
5,3,False,360,200–400
1,1,True,418,400–600
2,2,True,205,200–400
2,2,True,425,400–600
3,2,False,719,600–800
2,2,True,229,200–400
2,2,True,177,<200
6,6,True,504,400–600
3,6,False,442,400–600
3,3,True,349,200–400
3,3,True,145,<200
2,2,True,433,400–600
2,5,False,260,200–400
4,4,True,293,200–400
2,2,True,529,400–600
2,2,True,385,200–400
4,4,True,779,600–800
2,2,True,236,200–400
2,2,True,270,200–400
3,3,True,580,400–600
2,1,False,407,400–600
2,2,True,352,200–400
3,3,True,367,200–400
2,1,False,473,400–600
3,3,True,193,<200
1,1,True,319,200–400
6,6,True,563,400–600
3,3,True,171,<200
1,3,False,305,200–400
2,5,False,290,200–400
5,5,True,465,400–600
5,5,True,257,200–400
5,5,True,350,200–400
6,4,False,305,200–400
2,2,True,343,200–400
1,2,False,399,200–400
2,2,True,330,200–400
2,2,True,995,800–1200
4,4,True,177,<200
1,2,False,510,400–600
2,2,True,390,200–400
3,3,True,202,200–400
2,1,False,492,400–600
6,6,True,922,800–1200
2,2,True,347,200–400
2,2,True,344,200–400
6,6,True,689,600–800
2,2,True,241,200–400
4,4,True,292,200–400
3,3,True,199,<200
6,6,True,395,200–400
2,2,True,311,200–400
1,1,True,750,600–800
3,3,True,200,<200
5,5,True,523,400–600
1,1,True,212,200–400
2,2,True,836,800–1200
2,2,True,390,200–400
2,6,False,483,400–600
6,2,False,411,400–600
5,5,True,407,400–600
4,4,True,430,400–600
2,2,True,341,200–400
2,2,True,230,200–400
3,3,True,914,800–1200
2,2,True,581,400–600
3,1,False,303,200–400
2,2,True,321,200–400
2,2,True,367,200–400
2,2,True,339,200–400
1,1,True,533,400–600
5,5,True,189,<200
6,2,False,314,200–400
4,4,True,715,600–800
2,6,False,444,400–600
2,2,True,523,400–600
3,3,True,301,200–400
3,3,True,413,400–600
3,3,True,259,200–400
2,5,False,242,200–400
5,5,True,439,400–600
2,2,True,264,200–400
2,2,True,244,200–400
3,3,True,224,200–400
3,3,True,142,<200
1,2,False,1174,800–1200
5,5,True,420,400–600
2,2,True,682,600–800
2,2,True,454,400–600
3,2,False,303,200–400
1,1,True,490,400–600
1,1,True,418,400–600
2,2,True,457,400–600
2,2,True,353,200–400
3,3,True,503,400–600
2,2,True,630,600–800
1,1,True,259,200–400
2,2,True,221,200–400
1,1,True,176,<200
4,4,True,459,400–600
6,2,False,2464,>1200
2,2,True,425,400–600
2,3,False,376,200–400
2,2,True,291,200–400
2,2,True,344,200–400
2,2,True,154,<200
2,2,True,301,200–400
3,3,True,299,200–400
2,2,True,489,400–600
2,2,True,361,200–400
2,2,True,215,200–400
3,3,True,100,<200
6,6,True,452,400–600
3,5,False,244,200–400
2,3,False,1116,800–1200
1,1,True,509,400–600
3,2,False,301,200–400
3,3,True,240,200–400
6,2,False,323,200–400
2,2,True,480,400–600
1,1,True,585,400–600
2,2,True,192,<200
3,3,True,158,<200
2,2,True,239,200–400
2,2,True,218,200–400
6,6,True,575,400–600
3,3,True,505,400–600
2,2,True,404,400–600
2,2,True,1381,>1200
2,2,True,397,200–400
2,5,False,448,400–600
3,3,True,122,<200
1,1,True,416,400–600
1,1,True,417,400–600
6,6,True,450,400–600
3,3,True,201,200–400
2,2,True,337,200–400
6,6,True,556,400–600
1,1,True,449,400–600
6,6,True,541,400–600
4,4,True,347,200–400
3,3,True,684,600–800
3,3,True,251,200–400
2,2,True,1316,>1200
3,3,True,199,<200
2,2,True,904,800–1200
3,2,False,418,400–600
1,1,True,490,400–600
3,3,True,382,200–400
2,3,False,200,<200
3,1,False,500,400–600
6,6,True,244,200–400
2,1,False,338,200–400
5,5,True,437,400–600
1,1,True,345,200–400
6,6,True,921,800–1200
3,3,True,160,<200
2,2,True,211,200–400
2,2,True,1265,>1200
2,2,True,874,800–1200
2,2,True,90,<200
1,1,True,272,200–400
5,5,True,136,<200
2,2,True,266,200–400
3,3,True,738,600–800
2,2,True,476,400–600
2,1,False,345,200–400
3,3,True,202,200–400
6,6,True,281,200–400
5,1,False,354,200–400
4,4,True,389,200–400
2,2,True,345,200–400
4,4,True,377,200–400
3,3,True,343,200–400
2,2,True,3969,>1200
3,3,True,1052,800–1200
2,6,False,493,400–600
4,4,True,467,400–600
6,6,True,274,200–400
2,2,True,365,200–400
6,2,False,448,400–600
2,2,True,430,400–600
6,6,True,540,400–600
3,1,False,244,200–400
3,3,True,150,<200
2,1,False,798,600–800
6,6,True,434,400–600
1,3,False,837,800–1200
3,3,True,816,800–1200
1,1,True,341,200–400
3,3,True,188,<200
2,2,True,294,200–400
1,1,True,471,400–600
2,2,True,61,<200
2,2,True,470,400–600
4,2,False,222,200–400
2,2,True,206,200–400
2,2,True,409,400–600
2,2,True,271,200–400
4,4,True,257,200–400
3,3,True,269,200–400
4,4,True,507,400–600
1,1,True,923,800–1200
3,3,True,375,200–400
1,6,False,824,800–1200
2,2,True,657,600–800
6,6,True,586,400–600
2,5,False,270,200–400
5,3,False,445,400–600
3,3,True,145,<200
2,1,False,464,400–600
2,2,True,266,200–400
1,1,True,750,600–800
3,3,True,514,400–600
2,2,True,366,200–400
2,2,True,254,200–400
2,2,True,276,200–400
4,4,True,307,200–400
4,4,True,425,400–600
4,4,True,268,200–400
2,2,True,354,200–400
1,3,False,714,600–800
3,3,True,1131,800–1200
2,3,False,690,600–800
2,1,False,274,200–400
2,4,False,259,200–400
2,2,True,436,400–600
1,1,True,415,400–600
2,2,True,197,<200
2,1,False,392,200–400
2,2,True,372,200–400
3,3,True,383,200–400
1,1,True,1053,800–1200
2,2,True,221,200–400
2,2,True,982,800–1200
2,5,False,256,200–400
2,2,True,388,200–400
3,3,True,151,<200
4,4,True,405,400–600
2,1,False,479,400–600
2,2,True,262,200–400
3,3,True,146,<200
4,3,False,212,200–400
1,1,True,299,200–400
4,4,True,155,<200
6,1,False,293,200–400
6,6,True,878,800–1200
2,2,True,344,200–400
4,4,True,301,200–400
3,3,True,256,200–400
2,2,True,347,200–400
2,2,True,378,200–400
6,2,False,585,400–600
5,3,False,211,200–400
3,3,True,201,200–400
2,2,True,382,200–400
3,3,True,519,400–600
2,2,True,186,<200
5,5,True,233,200–400
2,2,True,253,200–400
3,3,True,454,400–600
2,2,True,239,200–400
3,1,False,309,200–400
6,6,True,880,800–1200
2,6,False,434,400–600
3,3,True,569,400–600
6,6,True,467,400–600
2,2,True,156,<200
2,2,True,626,600–800
4,4,True,267,200–400
2,2,True,238,200–400
6,6,True,500,400–600
1,1,True,282,200–400
6,6,True,399,200–400
2,2,True,637,600–800
2,2,True,191,<200
3,3,True,364,200–400
2,5,False,426,400–600
2,2,True,271,200–400
6,6,True,391,200–400
1,1,True,145,<200
2,2,True,240,200–400
3,3,True,1362,>1200
2,1,False,519,400–600
1,3,False,243,200–400
3,3,True,269,200–400
2,2,True,308,200–400
2,2,True,698,600–800
2,2,True,257,200–400
3,3,True,1024,800–1200
4,4,True,458,400–600
6,6,True,430,400–600
3,3,True,1028,800–1200
1,1,True,290,200–400
2,2,True,374,200–400
2,1,False,400,200–400
6,6,True,490,400–600
2,2,True,389,200–400
4,4,True,116,<200
3,3,True,388,200–400
2,2,True,376,200–400
3,3,True,1734,>1200
3,3,True,454,400–600
2,2,True,393,200–400
1,1,True,290,200–400
4,4,True,469,400–600
2,2,True,310,200–400
3,3,True,752,600–800
4,4,True,343,200–400
3,3,True,703,600–800
1,1,True,551,400–600
2,2,True,290,200–400
1,1,True,475,400–600
6,6,True,422,400–600
4,4,True,392,200–400
6,6,True,802,800–1200
3,3,True,478,400–600
1,1,True,352,200–400
3,2,False,347,200–400
2,2,True,325,200–400
6,6,True,667,600–800
1,1,True,358,200–400
3,3,True,661,600–800
2,2,True,612,600–800
3,3,True,226,200–400
3,3,True,566,400–600
5,5,True,190,<200
2,2,True,212,200–400
3,3,True,434,400–600
5,5,True,445,400–600
4,4,True,606,600–800
1,1,True,275,200–400
2,3,False,267,200–400
5,5,True,250,200–400
3,4,False,573,400–600
3,3,True,776,600–800
2,2,True,480,400–600
3,2,False,351,200–400
3,3,True,448,400–600
2,2,True,243,200–400
1,1,True,321,200–400
2,1,False,334,200–400
2,2,True,1405,>1200
2,1,False,488,400–600
4,4,True,614,600–800
2,2,True,340,200–400
2,2,True,966,800–1200
2,2,True,467,400–600
5,1,False,276,200–400
6,6,True,553,400–600
2,2,True,450,400–600
3,3,True,376,200–400
6,3,False,481,400–600
5,3,False,129,<200
4,4,True,544,400–600
6,6,True,938,800–1200
1,1,True,265,200–400
1,1,True,532,400–600
2,6,False,1014,800–1200
2,5,False,351,200–400
4,4,True,426,400–600
3,1,False,570,400–600
2,2,True,397,200–400
2,2,True,240,200–400
2,2,True,237,200–400
4,4,True,357,200–400
6,6,True,471,400–600
4,4,True,434,400–600
2,2,True,373,200–400
1,6,False,895,800–1200
2,2,True,237,200–400
4,3,False,377,200–400
3,3,True,278,200–400
1,2,False,391,200–400
4,4,True,274,200–400
4,4,True,104,<200
3,3,True,823,800–1200
4,2,False,336,200–400
2,2,True,271,200–400
5,5,True,759,600–800
2,3,False,1404,>1200
3,3,True,632,600–800
2,2,True,387,200–400
6,6,True,96,<200
1,2,False,369,200–400
4,4,True,252,200–400
1,1,True,301,200–400
5,5,True,509,400–600
1,1,True,956,800–1200
1,1,True,750,600–800
1,1,True,207,200–400
6,6,True,443,400–600
4,4,True,460,400–600
2,2,True,159,<200
4,4,True,435,400–600
3,3,True,260,200–400
2,2,True,360,200–400
2,6,False,496,400–600
3,3,True,643,600–800
6,6,True,99,<200
1,1,True,414,400–600
6,6,True,698,600–800
2,2,True,324,200–400
1,1,True,363,200–400
2,2,True,285,200–400
6,6,True,469,400–600
1,1,True,153,<200
6,6,True,329,200–400
3,3,True,163,<200
2,1,False,460,400–600
1,1,True,450,400–600
4,2,False,863,800–1200
1,1,True,248,200–400
1,1,True,422,400–600
3,3,True,189,<200
3,3,True,99,<200
2,2,True,350,200–400
3,3,True,196,<200
3,3,True,186,<200
2,2,True,143,<200
1,1,True,142,<200
4,4,True,193,<200
2,2,True,419,400–600
1,1,True,525,400–600
6,6,True,327,200–400
2,2,True,342,200–400
2,2,True,242,200–400
1,1,True,507,400–600
3,3,True,1111,800–1200
4,4,True,374,200–400
2,2,True,198,<200
2,3,False,141,<200
6,6,True,235,200–400
2,6,False,402,400–600
5,5,True,276,200–400
2,5,False,251,200–400
3,3,True,802,800–1200
5,5,True,382,200–400
1,1,True,288,200–400
2,3,False,111,<200
2,1,False,498,400–600
3,3,True,157,<200
2,2,True,250,200–400
3,3,True,202,200–400
6,1,False,356,200–400
3,3,True,83,<200
6,6,True,539,400–600
3,1,False,542,400–600
2,2,True,322,200–400
1,1,True,490,400–600
1,1,True,531,400–600
3,3,True,340,200–400
2,2,True,318,200–400
2,2,True,396,200–400
1,1,True,353,200–400
2,4,False,279,200–400
4,6,False,330,200–400
3,3,True,155,<200
1,1,True,409,400–600
2,1,False,416,400–600
3,2,False,297,200–400
4,4,True,158,<200
4,4,True,428,400–600
6,6,True,729,600–800
2,2,True,544,400–600
2,3,False,1085,800–1200
3,3,True,259,200–400
1,1,True,950,800–1200
5,5,True,464,400–600
3,3,True,184,<200
2,2,True,296,200–400
2,5,False,265,200–400
5,5,True,438,400–600
2,3,False,420,400–600
2,2,True,209,200–400
3,3,True,458,400–600
2,1,False,337,200–400
2,2,True,145,<200
6,6,True,478,400–600
4,2,False,367,200–400
2,2,True,255,200–400
4,2,False,539,400–600
3,3,True,140,<200
3,3,True,299,200–400
6,6,True,640,600–800
6,6,True,508,400–600
2,2,True,190,<200
2,2,True,1405,>1200
1,1,True,325,200–400
5,5,True,139,<200
2,2,True,746,600–800
2,2,True,219,200–400
4,4,True,297,200–400
2,2,True,312,200–400
3,3,True,313,200–400
4,4,True,399,200–400
6,6,True,280,200–400
4,4,True,261,200–400
4,4,True,396,200–400
3,2,False,260,200–400
5,5,True,261,200–400
6,6,True,548,400–600
2,2,True,298,200–400
3,4,False,267,200–400
6,6,True,539,400–600
2,2,True,316,200–400
4,4,True,529,400–600
2,2,True,234,200–400
5,5,True,236,200–400
4,4,True,881,800–1200
1,3,False,199,<200
3,3,True,434,400–600
2,1,False,387,200–400
1,1,True,152,<200
6,6,True,431,400–600
6,6,True,488,400–600
2,2,True,306,200–400
4,4,True,303,200–400
3,3,True,206,200–400
6,4,False,452,400–600
2,2,True,2006,>1200
3,3,True,1018,800–1200
2,1,False,729,600–800
1,1,True,329,200–400
3,3,True,421,400–600
5,5,True,277,200–400
3,2,False,776,600–800
2,3,False,202,200–400
3,3,True,205,200–400
6,6,True,237,200–400
3,3,True,240,200–400
6,6,True,537,400–600
1,6,False,415,400–600
2,2,True,1157,800–1200
3,2,False,301,200–400
3,3,True,228,200–400
1,1,True,228,200–400
2,2,True,699,600–800
1,1,True,305,200–400
4,4,True,246,200–400
5,5,True,470,400–600
5,5,True,448,400–600
1,1,True,338,200–400
2,1,False,413,400–600
2,6,False,405,400–600
4,4,True,715,600–800
6,6,True,842,800–1200
1,1,True,474,400–600
1,1,True,398,200–400
2,2,True,471,400–600
3,3,True,422,400–600
6,6,True,515,400–600
2,2,True,208,200–400
2,2,True,363,200–400
1,5,False,180,<200
4,4,True,299,200–400
3,3,True,175,<200
4,4,True,111,<200
3,3,True,230,200–400
4,4,True,262,200–400
6,6,True,456,400–600
6,1,False,540,400–600
2,2,True,317,200–400
2,2,True,236,200–400
2,2,True,1414,>1200
1,3,False,378,200–400
1,1,True,331,200–400
4,4,True,228,200–400
2,3,False,693,600–800
1,1,True,311,200–400
2,2,True,547,400–600
4,4,True,159,<200
2,2,True,337,200–400
1,1,True,304,200–400
3,2,False,267,200–400
3,3,True,207,200–400
6,6,True,301,200–400
3,3,True,454,400–600
5,5,True,449,400–600
3,3,True,191,<200
2,2,True,211,200–400
3,3,True,192,<200
6,6,True,548,400–600
2,3,False,281,200–400
2,3,False,625,600–800
5,3,False,201,200–400
6,6,True,426,400–600
1,5,False,217,200–400
1,1,True,299,200–400
6,6,True,664,600–800
2,2,True,214,200–400
3,3,True,192,<200
1,1,True,335,200–400
4,4,True,478,400–600
4,4,True,180,<200
6,6,True,459,400–600
2,6,False,702,600–800
2,2,True,316,200–400
3,3,True,1145,800–1200
3,5,False,562,400–600
1,4,False,295,200–400
5,5,True,423,400–600
5,5,True,354,200–400
3,2,False,744,600–800
5,5,True,331,200–400
3,6,False,680,600–800
6,6,True,552,400–600
3,3,True,166,<200
6,6,True,427,400–600
2,1,False,368,200–400
6,6,True,486,400–600
3,3,True,507,400–600
2,2,True,347,200–400
3,3,True,156,<200
2,2,True,326,200–400
2,2,True,213,200–400
1,1,True,353,200–400
4,2,False,231,200–400
3,3,True,409,400–600
6,6,True,489,400–600
2,2,True,351,200–400
2,2,True,687,600–800
4,4,True,195,<200
6,6,True,418,400–600
6,6,True,692,600–800
3,3,True,148,<200
2,2,True,243,200–400
2,2,True,406,400–600
5,5,True,239,200–400
1,1,True,170,<200
4,4,True,166,<200
2,2,True,353,200–400
2,1,False,421,400–600
3,3,True,739,600–800
1,1,True,292,200–400
2,2,True,214,200–400
1,1,True,330,200–400
1,1,True,750,600–800
1,1,True,373,200–400
2,2,True,204,200–400
6,6,True,653,600–800
2,2,True,360,200–400
3,3,True,518,400–600
5,5,True,479,400–600
2,2,True,874,800–1200
2,2,True,1401,>1200
6,6,True,453,400–600
4,6,False,640,600–800
2,2,True,359,200–400
1,1,True,735,600–800
2,3,False,202,200–400
4,4,True,554,400–600
2,2,True,345,200–400
2,1,False,502,400–600
3,3,True,154,<200
4,4,True,264,200–400
1,1,True,444,400–600
3,3,True,495,400–600
2,2,True,379,200–400
2,3,False,208,200–400
2,3,False,92,<200
2,2,True,358,200–400
4,4,True,205,200–400
3,3,True,277,200–400
3,3,True,215,200–400
5,5,True,347,200–400
2,1,False,363,200–400
3,3,True,127,<200
5,5,True,270,200–400
3,4,False,489,400–600
3,3,True,257,200–400
4,2,False,231,200–400
1,1,True,368,200–400
4,4,True,204,200–400
2,2,True,360,200–400
2,2,True,366,200–400
3,3,True,691,600–800
3,3,True,1148,800–1200
2,2,True,291,200–400
4,4,True,431,400–600
2,2,True,224,200–400
3,3,True,141,<200
2,2,True,479,400–600
3,3,True,188,<200
6,6,True,511,400–600
2,2,True,447,400–600
3,3,True,285,200–400
3,3,True,221,200–400
5,5,True,511,400–600
1,4,False,159,<200
3,1,False,377,200–400
6,6,True,412,400–600
2,2,True,419,400–600
2,2,True,286,200–400
6,6,True,894,800–1200
2,2,True,389,200–400
1,1,True,286,200–400
3,3,True,234,200–400
2,4,False,298,200–400
3,1,False,431,400–600
3,3,True,249,200–400
2,2,True,288,200–400
2,1,False,473,400–600
5,5,True,452,400–600
6,6,True,688,600–800
2,6,False,358,200–400
2,3,False,471,400–600
2,3,False,765,600–800
3,3,True,247,200–400
2,2,True,466,400–600
6,6,True,345,200–400
2,3,False,76,<200
3,3,True,301,200–400
4,4,True,340,200–400
2,2,True,96,<200
3,2,False,413,400–600
1,1,True,283,200–400
2,4,False,119,<200
2,2,True,218,200–400
2,1,False,315,200–400
6,6,True,845,800–1200
3,3,True,193,<200
3,3,True,227,200–400
3,2,False,258,200–400
6,6,True,651,600–800
5,5,True,294,200–400
4,4,True,437,400–600
6,1,False,590,400–600
2,3,False,129,<200
4,4,True,164,<200
3,3,True,270,200–400
6,6,True,301,200–400
1,1,True,309,200–400
4,4,True,354,200–400
2,2,True,321,200–400
4,4,True,354,200–400
3,3,True,740,600–800
3,3,True,299,200–400
2,2,True,232,200–400
3,3,True,482,400–600
3,1,False,264,200–400
4,4,True,529,400–600
3,3,True,241,200–400
2,2,True,304,200–400
1,6,False,737,600–800
6,6,True,418,400–600
1,1,True,566,400–600
6,6,True,401,400–600
2,1,False,456,400–600
6,6,True,1070,800–1200
1,3,False,696,600–800
1,1,True,525,400–600
2,2,True,715,600–800
6,6,True,670,600–800
2,2,True,546,400–600
3,3,True,465,400–600
4,2,False,254,200–400
2,2,True,242,200–400
3,2,False,488,400–600
5,5,True,248,200–400
2,1,False,1004,800–1200
2,2,True,214,200–400
1,3,False,268,200–400
4,4,True,443,400–600
3,3,True,137,<200
3,3,True,657,600–800
6,6,True,582,400–600
2,3,False,676,600–800
3,3,True,518,400–600
3,3,True,204,200–400
3,3,True,192,<200
6,6,True,692,600–800
1,1,True,199,<200
1,1,True,308,200–400
1,1,True,288,200–400
2,5,False,233,200–400
3,3,True,187,<200
5,5,True,750,600–800
2,2,True,354,200–400
2,2,True,351,200–400
2,2,True,201,200–400
4,4,True,272,200–400
4,4,True,557,400–600
3,3,True,450,400–600
3,3,True,181,<200
2,2,True,440,400–600
1,2,False,204,200–400
3,3,True,600,400–600
6,6,True,390,200–400
2,4,False,285,200–400
1,1,True,307,200–400
1,1,True,326,200–400
6,2,False,440,400–600
2,2,True,315,200–400
3,3,True,203,200–400
2,2,True,283,200–400
2,2,True,189,<200
1,1,True,345,200–400
1,1,True,274,200–400
4,5,False,272,200–400
2,2,True,172,<200
5,5,True,432,400–600
2,6,False,541,400–600
2,3,False,1203,>1200
3,3,True,237,200–400
5,5,True,427,400–600
5,5,True,504,400–600
2,4,False,133,<200
3,2,False,489,400–600
6,6,True,461,400–600
2,1,False,285,200–400
2,2,True,270,200–400
1,1,True,739,600–800
2,2,True,302,200–400
5,5,True,215,200–400
1,1,True,491,400–600
6,6,True,877,800–1200
2,2,True,646,600–800
6,6,True,559,400–600
4,4,True,477,400–600
4,4,True,421,400–600
3,3,True,305,200–400
1,1,True,273,200–400
6,6,True,500,400–600
2,3,False,92,<200
2,2,True,308,200–400
3,1,False,308,200–400
2,4,False,172,<200
1,1,True,284,200–400
6,6,True,386,200–400
2,3,False,168,<200
3,3,True,244,200–400
1,3,False,221,200–400
3,3,True,259,200–400
2,2,True,356,200–400
6,6,True,602,600–800
1,1,True,501,400–600
2,3,False,775,600–800
2,2,True,739,600–800
1,2,False,475,400–600
2,3,False,241,200–400
5,5,True,242,200–400
3,3,True,154,<200
2,2,True,383,200–400
2,2,True,273,200–400
2,2,True,764,600–800
2,2,True,437,400–600
1,1,True,299,200–400
3,3,True,371,200–400
2,2,True,364,200–400
2,1,False,346,200–400
3,3,True,470,400–600
6,6,True,647,600–800
2,2,True,504,400–600
6,6,True,447,400–600
5,5,True,547,400–600
3,1,False,1015,800–1200
2,2,True,316,200–400
3,3,True,591,400–600
1,1,True,311,200–400
2,2,True,1366,>1200
2,2,True,331,200–400
3,1,False,271,200–400
4,4,True,292,200–400
2,2,True,384,200–400
1,1,True,314,200–400
5,5,True,485,400–600
3,3,True,229,200–400
2,2,True,313,200–400
6,6,True,548,400–600
2,3,False,214,200–400
3,3,True,188,<200
2,2,True,345,200–400
2,5,False,438,400–600
2,2,True,937,800–1200
6,6,True,572,400–600
2,3,False,347,200–400
3,3,True,444,400–600
2,1,False,390,200–400
4,3,False,199,<200
2,3,False,247,200–400
2,2,True,491,400–600
1,1,True,352,200–400
2,2,True,384,200–400
2,2,True,209,200–400
1,1,True,419,400–600
1,1,True,385,200–400
1,1,True,296,200–400
6,6,True,1137,800–1200
1,1,True,270,200–400
3,3,True,357,200–400
5,5,True,246,200–400
6,6,True,284,200–400
5,5,True,428,400–600
2,1,False,296,200–400
2,1,False,310,200–400
2,3,False,397,200–400
2,2,True,379,200–400
1,1,True,255,200–400
2,2,True,265,200–400
2,5,False,256,200–400
3,3,True,190,<200
1,1,True,289,200–400
2,2,True,359,200–400
6,6,True,489,400–600
3,3,True,234,200–400
3,3,True,341,200–400
2,2,True,323,200–400
4,4,True,366,200–400
3,3,True,463,400–600
5,5,True,591,400–600
2,2,True,67,<200
2,2,True,340,200–400
6,6,True,810,800–1200
3,3,True,438,400–600
1,1,True,959,800–1200
1,2,False,518,400–600
6,1,False,598,400–600
2,5,False,505,400–600
4,4,True,493,400–600
2,2,True,312,200–400
2,2,True,450,400–600
2,2,True,386,200–400
3,5,False,237,200–400
4,4,True,261,200–400
2,2,True,479,400–600
6,6,True,449,400–600
2,1,False,259,200–400
3,3,True,101,<200
5,5,True,360,200–400
3,3,True,716,600–800
2,2,True,282,200–400
6,3,False,102,<200
2,2,True,303,200–400
6,6,True,689,600–800
3,3,True,202,200–400
2,2,True,244,200–400
2,2,True,220,200–400
2,2,True,289,200–400
3,3,True,921,800–1200
1,1,True,576,400–600
6,6,True,1061,800–1200
2,2,True,366,200–400
3,3,True,205,200–400
4,4,True,380,200–400
2,3,False,525,400–600
6,6,True,327,200–400
5,5,True,288,200–400
2,2,True,456,400–600
2,3,False,282,200–400
2,2,True,343,200–400
2,2,True,184,<200
3,3,True,148,<200
2,2,True,262,200–400
2,2,True,268,200–400
6,6,True,515,400–600
2,2,True,165,<200
1,2,False,398,200–400
6,6,True,418,400–600
4,4,True,330,200–400
3,3,True,202,200–400
3,3,True,274,200–400
5,3,False,524,400–600
2,1,False,240,200–400
3,3,True,623,600–800
2,2,True,210,200–400
2,2,True,312,200–400
6,6,True,587,400–600
3,3,True,1055,800–1200
2,3,False,565,400–600
2,2,True,255,200–400
1,1,True,248,200–400
2,3,False,273,200–400
3,3,True,898,800–1200
2,2,True,2127,>1200
4,3,False,213,200–400
5,5,True,445,400–600
3,3,True,293,200–400
4,4,True,412,400–600
6,6,True,493,400–600
2,2,True,458,400–600
5,5,True,243,200–400
4,4,True,323,200–400
5,3,False,199,<200
1,6,False,802,800–1200
4,4,True,251,200–400
3,3,True,129,<200
2,2,True,156,<200
2,2,True,512,400–600
2,2,True,441,400–600
3,1,False,551,400–600
2,6,False,468,400–600
6,6,True,689,600–800
3,1,False,484,400–600
1,1,True,202,200–400
4,4,True,616,600–800
3,2,False,439,400–600
3,3,True,252,200–400
4,4,True,555,400–600
5,5,True,131,<200
2,2,True,348,200–400
2,6,False,1143,800–1200
1,1,True,400,200–400
3,3,True,186,<200
4,4,True,448,400–600
1,1,True,316,200–400
2,2,True,388,200–400
2,2,True,386,200–400
2,2,True,371,200–400
6,2,False,337,200–400
3,3,True,230,200–400
3,3,True,237,200–400
2,2,True,317,200–400
2,2,True,207,200–400
1,1,True,588,400–600
4,4,True,461,400–600
3,3,True,183,<200
2,1,False,518,400–600
6,6,True,938,800–1200
1,1,True,489,400–600
5,5,True,511,400–600
2,1,False,413,400–600
2,2,True,422,400–600
3,3,True,292,200–400
2,2,True,179,<200
3,1,False,528,400–600
1,1,True,543,400–600
1,1,True,734,600–800
2,1,False,518,400–600
4,4,True,238,200–400
3,3,True,386,200–400
2,2,True,517,400–600
1,1,True,303,200–400
2,6,False,434,400–600
2,2,True,208,200–400
3,3,True,119,<200
2,2,True,239,200–400
6,6,True,490,400–600
1,1,True,337,200–400
3,3,True,263,200–400
4,4,True,252,200–400
3,1,False,324,200–400
6,6,True,430,400–600
6,2,False,345,200–400
4,4,True,278,200–400
3,3,True,406,400–600
3,3,True,1110,800–1200
3,3,True,255,200–400
2,2,True,933,800–1200
2,1,False,547,400–600
3,3,True,206,200–400
6,6,True,503,400–600
3,6,False,476,400–600
2,2,True,336,200–400
3,3,True,198,<200
2,2,True,240,200–400
6,6,True,1069,800–1200
2,2,True,359,200–400
4,4,True,157,<200
2,2,True,400,200–400
1,1,True,513,400–600
2,2,True,155,<200
2,2,True,354,200–400
2,2,True,330,200–400
4,2,False,251,200–400
6,6,True,299,200–400
2,2,True,447,400–600
2,2,True,310,200–400
3,2,False,355,200–400
1,1,True,238,200–400
6,6,True,649,600–800
3,3,True,505,400–600
2,2,True,265,200–400
3,3,True,438,400–600
6,6,True,586,400–600
3,3,True,449,400–600
2,2,True,467,400–600
2,2,True,272,200–400
5,5,True,449,400–600
1,1,True,258,200–400
4,4,True,468,400–600
2,4,False,351,200–400
3,3,True,444,400–600
3,3,True,701,600–800
2,2,True,725,600–800
2,2,True,459,400–600
4,4,True,252,200–400
4,1,False,541,400–600
3,3,True,229,200–400
3,3,True,656,600–800
4,4,True,468,400–600
1,1,True,337,200–400
3,3,True,226,200–400
3,3,True,290,200–400
4,3,False,222,200–400
3,3,True,561,400–600
2,2,True,444,400–600
3,1,False,409,400–600
3,3,True,147,<200
1,1,True,391,200–400
1,1,True,478,400–600
4,4,True,268,200–400
4,4,True,437,400–600
2,2,True,323,200–400
2,2,True,578,400–600
2,2,True,323,200–400
3,2,False,203,200–400
2,3,False,205,200–400
2,1,False,441,400–600
2,2,True,330,200–400
1,1,True,245,200–400
3,3,True,929,800–1200
6,6,True,782,600–800
2,2,True,308,200–400
3,3,True,245,200–400
3,3,True,407,400–600
3,3,True,150,<200
2,2,True,212,200–400
5,4,False,183,<200
4,4,True,363,200–400
2,2,True,398,200–400
3,3,True,856,800–1200
2,2,True,1386,>1200
3,3,True,993,800–1200
4,4,True,232,200–400
4,4,True,403,400–600
3,3,True,468,400–600
1,1,True,405,400–600
5,5,True,240,200–400
2,2,True,1950,>1200
3,5,False,267,200–400
4,4,True,263,200–400
5,5,True,388,200–400
1,1,True,81,<200
6,6,True,535,400–600
5,5,True,309,200–400
1,1,True,196,<200
2,2,True,218,200–400
5,5,True,274,200–400
3,3,True,494,400–600
1,2,False,373,200–400
2,2,True,209,200–400
2,2,True,436,400–600
2,2,True,412,400–600
2,4,False,231,200–400
1,1,True,432,400–600
2,3,False,214,200–400
2,2,True,317,200–400
1,1,True,95,<200
3,3,True,232,200–400
5,5,True,222,200–400
4,4,True,294,200–400
6,6,True,338,200–400
5,5,True,806,800–1200
2,2,True,305,200–400
2,2,True,699,600–800
3,3,True,306,200–400
2,2,True,312,200–400
3,3,True,2327,>1200
2,2,True,525,400–600
3,3,True,216,200–400
2,2,True,330,200–400
1,1,True,515,400–600
1,1,True,255,200–400
3,3,True,339,200–400
3,3,True,335,200–400
3,5,False,213,200–400
5,5,True,234,200–400
2,2,True,355,200–400
2,2,True,244,200–400
4,4,True,780,600–800
2,2,True,380,200–400
1,1,True,559,400–600
6,6,True,231,200–400
6,2,False,456,400–600
2,2,True,207,200–400
3,3,True,204,200–400
1,1,True,270,200–400
2,5,False,241,200–400
6,6,True,726,600–800
4,4,True,343,200–400
1,1,True,427,400–600
3,1,False,377,200–400
2,2,True,378,200–400
2,2,True,505,400–600
2,3,False,280,200–400
2,2,True,824,800–1200
3,3,True,204,200–400
2,2,True,682,600–800
3,3,True,216,200–400
3,3,True,174,<200
2,2,True,202,200–400
3,3,True,606,600–800
2,2,True,292,200–400
1,1,True,349,200–400
2,2,True,292,200–400
2,3,False,224,200–400
1,1,True,489,400–600
4,4,True,253,200–400
4,4,True,346,200–400
2,2,True,391,200–400
1,1,True,500,400–600
1,1,True,497,400–600
1,1,True,304,200–400
5,4,False,217,200–400
2,2,True,757,600–800
2,2,True,362,200–400
2,2,True,440,400–600
5,5,True,152,<200
4,4,True,382,200–400
3,3,True,562,400–600
6,6,True,640,600–800
2,3,False,290,200–400
3,3,True,220,200–400
4,4,True,380,200–400
1,1,True,306,200–400
1,1,True,377,200–400
3,3,True,232,200–400
4,4,True,149,<200
6,6,True,572,400–600
1,1,True,327,200–400
3,3,True,84,<200
2,2,True,388,200–400
6,6,True,452,400–600
3,4,False,169,<200
2,2,True,372,200–400
2,2,True,296,200–400
3,3,True,493,400–600
4,4,True,147,<200
2,2,True,230,200–400
6,4,False,202,200–400
4,4,True,386,200–400
1,1,True,332,200–400
2,2,True,351,200–400
2,2,True,172,<200
3,3,True,144,<200
2,1,False,365,200–400
2,2,True,275,200–400
2,2,True,359,200–400
4,4,True,601,600–800
2,2,True,634,600–800
2,2,True,648,600–800
2,2,True,369,200–400
2,2,True,309,200–400
2,3,False,425,400–600
2,4,False,212,200–400
2,2,True,470,400–600
2,2,True,276,200–400
1,4,False,334,200–400
2,2,True,311,200–400
2,2,True,115,<200
2,2,True,1291,>1200
2,3,False,200,<200
6,3,False,1067,800–1200
3,2,False,1850,>1200
1,1,True,307,200–400
2,2,True,312,200–400
2,2,True,208,200–400
1,1,True,148,<200
1,1,True,564,400–600
2,2,True,487,400–600
3,4,False,279,200–400
2,3,False,200,<200
6,6,True,931,800–1200
6,6,True,523,400–600
2,2,True,368,200–400
1,1,True,473,400–600
3,2,False,322,200–400
1,1,True,272,200–400
4,4,True,160,<200
1,1,True,306,200–400
6,6,True,434,400–600
4,2,False,307,200–400
4,4,True,373,200–400
2,2,True,336,200–400
2,2,True,354,200–400
4,4,True,362,200–400
2,2,True,449,400–600
3,1,False,310,200–400
2,2,True,1343,>1200
6,6,True,345,200–400
2,2,True,1318,>1200
6,6,True,1045,800–1200
5,5,True,427,400–600
3,3,True,167,<200
3,3,True,198,<200
2,2,True,337,200–400
2,2,True,280,200–400
4,4,True,269,200–400
3,3,True,438,400–600
2,2,True,199,<200
3,4,False,496,400–600
3,3,True,409,400–600
2,6,False,417,400–600
6,6,True,572,400–600
5,5,True,349,200–400
1,1,True,338,200–400
1,1,True,564,400–600
6,6,True,880,800–1200
3,3,True,136,<200
1,2,False,675,600–800
3,1,False,561,400–600
1,1,True,957,800–1200
3,3,True,421,400–600
2,2,True,574,400–600
2,2,True,363,200–400
2,2,True,229,200–400
3,3,True,86,<200
3,1,False,316,200–400
2,2,True,313,200–400
6,6,True,275,200–400
2,4,False,399,200–400
1,1,True,415,400–600
6,6,True,987,800–1200
4,4,True,362,200–400
2,2,True,216,200–400
3,6,False,456,400–600
2,1,False,373,200–400
2,5,False,310,200–400
2,2,True,346,200–400
3,3,True,577,400–600
1,1,True,211,200–400
1,3,False,277,200–400
2,6,False,518,400–600
2,2,True,1343,>1200
2,2,True,405,400–600
6,6,True,99,<200
6,6,True,470,400–600
4,4,True,128,<200
2,2,True,315,200–400
2,2,True,406,400–600
6,6,True,500,400–600
2,6,False,673,600–800
6,6,True,638,600–800
4,2,False,291,200–400
2,2,True,460,400–600
3,3,True,175,<200
2,2,True,320,200–400
6,6,True,862,800–1200
4,4,True,291,200–400
3,2,False,520,400–600
2,2,True,881,800–1200
3,1,False,342,200–400
3,2,False,313,200–400
3,3,True,150,<200
6,6,True,675,600–800
4,4,True,460,400–600
4,6,False,402,400–600
1,1,True,299,200–400
4,4,True,338,200–400
3,4,False,253,200–400
3,3,True,256,200–400
6,6,True,390,200–400
3,3,True,196,<200
1,1,True,534,400–600
2,2,True,294,200–400
6,6,True,534,400–600
6,6,True,860,800–1200
2,2,True,269,200–400
2,2,True,312,200–400
2,2,True,256,200–400
1,1,True,363,200–400
1,2,False,465,400–600
1,3,False,698,600–800
1,1,True,646,600–800
2,2,True,359,200–400
2,1,False,410,400–600
2,1,False,579,400–600
3,3,True,273,200–400
3,3,True,939,800–1200
4,4,True,200,<200
6,6,True,652,600–800
3,3,True,396,200–400
3,3,True,224,200–400
2,2,True,213,200–400
4,4,True,120,<200
1,2,False,376,200–400
3,5,False,223,200–400
3,3,True,76,<200
4,4,True,252,200–400
5,5,True,245,200–400
3,3,True,157,<200
2,2,True,417,400–600
4,4,True,370,200–400
3,2,False,287,200–400
2,2,True,418,400–600
6,1,False,526,400–600
2,3,False,283,200–400
3,3,True,144,<200
2,2,True,311,200–400
1,1,True,181,<200
3,3,True,204,200–400
1,1,True,177,<200
2,1,False,383,200–400
2,2,True,299,200–400
5,5,True,422,400–600
6,6,True,101,<200
2,3,False,983,800–1200
6,6,True,230,200–400
2,2,True,205,200–400
2,2,True,67,<200
2,2,True,307,200–400
2,2,True,1372,>1200
1,5,False,418,400–600
4,4,True,269,200–400
3,3,True,980,800–1200
4,4,True,429,400–600
3,3,True,275,200–400
3,1,False,374,200–400
3,3,True,185,<200
5,1,False,327,200–400
3,3,True,244,200–400
2,2,True,355,200–400
2,2,True,206,200–400
2,1,False,469,400–600
3,3,True,194,<200
2,2,True,264,200–400
2,2,True,236,200–400
2,2,True,409,400–600
3,3,True,317,200–400
2,2,True,486,400–600
2,2,True,369,200–400
5,5,True,218,200–400
4,4,True,298,200–400
2,2,True,296,200–400
2,2,True,1358,>1200
4,4,True,398,200–400
3,3,True,224,200–400
6,6,True,795,600–800
1,1,True,345,200–400
2,2,True,241,200–400
5,5,True,438,400–600
1,1,True,437,400–600
1,1,True,311,200–400
6,5,False,250,200–400
2,2,True,425,400–600
2,2,True,298,200–400
3,3,True,417,400–600
1,5,False,416,400–600
2,2,True,1375,>1200
3,3,True,340,200–400
2,2,True,686,600–800
2,2,True,353,200–400
2,2,True,239,200–400
2,3,False,2254,>1200
6,6,True,435,400–600
5,5,True,445,400–600
4,4,True,193,<200
2,2,True,242,200–400
1,1,True,222,200–400
1,1,True,275,200–400
2,2,True,300,200–400
3,1,False,308,200–400
2,2,True,239,200–400
3,2,False,286,200–400
3,3,True,150,<200
2,2,True,318,200–400
3,3,True,236,200–400
2,2,True,313,200–400
6,6,True,557,400–600
2,3,False,260,200–400
4,4,True,542,400–600
3,3,True,253,200–400
2,2,True,161,<200
3,3,True,156,<200
3,4,False,252,200–400
2,2,True,156,<200
4,4,True,563,400–600
2,2,True,301,200–400
6,1,False,301,200–400
6,6,True,959,800–1200
2,5,False,298,200–400
2,2,True,315,200–400
3,2,False,402,400–600
3,3,True,504,400–600
2,1,False,316,200–400
4,4,True,429,400–600
6,6,True,738,600–800
5,5,True,348,200–400
2,2,True,304,200–400
3,3,True,253,200–400
2,2,True,326,200–400
2,2,True,228,200–400
4,4,True,389,200–400
2,2,True,349,200–400
6,6,True,938,800–1200
3,3,True,533,400–600
3,3,True,252,200–400
3,6,False,501,400–600
6,6,True,431,400–600
3,6,False,565,400–600
2,1,False,1293,>1200
1,2,False,216,200–400
2,2,True,298,200–400
4,4,True,160,<200
1,1,True,513,400–600
3,3,True,267,200–400
4,4,True,562,400–600
1,2,False,595,400–600
1,1,True,497,400–600
4,4,True,252,200–400
3,3,True,334,200–400
2,2,True,370,200–400
1,1,True,349,200–400
4,4,True,159,<200
2,6,False,913,800–1200
3,3,True,277,200–400
4,4,True,341,200–400
6,6,True,591,400–600
3,3,True,130,<200
4,3,False,242,200–400
4,2,False,301,200–400
2,2,True,449,400–600
5,5,True,245,200–400
1,1,True,726,600–800
3,3,True,245,200–400
2,2,True,240,200–400
1,6,False,462,400–600
3,3,True,345,200–400
2,2,True,343,200–400
1,1,True,336,200–400
3,1,False,436,400–600
3,3,True,862,800–1200
2,2,True,965,800–1200
3,3,True,146,<200
2,2,True,840,800–1200
2,2,True,209,200–400
2,4,False,405,400–600
6,6,True,539,400–600
3,3,True,201,200–400
3,1,False,269,200–400
3,3,True,268,200–400
2,4,False,274,200–400
5,5,True,249,200–400
5,5,True,419,400–600
1,1,True,346,200–400
2,2,True,422,400–600
6,6,True,531,400–600
3,3,True,429,400–600
5,5,True,266,200–400
3,2,False,383,200–400
2,2,True,607,600–800
2,5,False,253,200–400
2,2,True,465,400–600
4,4,True,357,200–400
3,3,True,176,<200
4,3,False,372,200–400
1,1,True,367,200–400
2,2,True,1076,800–1200
2,2,True,327,200–400
3,1,False,425,400–600
3,2,False,515,400–600
1,1,True,316,200–400
2,2,True,235,200–400
2,2,True,1613,>1200
4,4,True,339,200–400
3,3,True,307,200–400
2,2,True,426,400–600
1,2,False,246,200–400
5,5,True,430,400–600
2,2,True,289,200–400
2,2,True,1164,800–1200
3,3,True,182,<200
1,1,True,532,400–600
2,2,True,4218,>1200
2,1,False,440,400–600
2,2,True,490,400–600
3,2,False,309,200–400
6,6,True,287,200–400
2,2,True,839,800–1200
2,2,True,381,200–400
3,3,True,217,200–400
1,4,False,355,200–400
1,4,False,272,200–400
2,2,True,601,600–800
3,3,True,338,200–400
1,3,False,150,<200
3,3,True,407,400–600
2,1,False,455,400–600
2,2,True,157,<200
4,4,True,219,200–400
2,1,False,558,400–600
3,2,False,227,200–400
6,1,False,562,400–600
1,1,True,340,200–400
2,2,True,682,600–800
3,3,True,159,<200
1,1,True,331,200–400
4,4,True,687,600–800
3,3,True,255,200–400
5,5,True,418,400–600
4,4,True,264,200–400
3,2,False,1256,>1200
2,2,True,379,200–400
3,3,True,84,<200
5,5,True,431,400–600
3,3,True,506,400–600
2,2,True,328,200–400
6,6,True,430,400–600
2,2,True,296,200–400
2,2,True,298,200–400
2,2,True,421,400–600
2,2,True,210,200–400
2,2,True,371,200–400
3,3,True,232,200–400
3,6,False,438,400–600
4,4,True,468,400–600
6,6,True,688,600–800
1,1,True,477,400–600
4,4,True,457,400–600
3,3,True,860,800–1200
4,3,False,946,800–1200
2,2,True,296,200–400
3,3,True,397,200–400
2,1,False,266,200–400
6,6,True,500,400–600
1,1,True,526,400–600
3,2,False,310,200–400
2,2,True,645,600–800
2,2,True,360,200–400
3,3,True,154,<200
6,6,True,427,400–600
6,3,False,981,800–1200
2,1,False,511,400–600
6,6,True,481,400–600
3,3,True,440,400–600
2,5,False,505,400–600
6,2,False,337,200–400
1,1,True,352,200–400
2,6,False,858,800–1200
3,3,True,80,<200
2,2,True,213,200–400
4,4,True,300,200–400
3,1,False,491,400–600
3,3,True,267,200–400
1,1,True,288,200–400
3,3,True,180,<200
1,1,True,492,400–600
4,4,True,159,<200
2,6,False,769,600–800
3,3,True,171,<200
3,3,True,495,400–600
3,3,True,276,200–400
2,2,True,364,200–400
1,1,True,327,200–400
2,2,True,357,200–400
1,1,True,475,400–600
3,3,True,245,200–400
2,6,False,442,400–600
3,3,True,161,<200
2,2,True,254,200–400
3,3,True,523,400–600
2,2,True,711,600–800
6,6,True,409,400–600
4,4,True,431,400–600
4,4,True,194,<200
1,3,False,297,200–400
3,3,True,165,<200
2,3,False,510,400–600
3,3,True,466,400–600
3,1,False,300,200–400
2,5,False,183,<200
2,1,False,384,200–400
6,6,True,483,400–600
2,2,True,365,200–400
2,2,True,847,800–1200
3,3,True,172,<200
2,3,False,560,400–600
3,2,False,309,200–400
2,2,True,718,600–800
3,3,True,3056,>1200
3,2,False,382,200–400
4,4,True,253,200–400
2,2,True,206,200–400
2,3,False,230,200–400
3,3,True,1025,800–1200
6,6,True,600,400–600
2,2,True,370,200–400
6,6,True,887,800–1200
2,2,True,520,400–600
3,3,True,1770,>1200
3,1,False,328,200–400
1,1,True,281,200–400
2,2,True,66,<200
5,5,True,441,400–600
5,5,True,424,400–600
2,2,True,398,200–400
2,2,True,399,200–400
2,2,True,236,200–400
2,2,True,359,200–400
2,2,True,382,200–400
1,6,False,587,400–600
2,2,True,323,200–400
2,2,True,128,<200
2,3,False,534,400–600
1,1,True,501,400–600
3,3,True,395,200–400
5,5,True,444,400–600
2,4,False,260,200–400
2,2,True,310,200–400
3,3,True,236,200–400
3,3,True,248,200–400
2,2,True,157,<200
5,1,False,534,400–600
4,4,True,187,<200
1,1,True,344,200–400
1,3,False,277,200–400
2,6,False,560,400–600
3,3,True,856,800–1200
3,3,True,241,200–400
1,5,False,443,400–600
2,1,False,333,200–400
2,1,False,361,200–400
4,4,True,270,200–400
3,3,True,242,200–400
2,2,True,319,200–400
2,2,True,452,400–600
3,1,False,599,400–600
1,1,True,396,200–400
2,2,True,106,<200
2,2,True,355,200–400
4,4,True,339,200–400
3,3,True,886,800–1200
6,3,False,267,200–400
4,4,True,270,200–400
3,3,True,183,<200
2,2,True,211,200–400
5,5,True,427,400–600
4,4,True,331,200–400
6,6,True,790,600–800
6,6,True,860,800–1200
3,3,True,450,400–600
4,4,True,208,200–400
2,3,False,816,800–1200
4,4,True,337,200–400
2,2,True,417,400–600
2,3,False,233,200–400
4,4,True,514,400–600
1,1,True,374,200–400
6,6,True,586,400–600
4,2,False,310,200–400
5,3,False,1232,>1200
3,3,True,160,<200
2,2,True,360,200–400
3,3,True,199,<200
2,2,True,243,200–400
2,2,True,404,400–600
2,2,True,378,200–400
2,2,True,250,200–400
1,1,True,551,400–600
6,6,True,406,400–600
1,1,True,560,400–600
2,1,False,482,400–600
2,2,True,120,<200
2,2,True,384,200–400
1,1,True,470,400–600
2,1,False,406,400–600
6,6,True,422,400–600
1,1,True,261,200–400
4,4,True,725,600–800
3,3,True,329,200–400
2,2,True,376,200–400
4,4,True,618,600–800
6,6,True,528,400–600
3,3,True,255,200–400
6,6,True,859,800–1200
5,5,True,815,800–1200
2,2,True,298,200–400
4,4,True,559,400–600
6,6,True,477,400–600
1,1,True,224,200–400
3,3,True,192,<200
3,3,True,1300,>1200
3,3,True,711,600–800
1,1,True,260,200–400
2,2,True,157,<200
2,2,True,427,400–600
4,4,True,403,400–600
2,2,True,502,400–600
2,2,True,347,200–400
2,1,False,265,200–400
3,3,True,1807,>1200
2,1,False,363,200–400
1,1,True,739,600–800
2,2,True,209,200–400
3,3,True,560,400–600
3,3,True,262,200–400
2,2,True,346,200–400
2,3,False,204,200–400
4,4,True,283,200–400
3,3,True,470,400–600
4,4,True,431,400–600
3,3,True,277,200–400
2,2,True,161,<200
2,2,True,455,400–600
1,1,True,329,200–400
2,3,False,146,<200
1,1,True,342,200–400
2,2,True,217,200–400
2,2,True,445,400–600
3,3,True,419,400–600
2,6,False,711,600–800
3,4,False,232,200–400
6,6,True,617,600–800
3,1,False,594,400–600
2,2,True,329,200–400
1,1,True,339,200–400
1,1,True,217,200–400
3,3,True,154,<200
3,5,False,426,400–600
2,2,True,276,200–400
3,4,False,175,<200
3,3,True,550,400–600
6,6,True,294,200–400
3,3,True,601,600–800
6,6,True,390,200–400
4,4,True,631,600–800
3,3,True,446,400–600
2,2,True,357,200–400
1,1,True,509,400–600
1,1,True,386,200–400
3,3,True,369,200–400
3,3,True,1998,>1200
1,1,True,278,200–400
3,3,True,340,200–400
1,1,True,395,200–400
2,3,False,145,<200
3,3,True,86,<200
3,3,True,311,200–400
2,2,True,735,600–800
3,3,True,176,<200
2,6,False,523,400–600
2,2,True,209,200–400
2,2,True,355,200–400
2,2,True,399,200–400
2,2,True,358,200–400
3,3,True,760,600–800
1,1,True,347,200–400
2,2,True,918,800–1200
2,2,True,354,200–400
1,1,True,347,200–400
3,3,True,204,200–400
2,3,False,995,800–1200
4,4,True,124,<200
2,2,True,359,200–400
2,2,True,245,200–400
2,2,True,301,200–400
5,5,True,278,200–400
3,3,True,146,<200
4,4,True,188,<200
6,6,True,683,600–800
3,3,True,285,200–400
4,4,True,223,200–400
3,4,False,237,200–400
2,3,False,1863,>1200
6,6,True,437,400–600
6,6,True,554,400–600
4,4,True,605,600–800
2,3,False,234,200–400
2,5,False,238,200–400
3,3,True,344,200–400
2,2,True,245,200–400
2,2,True,267,200–400
3,3,True,379,200–400
2,2,True,264,200–400
2,4,False,182,<200
3,1,False,532,400–600
1,1,True,525,400–600
2,2,True,359,200–400
2,2,True,699,600–800
2,2,True,434,400–600
2,2,True,374,200–400
2,2,True,485,400–600
1,1,True,396,200–400
2,2,True,204,200–400
6,6,True,1295,>1200
4,4,True,620,600–800
2,2,True,354,200–400
3,3,True,278,200–400
2,2,True,158,<200
5,5,True,275,200–400
2,2,True,172,<200
4,4,True,563,400–600
1,1,True,139,<200
1,1,True,229,200–400
2,2,True,300,200–400
2,3,False,1323,>1200
6,6,True,459,400–600
3,3,True,769,600–800
1,1,True,286,200–400
6,6,True,849,800–1200
3,3,True,215,200–400
2,6,False,333,200–400
1,2,False,905,800–1200
3,3,True,483,400–600
1,1,True,485,400–600
2,2,True,196,<200
3,3,True,1197,800–1200
3,3,True,1101,800–1200
5,5,True,308,200–400
3,3,True,399,200–400
3,3,True,384,200–400
6,6,True,464,400–600
1,5,False,532,400–600
2,2,True,262,200–400
3,3,True,831,800–1200
3,3,True,600,400–600
2,2,True,343,200–400
2,2,True,450,400–600
3,3,True,121,<200
4,4,True,297,200–400
3,3,True,388,200–400
2,2,True,238,200–400
4,4,True,552,400–600
2,2,True,341,200–400
3,3,True,130,<200
3,3,True,194,<200
2,2,True,298,200–400
2,2,True,212,200–400
2,4,False,212,200–400
3,3,True,335,200–400
4,4,True,226,200–400
3,3,True,580,400–600
2,2,True,569,400–600
2,2,True,276,200–400
2,3,False,209,200–400
4,4,True,157,<200
1,2,False,473,400–600
6,6,True,470,400–600
3,3,True,100,<200
6,6,True,420,400–600
3,3,True,517,400–600
3,3,True,429,400–600
3,3,True,1320,>1200
2,2,True,357,200–400
2,2,True,258,200–400
6,6,True,227,200–400
6,6,True,338,200–400
2,2,True,399,200–400
6,5,False,253,200–400
4,4,True,494,400–600
3,3,True,233,200–400
6,6,True,95,<200
4,4,True,323,200–400
4,3,False,335,200–400
2,2,True,410,400–600
3,3,True,169,<200
2,2,True,405,400–600
2,2,True,206,200–400
1,1,True,566,400–600
2,2,True,171,<200
6,6,True,388,200–400
3,3,True,3083,>1200
2,2,True,1844,>1200
4,4,True,204,200–400
2,2,True,374,200–400
2,1,False,308,200–400
6,6,True,95,<200
2,2,True,296,200–400
3,1,False,364,200–400
3,3,True,1236,>1200
5,5,True,436,400–600
6,6,True,912,800–1200
2,3,False,1307,>1200
2,2,True,191,<200
2,2,True,1056,800–1200
5,5,True,512,400–600
5,5,True,218,200–400
2,3,False,625,600–800
3,6,False,409,400–600
2,4,False,391,200–400
5,5,True,358,200–400
2,2,True,770,600–800
1,1,True,330,200–400
3,3,True,467,400–600
2,2,True,391,200–400
3,5,False,248,200–400
2,2,True,431,400–600
2,2,True,270,200–400
1,2,False,279,200–400
3,1,False,311,200–400
2,2,True,316,200–400
2,2,True,273,200–400
2,5,False,247,200–400
2,1,False,454,400–600
1,1,True,341,200–400
1,1,True,292,200–400
1,6,False,612,600–800
3,5,False,241,200–400
2,2,True,322,200–400
6,2,False,602,600–800
3,3,True,372,200–400
2,2,True,170,<200
6,1,False,378,200–400
5,5,True,438,400–600
2,1,False,492,400–600
1,1,True,279,200–400
4,6,False,469,400–600
2,2,True,154,<200
2,2,True,264,200–400
6,1,False,366,200–400
6,6,True,282,200–400
1,1,True,516,400–600
2,2,True,360,200–400
1,3,False,150,<200
6,6,True,602,600–800
2,5,False,460,400–600
2,2,True,619,600–800
2,6,False,885,800–1200
2,2,True,414,400–600
2,4,False,269,200–400
2,2,True,214,200–400
2,2,True,360,200–400
3,3,True,198,<200
2,1,False,309,200–400
2,2,True,281,200–400
2,1,False,459,400–600
2,2,True,1206,>1200
2,4,False,154,<200
1,1,True,263,200–400
6,6,True,858,800–1200
1,2,False,536,400–600
2,3,False,191,<200
4,4,True,197,<200
2,1,False,364,200–400
5,6,False,430,400–600
3,3,True,472,400–600
3,3,True,352,200–400
4,4,True,231,200–400
3,3,True,274,200–400
3,5,False,802,800–1200
3,2,False,221,200–400
3,3,True,213,200–400
6,6,True,425,400–600
2,2,True,291,200–400
2,5,False,260,200–400
2,2,True,159,<200
2,3,False,595,400–600
2,2,True,379,200–400
6,3,False,182,<200
3,3,True,235,200–400
6,6,True,876,800–1200
1,1,True,377,200–400
3,2,False,596,400–600
2,2,True,297,200–400
2,2,True,232,200–400
3,3,True,161,<200
3,3,True,196,<200
2,3,False,206,200–400
6,6,True,720,600–800
1,1,True,248,200–400
1,1,True,750,600–800
3,3,True,1034,800–1200
1,1,True,511,400–600
6,6,True,408,400–600
2,2,True,234,200–400
3,3,True,437,400–600
2,2,True,216,200–400
3,4,False,155,<200
3,3,True,410,400–600
2,3,False,491,400–600
4,6,False,420,400–600
3,3,True,448,400–600
2,2,True,324,200–400
3,3,True,147,<200
4,4,True,612,600–800
6,6,True,418,400–600
2,2,True,1226,>1200
3,3,True,531,400–600
2,2,True,290,200–400
3,3,True,638,600–800
2,2,True,226,200–400
6,6,True,297,200–400
1,5,False,166,<200
3,3,True,612,600–800
4,4,True,720,600–800
2,2,True,396,200–400
3,3,True,373,200–400
2,3,False,233,200–400
3,3,True,270,200–400
3,3,True,364,200–400
2,2,True,1404,>1200
2,2,True,281,200–400
6,6,True,330,200–400
2,2,True,258,200–400
2,2,True,1220,>1200
2,5,False,391,200–400
3,3,True,149,<200
2,2,True,383,200–400
4,4,True,465,400–600
1,1,True,310,200–400
3,3,True,1122,800–1200
3,3,True,399,200–400
4,4,True,195,<200
2,2,True,256,200–400
2,2,True,244,200–400
2,3,False,203,200–400
2,2,True,258,200–400
2,5,False,239,200–400
2,2,True,213,200–400
4,4,True,295,200–400
6,6,True,401,400–600
2,1,False,335,200–400
3,5,False,246,200–400
3,2,False,344,200–400
3,3,True,1241,>1200
1,1,True,212,200–400
2,2,True,302,200–400
2,2,True,314,200–400
3,3,True,588,400–600
2,2,True,599,400–600
2,3,False,2098,>1200
3,3,True,640,600–800
2,2,True,356,200–400
6,6,True,426,400–600
3,3,True,255,200–400
2,2,True,1384,>1200
2,1,False,622,600–800
6,6,True,551,400–600
3,3,True,176,<200
2,2,True,420,400–600
6,6,True,876,800–1200
1,1,True,242,200–400
3,4,False,203,200–400
2,2,True,349,200–400
3,6,False,843,800–1200
3,3,True,377,200–400
2,1,False,609,600–800
2,5,False,265,200–400
2,3,False,129,<200
6,3,False,637,600–800
3,3,True,352,200–400
2,2,True,393,200–400
2,2,True,338,200–400
2,3,False,95,<200
3,6,False,587,400–600
2,3,False,268,200–400
2,2,True,688,600–800
5,5,True,429,400–600
1,1,True,254,200–400
1,1,True,431,400–600
5,5,True,176,<200
3,3,True,422,400–600
5,5,True,231,200–400
1,1,True,323,200–400
2,5,False,267,200–400
5,5,True,220,200–400
2,2,True,196,<200
6,1,False,469,400–600
2,4,False,241,200–400
5,5,True,427,400–600
6,6,True,279,200–400
3,1,False,281,200–400
3,2,False,303,200–400
1,1,True,554,400–600
2,3,False,651,600–800
4,4,True,594,400–600
4,4,True,429,400–600
2,2,True,1364,>1200
3,3,True,218,200–400
2,3,False,198,<200
1,1,True,315,200–400
2,2,True,298,200–400
2,2,True,125,<200
2,2,True,218,200–400
1,1,True,396,200–400
4,1,False,275,200–400
2,2,True,287,200–400
2,2,True,419,400–600
2,4,False,275,200–400
3,3,True,400,200–400
6,3,False,461,400–600
6,6,True,429,400–600
1,1,True,489,400–600
3,3,True,234,200–400
2,2,True,210,200–400
2,2,True,342,200–400
3,3,True,175,<200
2,1,False,359,200–400
5,2,False,296,200–400
4,4,True,156,<200
2,2,True,264,200–400
6,6,True,535,400–600
2,2,True,222,200–400
2,2,True,326,200–400
2,2,True,215,200–400
3,3,True,600,400–600
3,3,True,173,<200
3,3,True,475,400–600
3,3,True,338,200–400
4,4,True,549,400–600
5,5,True,429,400–600
4,4,True,191,<200
4,4,True,295,200–400
3,3,True,291,200–400
1,1,True,339,200–400
2,2,True,556,400–600
2,2,True,184,<200
1,1,True,321,200–400
4,4,True,421,400–600
4,4,True,357,200–400
2,2,True,372,200–400
6,6,True,292,200–400
1,1,True,325,200–400
3,1,False,373,200–400
1,1,True,286,200–400
3,3,True,306,200–400
2,1,False,522,400–600
3,3,True,467,400–600
2,2,True,159,<200
2,5,False,832,800–1200
5,5,True,253,200–400
2,2,True,352,200–400
1,1,True,497,400–600
3,3,True,428,400–600
2,2,True,312,200–400
3,5,False,213,200–400
2,2,True,1427,>1200
2,6,False,479,400–600
2,1,False,329,200–400
3,4,False,162,<200
3,3,True,260,200–400
1,1,True,520,400–600
2,2,True,393,200–400
1,3,False,192,<200
6,6,True,712,600–800
2,2,True,354,200–400
1,1,True,312,200–400
6,6,True,555,400–600
2,2,True,389,200–400
3,3,True,230,200–400
2,2,True,376,200–400
4,4,True,273,200–400
1,1,True,366,200–400
2,1,False,407,400–600
3,3,True,92,<200
6,6,True,618,600–800
2,2,True,294,200–400
1,4,False,269,200–400
3,3,True,752,600–800
2,2,True,309,200–400
2,2,True,731,600–800
1,1,True,449,400–600
2,2,True,66,<200
2,2,True,450,400–600
2,3,False,195,<200
2,2,True,1228,>1200
6,6,True,499,400–600
1,1,True,303,200–400
3,3,True,258,200–400
4,4,True,706,600–800
2,5,False,309,200–400
2,2,True,417,400–600
6,6,True,497,400–600
6,6,True,687,600–800
3,3,True,221,200–400
3,3,True,176,<200
2,2,True,399,200–400
3,3,True,385,200–400
5,5,True,449,400–600
2,2,True,168,<200
3,3,True,154,<200
6,6,True,483,400–600
2,2,True,259,200–400
1,3,False,217,200–400
6,6,True,432,400–600
5,5,True,547,400–600
1,1,True,489,400–600
1,1,True,501,400–600
2,4,False,165,<200
2,3,False,455,400–600
1,1,True,684,600–800
1,1,True,302,200–400
2,2,True,324,200–400
2,2,True,497,400–600
6,6,True,880,800–1200
3,3,True,914,800–1200
1,1,True,253,200–400
2,2,True,356,200–400
4,4,True,459,400–600
2,2,True,623,600–800
2,2,True,291,200–400
2,3,False,192,<200
2,2,True,368,200–400
3,3,True,100,<200
3,1,False,377,200–400
5,4,False,282,200–400
6,6,True,503,400–600
1,1,True,423,400–600
3,2,False,432,400–600
5,5,True,217,200–400
2,2,True,713,600–800
2,2,True,378,200–400
4,4,True,429,400–600
1,2,False,186,<200
2,2,True,352,200–400
2,2,True,1095,800–1200
4,4,True,552,400–600
2,1,False,341,200–400
2,2,True,298,200–400
5,6,False,369,200–400
4,4,True,158,<200
3,3,True,408,400–600
2,4,False,242,200–400
2,2,True,1070,800–1200
2,2,True,417,400–600
6,6,True,480,400–600
2,2,True,422,400–600
3,3,True,194,<200
2,2,True,255,200–400
1,1,True,418,400–600
3,1,False,490,400–600
5,5,True,448,400–600
1,2,False,351,200–400
2,4,False,1086,800–1200
2,2,True,256,200–400
3,2,False,351,200–400
2,2,True,424,400–600
2,2,True,1100,800–1200
2,1,False,303,200–400
3,3,True,203,200–400
2,2,True,515,400–600
4,4,True,505,400–600
3,3,True,261,200–400
2,2,True,275,200–400
2,2,True,154,<200
3,1,False,299,200–400
3,2,False,238,200–400
4,4,True,628,600–800
2,2,True,360,200–400
5,5,True,545,400–600
1,1,True,182,<200
3,3,True,351,200–400
4,4,True,476,400–600
2,2,True,416,400–600
2,2,True,2255,>1200
2,5,False,270,200–400
6,6,True,429,400–600
6,6,True,470,400–600
1,1,True,965,800–1200
3,3,True,736,600–800
5,1,False,528,400–600
1,1,True,176,<200
2,2,True,400,200–400
5,5,True,473,400–600
3,3,True,925,800–1200
2,3,False,105,<200
4,4,True,682,600–800
1,1,True,124,<200
4,4,True,467,400–600
6,6,True,517,400–600
2,2,True,341,200–400
5,5,True,256,200–400
2,4,False,335,200–400
1,1,True,487,400–600
2,2,True,359,200–400
2,2,True,479,400–600
6,1,False,384,200–400
3,3,True,215,200–400
3,3,True,83,<200
2,2,True,358,200–400
6,6,True,529,400–600
3,3,True,247,200–400
5,5,True,444,400–600
2,2,True,432,400–600
3,3,True,419,400–600
2,2,True,303,200–400
2,2,True,210,200–400
3,3,True,256,200–400
1,1,True,418,400–600
2,2,True,204,200–400
4,4,True,388,200–400
2,2,True,709,600–800
2,1,False,420,400–600
3,3,True,194,<200
2,2,True,249,200–400
5,5,True,504,400–600
3,3,True,251,200–400
5,2,False,226,200–400
1,1,True,245,200–400
2,2,True,457,400–600
6,6,True,563,400–600
3,3,True,546,400–600
2,2,True,329,200–400
1,4,False,198,<200
3,3,True,382,200–400
3,3,True,221,200–400
2,2,True,306,200–400
6,6,True,280,200–400
2,1,False,383,200–400
2,4,False,251,200–400
2,3,False,276,200–400
4,4,True,168,<200
3,3,True,291,200–400
2,1,False,296,200–400
6,6,True,938,800–1200
4,4,True,380,200–400
2,2,True,393,200–400
2,2,True,194,<200
5,5,True,534,400–600
6,6,True,562,400–600
2,1,False,287,200–400
4,4,True,290,200–400
1,1,True,545,400–600
2,2,True,337,200–400
4,4,True,349,200–400
3,3,True,286,200–400
2,2,True,456,400–600
2,2,True,301,200–400
6,6,True,681,600–800
2,2,True,257,200–400
2,2,True,264,200–400
4,4,True,196,<200
2,3,False,704,600–800
4,4,True,446,400–600
2,2,True,350,200–400
5,5,True,225,200–400
2,2,True,226,200–400
4,4,True,208,200–400
5,5,True,228,200–400
2,2,True,163,<200
6,5,False,363,200–400
1,2,False,338,200–400
3,3,True,339,200–400
2,3,False,220,200–400
2,2,True,216,200–400
3,3,True,191,<200
2,4,False,482,400–600
2,3,False,589,400–600
3,3,True,495,400–600
2,3,False,580,400–600
2,2,True,361,200–400
2,2,True,1878,>1200
2,2,True,373,200–400
5,5,True,256,200–400
2,2,True,401,400–600
3,3,True,178,<200
5,1,False,289,200–400
6,6,True,579,400–600
2,2,True,249,200–400
3,3,True,833,800–1200
6,6,True,475,400–600
2,2,True,332,200–400
2,2,True,362,200–400
3,6,False,497,400–600
2,2,True,358,200–400
3,3,True,372,200–400
3,3,True,322,200–400
6,6,True,317,200–400
6,6,True,885,800–1200
2,2,True,346,200–400
2,2,True,354,200–400
4,4,True,437,400–600
2,2,True,579,400–600
4,4,True,196,<200
5,5,True,243,200–400
3,6,False,875,800–1200
6,4,False,212,200–400
2,6,False,490,400–600
2,2,True,336,200–400
2,2,True,306,200–400
2,2,True,776,600–800
2,2,True,431,400–600
2,2,True,445,400–600
3,3,True,156,<200
1,1,True,371,200–400
2,2,True,404,400–600
6,6,True,890,800–1200
1,1,True,272,200–400
2,2,True,154,<200
6,6,True,710,600–800
2,1,False,485,400–600
3,5,False,429,400–600
3,3,True,4383,>1200
3,3,True,295,200–400
6,6,True,882,800–1200
6,2,False,2458,>1200
2,1,False,219,200–400
2,4,False,551,400–600
2,2,True,2713,>1200
2,2,True,495,400–600
3,1,False,454,400–600
3,3,True,577,400–600
2,1,False,357,200–400
2,2,True,699,600–800
1,1,True,341,200–400
2,2,True,45,<200
1,3,False,196,<200
4,4,True,784,600–800
1,1,True,623,600–800
6,6,True,566,400–600
6,6,True,527,400–600
3,1,False,336,200–400
1,1,True,334,200–400
2,2,True,371,200–400
4,4,True,257,200–400
2,2,True,475,400–600
5,1,False,487,400–600
2,1,False,375,200–400
2,2,True,374,200–400
2,2,True,240,200–400
6,6,True,572,400–600
3,3,True,244,200–400
5,5,True,591,400–600
6,6,True,706,600–800
2,2,True,261,200–400
6,6,True,953,800–1200
6,2,False,222,200–400
4,4,True,317,200–400
4,4,True,127,<200
1,5,False,254,200–400
2,2,True,403,400–600
6,6,True,591,400–600
2,2,True,512,400–600
5,6,False,686,600–800
2,4,False,317,200–400
2,3,False,67,<200
6,6,True,356,200–400
4,3,False,205,200–400
3,3,True,807,800–1200
5,5,True,431,400–600
2,2,True,503,400–600
3,3,True,665,600–800
2,2,True,305,200–400
1,1,True,254,200–400
2,2,True,164,<200
1,1,True,565,400–600
1,1,True,351,200–400
2,2,True,1088,800–1200
3,3,True,144,<200
2,2,True,299,200–400
2,3,False,309,200–400
2,4,False,336,200–400
6,6,True,430,400–600
2,2,True,393,200–400
6,6,True,476,400–600
3,1,False,336,200–400
5,5,True,218,200–400
4,3,False,345,200–400
4,2,False,273,200–400
2,3,False,724,600–800
3,3,True,224,200–400
2,3,False,1088,800–1200
2,2,True,1434,>1200
6,6,True,563,400–600
1,1,True,534,400–600
3,3,True,194,<200
2,2,True,670,600–800
1,1,True,274,200–400
1,2,False,312,200–400
2,2,True,439,400–600
6,6,True,330,200–400
2,2,True,333,200–400
1,1,True,309,200–400
6,6,True,745,600–800
1,1,True,323,200–400
6,6,True,804,800–1200
3,3,True,469,400–600
4,4,True,275,200–400
2,2,True,371,200–400
2,1,False,343,200–400
2,2,True,232,200–400
6,6,True,295,200–400
6,6,True,859,800–1200
4,4,True,281,200–400
1,1,True,615,600–800
3,3,True,409,400–600
1,3,False,300,200–400
3,1,False,485,400–600
5,5,True,541,400–600
3,3,True,214,200–400
3,1,False,361,200–400
2,2,True,292,200–400
1,1,True,397,200–400
6,6,True,1298,>1200
2,2,True,419,400–600
1,1,True,495,400–600
3,3,True,171,<200
6,6,True,455,400–600
2,2,True,731,600–800
3,3,True,137,<200
2,1,False,328,200–400
3,3,True,731,600–800
2,2,True,245,200–400
3,3,True,197,<200
6,6,True,802,800–1200
2,4,False,452,400–600
6,6,True,401,400–600
5,5,True,638,600–800
3,3,True,134,<200
1,1,True,328,200–400
6,6,True,360,200–400
4,4,True,343,200–400
3,2,False,326,200–400
2,2,True,237,200–400
1,1,True,284,200–400
2,2,True,244,200–400
2,2,True,900,800–1200
1,1,True,742,600–800
3,3,True,466,400–600
1,1,True,125,<200
3,3,True,79,<200
2,2,True,232,200–400
2,6,False,1457,>1200
1,2,False,258,200–400
6,6,True,1052,800–1200
6,6,True,472,400–600
2,2,True,139,<200
2,2,True,1407,>1200
2,2,True,356,200–400
2,2,True,303,200–400
1,1,True,341,200–400
5,5,True,226,200–400
3,3,True,138,<200
5,5,True,273,200–400
1,1,True,555,400–600
3,1,False,310,200–400
4,4,True,358,200–400
2,2,True,367,200–400
3,3,True,377,200–400
6,6,True,293,200–400
1,1,True,292,200–400
3,3,True,608,600–800
2,2,True,416,400–600
6,6,True,585,400–600
3,2,False,325,200–400
2,2,True,499,400–600
3,3,True,269,200–400
6,6,True,860,800–1200
2,2,True,340,200–400
2,2,True,912,800–1200
3,2,False,203,200–400
1,1,True,381,200–400
2,2,True,300,200–400
1,1,True,539,400–600
2,2,True,407,400–600
3,3,True,340,200–400
2,2,True,188,<200
2,4,False,220,200–400
3,3,True,260,200–400
2,2,True,283,200–400
1,2,False,205,200–400
6,6,True,580,400–600
2,3,False,196,<200
5,5,True,242,200–400
3,5,False,240,200–400
2,2,True,2438,>1200
3,3,True,666,600–800
3,3,True,197,<200
3,3,True,388,200–400
3,3,True,230,200–400
1,1,True,316,200–400
2,6,False,461,400–600
6,6,True,683,600–800
2,2,True,304,200–400
2,3,False,292,200–400
2,2,True,574,400–600
5,5,True,241,200–400
2,2,True,195,<200
3,3,True,180,<200
2,2,True,360,200–400
6,6,True,466,400–600
2,6,False,427,400–600
2,2,True,805,800–1200
2,3,False,255,200–400
2,2,True,154,<200
4,4,True,362,200–400
6,6,True,319,200–400
4,4,True,252,200–400
3,3,True,350,200–400
2,5,False,217,200–400
6,6,True,379,200–400
3,3,True,189,<200
4,4,True,126,<200
4,4,True,297,200–400
3,3,True,1485,>1200
4,6,False,484,400–600
2,1,False,505,400–600
6,6,True,490,400–600
6,6,True,225,200–400
1,1,True,318,200–400
2,2,True,181,<200
2,2,True,202,200–400
2,2,True,419,400–600
2,2,True,412,400–600
2,2,True,209,200–400
5,5,True,243,200–400
5,3,False,105,<200
2,6,False,498,400–600
5,2,False,673,600–800
1,1,True,424,400–600
5,5,True,276,200–400
2,2,True,156,<200
2,3,False,408,400–600
5,3,False,218,200–400
2,2,True,404,400–600
6,6,True,555,400–600
5,5,True,248,200–400
2,2,True,242,200–400
3,3,True,439,400–600
2,2,True,210,200–400
1,1,True,315,200–400
2,2,True,557,400–600
2,2,True,441,400–600
3,3,True,344,200–400
2,2,True,487,400–600
2,2,True,224,200–400
5,5,True,390,200–400
3,3,True,186,<200
2,2,True,334,200–400
2,2,True,334,200–400
1,1,True,459,400–600
2,2,True,209,200–400
1,2,False,210,200–400
2,2,True,1396,>1200
3,1,False,684,600–800
6,6,True,600,400–600
4,4,True,274,200–400
3,3,True,294,200–400
2,2,True,439,400–600
3,3,True,532,400–600
2,2,True,461,400–600
2,2,True,212,200–400
2,2,True,308,200–400
6,6,True,448,400–600
4,4,True,440,400–600
4,2,False,223,200–400
2,2,True,422,400–600
4,4,True,303,200–400
2,2,True,358,200–400
3,2,False,755,600–800
2,3,False,505,400–600
2,2,True,262,200–400
6,6,True,714,600–800
2,2,True,173,<200
1,1,True,396,200–400
3,3,True,649,600–800
3,3,True,474,400–600
4,4,True,152,<200
3,3,True,3390,>1200
4,4,True,144,<200
4,2,False,331,200–400
2,3,False,288,200–400
3,3,True,254,200–400
3,3,True,795,600–800
2,6,False,437,400–600
4,4,True,750,600–800
2,2,True,850,800–1200
2,1,False,323,200–400
3,6,False,451,400–600
3,3,True,196,<200
2,2,True,238,200–400
2,3,False,526,400–600
2,3,False,197,<200
2,1,False,453,400–600
2,2,True,266,200–400
6,6,True,425,400–600
2,5,False,212,200–400
2,2,True,543,400–600
2,2,True,201,200–400
2,2,True,399,200–400
2,2,True,373,200–400
6,6,True,388,200–400
3,1,False,499,400–600
2,2,True,208,200–400
2,2,True,310,200–400
3,3,True,307,200–400
4,4,True,300,200–400
3,5,False,223,200–400
1,1,True,352,200–400
1,1,True,320,200–400
3,2,False,304,200–400
4,2,False,307,200–400
2,3,False,501,400–600
3,3,True,140,<200
2,6,False,388,200–400
2,3,False,391,200–400
3,5,False,460,400–600
1,1,True,348,200–400
6,6,True,871,800–1200
6,6,True,582,400–600
3,3,True,184,<200
1,1,True,521,400–600
2,3,False,213,200–400
2,2,True,398,200–400
3,1,False,416,400–600
5,5,True,253,200–400
1,1,True,310,200–400
3,3,True,154,<200
3,3,True,150,<200
4,6,False,445,400–600
2,2,True,269,200–400
5,5,True,104,<200
2,3,False,281,200–400
4,4,True,357,200–400
1,6,False,533,400–600
2,2,True,158,<200
2,2,True,346,200–400
2,2,True,430,400–600
2,2,True,333,200–400
1,1,True,271,200–400
2,2,True,3122,>1200
2,5,False,432,400–600
2,3,False,508,400–600
5,5,True,449,400–600
6,6,True,751,600–800
1,1,True,321,200–400
3,3,True,152,<200
2,2,True,345,200–400
1,1,True,515,400–600
3,3,True,197,<200
3,3,True,369,200–400
2,2,True,316,200–400
6,6,True,566,400–600
2,3,False,237,200–400
4,4,True,547,400–600
4,4,True,440,400–600
3,3,True,276,200–400
3,3,True,347,200–400
3,3,True,138,<200
2,2,True,509,400–600
2,2,True,356,200–400
5,5,True,274,200–400
5,4,False,293,200–400
1,1,True,309,200–400
6,6,True,471,400–600
2,2,True,307,200–400
2,2,True,556,400–600
3,3,True,217,200–400
2,2,True,221,200–400
2,3,False,594,400–600
4,4,True,197,<200
4,4,True,224,200–400
1,1,True,396,200–400
6,6,True,395,200–400
6,2,False,341,200–400
6,6,True,351,200–400
3,3,True,137,<200
2,6,False,710,600–800
4,4,True,207,200–400
2,3,False,189,<200
3,3,True,565,400–600
6,6,True,424,400–600
2,1,False,476,400–600
1,1,True,748,600–800
2,3,False,213,200–400
3,3,True,225,200–400
5,3,False,243,200–400
3,3,True,268,200–400
2,2,True,401,400–600
5,5,True,767,600–800
5,5,True,345,200–400
2,2,True,536,400–600
2,2,True,213,200–400
4,4,True,463,400–600
1,1,True,287,200–400
4,6,False,796,600–800
3,3,True,503,400–600
6,6,True,584,400–600
2,4,False,241,200–400
2,2,True,437,400–600
3,3,True,348,200–400
3,3,True,447,400–600
2,2,True,71,<200
2,2,True,238,200–400
5,5,True,341,200–400
5,5,True,448,400–600
6,6,True,406,400–600
1,1,True,464,400–600
1,1,True,81,<200
2,2,True,534,400–600
3,3,True,994,800–1200
2,2,True,247,200–400
1,1,True,757,600–800
5,4,False,344,200–400
5,5,True,448,400–600
6,6,True,416,400–600
1,2,False,466,400–600
3,3,True,597,400–600
1,1,True,284,200–400
3,1,False,270,200–400
2,1,False,418,400–600
3,3,True,285,200–400
3,3,True,105,<200
1,1,True,278,200–400
6,6,True,239,200–400
3,3,True,704,600–800
2,2,True,274,200–400
1,6,False,425,400–600
2,3,False,970,800–1200
2,2,True,2073,>1200
3,3,True,91,<200
5,5,True,370,200–400
2,1,False,589,400–600
3,3,True,497,400–600
2,2,True,181,<200
2,2,True,414,400–600
5,5,True,145,<200
6,6,True,486,400–600
3,3,True,454,400–600
3,3,True,474,400–600
2,5,False,481,400–600
2,2,True,232,200–400
1,1,True,505,400–600
2,5,False,217,200–400
4,4,True,197,<200
1,3,False,274,200–400
1,1,True,492,400–600
3,3,True,1026,800–1200
1,2,False,461,400–600
1,1,True,309,200–400
1,1,True,194,<200
2,2,True,447,400–600
2,2,True,309,200–400
1,1,True,578,400–600
6,6,True,547,400–600
6,6,True,463,400–600
3,1,False,315,200–400
2,2,True,298,200–400
2,2,True,461,400–600
4,4,True,201,200–400
4,4,True,365,200–400
2,2,True,386,200–400
5,2,False,431,400–600
2,2,True,303,200–400
4,4,True,733,600–800
1,6,False,496,400–600
2,2,True,305,200–400
6,6,True,356,200–400
6,2,False,776,600–800
2,2,True,453,400–600
2,2,True,342,200–400
3,2,False,230,200–400
4,4,True,359,200–400
3,3,True,172,<200
2,2,True,260,200–400
3,2,False,829,800–1200
6,6,True,363,200–400
2,2,True,151,<200
2,2,True,315,200–400
3,3,True,237,200–400
6,6,True,429,400–600
4,4,True,715,600–800
2,2,True,408,400–600
6,6,True,337,200–400
4,4,True,257,200–400
3,3,True,196,<200
2,2,True,417,400–600
2,1,False,297,200–400
3,3,True,176,<200
1,1,True,143,<200
1,1,True,303,200–400
2,2,True,259,200–400
6,6,True,99,<200
2,2,True,335,200–400
2,2,True,331,200–400
5,5,True,232,200–400
3,1,False,528,400–600
3,3,True,248,200–400
2,1,False,456,400–600
2,2,True,2588,>1200
2,2,True,533,400–600
2,2,True,226,200–400
5,5,True,210,200–400
2,2,True,355,200–400
2,2,True,382,200–400
6,6,True,339,200–400
3,1,False,317,200–400
3,3,True,173,<200
1,1,True,427,400–600
3,3,True,447,400–600
3,3,True,159,<200
3,3,True,565,400–600
3,3,True,306,200–400
4,4,True,214,200–400
6,3,False,577,400–600
2,2,True,324,200–400
2,2,True,205,200–400
2,2,True,324,200–400
2,2,True,256,200–400
5,5,True,228,200–400
6,6,True,875,800–1200
1,1,True,540,400–600
1,1,True,108,<200
2,2,True,727,600–800
3,3,True,249,200–400
1,1,True,261,200–400
2,2,True,268,200–400
2,2,True,344,200–400
1,1,True,514,400–600
1,6,False,759,600–800
6,6,True,563,400–600
3,3,True,161,<200
1,1,True,341,200–400
3,3,True,3390,>1200
6,6,True,530,400–600
2,2,True,324,200–400
4,4,True,170,<200
2,2,True,444,400–600
1,1,True,487,400–600
2,2,True,457,400–600
5,5,True,310,200–400
2,2,True,319,200–400
3,2,False,235,200–400
6,6,True,819,800–1200
2,2,True,353,200–400
3,2,False,305,200–400
1,1,True,433,400–600
2,4,False,496,400–600
6,6,True,411,400–600
5,5,True,549,400–600
6,6,True,484,400–600
5,5,True,433,400–600
1,1,True,337,200–400
6,6,True,641,600–800
2,2,True,273,200–400
3,2,False,257,200–400
5,5,True,527,400–600
2,6,False,874,800–1200
4,4,True,361,200–400
2,2,True,212,200–400
4,4,True,433,400–600
5,5,True,512,400–600
2,2,True,427,400–600
3,3,True,565,400–600
2,2,True,345,200–400
3,3,True,407,400–600
2,2,True,751,600–800
1,1,True,374,200–400
1,1,True,248,200–400
6,6,True,275,200–400
1,1,True,332,200–400
2,1,False,496,400–600
2,1,False,310,200–400
3,5,False,228,200–400
1,1,True,306,200–400
2,2,True,321,200–400
2,5,False,138,<200
2,3,False,226,200–400
2,3,False,262,200–400
3,3,True,351,200–400
5,5,True,532,400–600
2,6,False,278,200–400
5,5,True,235,200–400
6,6,True,951,800–1200
2,2,True,715,600–800
2,2,True,212,200–400
2,2,True,309,200–400
3,3,True,333,200–400
2,2,True,278,200–400
2,2,True,375,200–400
3,3,True,221,200–400
2,2,True,442,400–600
2,4,False,206,200–400
3,3,True,323,200–400
5,5,True,229,200–400
2,2,True,638,600–800
2,2,True,356,200–400
3,3,True,740,600–800
6,1,False,329,200–400
3,2,False,316,200–400
3,3,True,194,<200
2,2,True,385,200–400
4,4,True,217,200–400
2,2,True,356,200–400
2,2,True,312,200–400
3,2,False,403,400–600
4,4,True,477,400–600
5,6,False,6359,>1200
4,4,True,92,<200
2,2,True,319,200–400
2,2,True,183,<200
6,6,True,941,800–1200
2,2,True,301,200–400
2,2,True,966,800–1200
2,2,True,435,400–600
3,3,True,602,600–800
2,1,False,416,400–600
2,2,True,313,200–400
1,1,True,340,200–400
1,1,True,1034,800–1200
3,3,True,985,800–1200
3,3,True,423,400–600
1,1,True,281,200–400
5,5,True,434,400–600
4,4,True,126,<200
5,5,True,545,400–600
2,2,True,365,200–400
6,6,True,400,200–400
1,1,True,324,200–400
3,3,True,604,600–800
2,2,True,467,400–600
4,4,True,536,400–600
2,6,False,459,400–600
3,2,False,310,200–400
2,2,True,449,400–600
2,2,True,301,200–400
1,1,True,400,200–400
2,4,False,474,400–600
6,6,True,525,400–600
2,6,False,762,600–800
2,5,False,333,200–400
3,3,True,602,600–800
2,2,True,529,400–600
1,5,False,253,200–400
1,1,True,420,400–600
2,2,True,313,200–400
2,2,True,375,200–400
2,5,False,422,400–600
3,3,True,168,<200
3,3,True,1071,800–1200
2,2,True,396,200–400
1,1,True,388,200–400
2,2,True,436,400–600
5,5,True,243,200–400
3,3,True,1187,800–1200
2,3,False,780,600–800
3,3,True,239,200–400
2,2,True,804,800–1200
2,2,True,353,200–400
3,3,True,235,200–400
3,3,True,343,200–400
3,3,True,243,200–400
3,6,False,970,800–1200
2,2,True,946,800–1200
2,2,True,680,600–800
2,2,True,373,200–400
5,5,True,451,400–600
1,2,False,428,400–600
3,3,True,360,200–400
2,2,True,387,200–400
3,1,False,197,<200
2,2,True,290,200–400
2,1,False,503,400–600
2,2,True,355,200–400
1,1,True,379,200–400
3,3,True,535,400–600
6,6,True,430,400–600
2,3,False,364,200–400
2,2,True,417,400–600
6,6,True,464,400–600
6,6,True,571,400–600
3,3,True,729,600–800
5,5,True,359,200–400
1,1,True,285,200–400
5,5,True,437,400–600
3,3,True,134,<200
1,5,False,167,<200
4,4,True,637,600–800
3,3,True,380,200–400
4,4,True,636,600–800
6,6,True,550,400–600
2,2,True,180,<200
3,3,True,601,600–800
5,4,False,295,200–400
6,6,True,687,600–800
6,6,True,635,600–800
3,3,True,280,200–400
2,2,True,314,200–400
2,2,True,1897,>1200
2,2,True,212,200–400
3,1,False,455,400–600
1,1,True,332,200–400
4,4,True,616,600–800
4,4,True,227,200–400
4,4,True,236,200–400
2,2,True,301,200–400
3,3,True,507,400–600
3,3,True,92,<200
2,2,True,255,200–400
5,5,True,344,200–400
1,1,True,385,200–400
2,1,False,443,400–600
4,4,True,558,400–600
2,3,False,217,200–400
3,1,False,838,800–1200
1,1,True,524,400–600
2,2,True,1155,800–1200
2,2,True,398,200–400
1,1,True,494,400–600
3,3,True,304,200–400
2,2,True,304,200–400
5,5,True,445,400–600
2,1,False,388,200–400
5,5,True,510,400–600
2,5,False,246,200–400
4,2,False,791,600–800
4,4,True,161,<200
2,2,True,385,200–400
2,2,True,416,400–600
6,6,True,469,400–600
1,1,True,212,200–400
2,4,False,189,<200
3,3,True,344,200–400
2,2,True,314,200–400
2,2,True,1404,>1200
3,3,True,198,<200
2,1,False,347,200–400
6,6,True,864,800–1200
3,3,True,140,<200
1,6,False,420,400–600
3,3,True,676,600–800
2,2,True,302,200–400
3,5,False,437,400–600
6,5,False,243,200–400
3,2,False,396,200–400
2,2,True,521,400–600
4,4,True,485,400–600
2,6,False,464,400–600
1,1,True,116,<200
3,3,True,765,600–800
3,3,True,256,200–400
2,2,True,315,200–400
2,6,False,409,400–600
1,1,True,275,200–400
4,4,True,194,<200
2,2,True,126,<200
3,3,True,275,200–400
3,3,True,726,600–800
2,2,True,457,400–600
2,2,True,275,200–400
3,3,True,223,200–400
1,1,True,296,200–400
2,4,False,272,200–400
2,2,True,252,200–400
4,4,True,556,400–600
3,3,True,442,400–600
6,6,True,777,600–800
6,6,True,759,600–800
3,3,True,216,200–400
1,1,True,211,200–400
4,1,False,533,400–600
3,3,True,346,200–400
2,2,True,384,200–400
1,1,True,427,400–600
2,2,True,392,200–400
3,2,False,1472,>1200
1,1,True,975,800–1200
5,5,True,201,200–400
3,3,True,567,400–600
3,3,True,1522,>1200
2,2,True,463,400–600
3,3,True,695,600–800
2,2,True,316,200–400
2,2,True,194,<200
6,2,False,253,200–400
2,6,False,406,400–600
6,6,True,551,400–600
2,2,True,1465,>1200
3,4,False,213,200–400
6,6,True,466,400–600
2,2,True,433,400–600
2,2,True,1188,800–1200
3,3,True,276,200–400
6,6,True,465,400–600
4,4,True,299,200–400
4,4,True,138,<200
1,1,True,398,200–400
4,4,True,190,<200
5,2,False,298,200–400
6,6,True,872,800–1200
6,6,True,576,400–600
5,3,False,532,400–600
3,3,True,248,200–400
5,5,True,271,200–400
2,2,True,322,200–400
2,5,False,259,200–400
5,5,True,305,200–400
2,2,True,763,600–800
4,4,True,190,<200
2,2,True,251,200–400
3,3,True,146,<200
1,1,True,275,200–400
2,2,True,427,400–600
6,6,True,741,600–800
2,2,True,474,400–600
2,2,True,432,400–600
2,1,False,443,400–600
1,1,True,489,400–600
2,2,True,899,800–1200
6,6,True,557,400–600
2,1,False,410,400–600
3,3,True,602,600–800
6,6,True,743,600–800
1,1,True,208,200–400
3,3,True,453,400–600
4,4,True,260,200–400
1,4,False,164,<200
2,2,True,369,200–400
2,2,True,360,200–400
2,3,False,238,200–400
3,1,False,323,200–400
1,1,True,501,400–600
3,3,True,721,600–800
3,3,True,376,200–400
2,2,True,408,400–600
1,2,False,416,400–600
2,3,False,306,200–400
3,3,True,413,400–600
6,6,True,1105,800–1200
5,5,True,235,200–400
3,3,True,151,<200
3,3,True,1789,>1200
2,2,True,329,200–400
1,1,True,330,200–400
3,3,True,294,200–400
1,1,True,329,200–400
6,6,True,804,800–1200
6,6,True,387,200–400
6,6,True,583,400–600
3,3,True,163,<200
1,1,True,424,400–600
3,3,True,78,<200
3,3,True,813,800–1200
3,3,True,202,200–400
6,6,True,896,800–1200
6,6,True,869,800–1200
2,2,True,243,200–400
6,6,True,434,400–600
2,2,True,170,<200
3,2,False,225,200–400
1,1,True,339,200–400
2,2,True,216,200–400
3,3,True,254,200–400
4,4,True,284,200–400
4,4,True,309,200–400
2,2,True,366,200–400
1,1,True,310,200–400
2,1,False,792,600–800
6,6,True,674,600–800
4,4,True,455,400–600
3,6,False,463,400–600
3,2,False,431,400–600
2,2,True,317,200–400
6,3,False,604,600–800
2,2,True,293,200–400
2,2,True,890,800–1200
3,3,True,610,600–800
5,2,False,362,200–400
1,3,False,246,200–400
4,3,False,601,600–800
2,2,True,416,400–600
2,1,False,448,400–600
3,3,True,335,200–400
1,1,True,154,<200
2,2,True,330,200–400
5,3,False,801,800–1200
2,4,False,258,200–400
4,4,True,390,200–400
2,3,False,1115,800–1200
6,1,False,448,400–600
3,3,True,219,200–400
4,4,True,461,400–600
2,2,True,217,200–400
2,1,False,357,200–400
6,6,True,430,400–600
3,3,True,597,400–600
2,2,True,290,200–400
2,2,True,223,200–400
5,5,True,346,200–400
6,6,True,948,800–1200
6,6,True,474,400–600
3,3,True,320,200–400
2,2,True,313,200–400
2,3,False,292,200–400
3,3,True,161,<200
5,5,True,411,400–600
3,3,True,527,400–600
1,1,True,338,200–400
6,6,True,671,600–800
2,4,False,275,200–400
6,6,True,687,600–800
2,2,True,181,<200
4,5,False,309,200–400
2,2,True,160,<200
2,3,False,242,200–400
3,3,True,641,600–800
5,2,False,1093,800–1200
2,3,False,485,400–600
3,3,True,599,400–600
2,2,True,670,600–800
5,5,True,548,400–600
2,2,True,305,200–400
2,2,True,442,400–600
2,2,True,456,400–600
1,1,True,307,200–400
3,3,True,602,600–800
2,1,False,486,400–600
5,5,True,171,<200
2,3,False,198,<200
3,3,True,1029,800–1200
3,3,True,256,200–400
4,4,True,164,<200
4,4,True,475,400–600
2,2,True,360,200–400
6,6,True,537,400–600
3,3,True,153,<200
2,1,False,362,200–400
2,2,True,408,400–600
6,6,True,493,400–600
3,3,True,914,800–1200
6,6,True,228,200–400
6,6,True,436,400–600
3,3,True,223,200–400
5,5,True,601,600–800
3,3,True,199,<200
6,6,True,546,400–600
1,1,True,360,200–400
2,2,True,351,200–400
3,3,True,216,200–400
2,2,True,709,600–800
2,2,True,366,200–400
2,2,True,360,200–400
2,1,False,472,400–600
2,2,True,238,200–400
4,4,True,354,200–400
2,2,True,271,200–400
3,2,False,312,200–400
2,2,True,386,200–400
6,6,True,647,600–800
2,2,True,480,400–600
3,2,False,1544,>1200
2,2,True,700,600–800
3,3,True,690,600–800
4,4,True,463,400–600
1,1,True,495,400–600
1,1,True,337,200–400
2,2,True,470,400–600
2,3,False,162,<200
4,4,True,471,400–600
3,3,True,162,<200
2,2,True,384,200–400
3,3,True,353,200–400
2,2,True,242,200–400
5,5,True,516,400–600
6,3,False,353,200–400
3,4,False,428,400–600
4,4,True,374,200–400
1,1,True,187,<200
2,2,True,225,200–400
2,2,True,311,200–400
2,1,False,490,400–600
2,2,True,234,200–400
3,3,True,395,200–400
2,4,False,1112,800–1200
3,3,True,800,600–800
1,1,True,333,200–400
1,1,True,359,200–400
1,1,True,385,200–400
2,3,False,225,200–400
2,2,True,250,200–400
1,1,True,334,200–400
3,6,False,655,600–800
5,5,True,349,200–400
5,5,True,274,200–400
6,6,True,95,<200
1,1,True,346,200–400
3,3,True,658,600–800
3,3,True,188,<200
1,1,True,440,400–600
6,6,True,572,400–600
5,5,True,795,600–800
1,3,False,340,200–400
2,2,True,198,<200
2,3,False,164,<200
5,5,True,505,400–600
2,3,False,262,200–400
4,2,False,352,200–400
3,3,True,1719,>1200
3,3,True,229,200–400
6,6,True,430,400–600
2,5,False,248,200–400
1,1,True,414,400–600
2,2,True,368,200–400
5,5,True,428,400–600
2,6,False,803,800–1200
2,2,True,296,200–400
3,2,False,439,400–600
3,3,True,572,400–600
3,3,True,834,800–1200
3,3,True,406,400–600
2,2,True,393,200–400
5,5,True,205,200–400
2,2,True,374,200–400
2,2,True,227,200–400
1,1,True,311,200–400
2,2,True,299,200–400
3,3,True,266,200–400
2,2,True,3227,>1200
3,3,True,226,200–400
3,3,True,596,400–600
5,5,True,278,200–400
3,3,True,217,200–400
4,4,True,96,<200
2,2,True,764,600–800
2,3,False,236,200–400
1,1,True,363,200–400
3,3,True,478,400–600
2,3,False,178,<200
2,2,True,773,600–800
2,5,False,226,200–400
3,3,True,464,400–600
2,2,True,293,200–400
2,3,False,91,<200
1,1,True,268,200–400
5,5,True,243,200–400
2,3,False,185,<200
2,2,True,1399,>1200
6,6,True,461,400–600
2,1,False,344,200–400
2,2,True,203,200–400
3,3,True,247,200–400
2,2,True,256,200–400
3,3,True,125,<200
2,2,True,152,<200
1,1,True,372,200–400
2,2,True,453,400–600
4,4,True,388,200–400
3,5,False,808,800–1200
3,3,True,230,200–400
1,1,True,513,400–600
2,2,True,206,200–400
5,5,True,255,200–400
4,4,True,286,200–400
3,3,True,305,200–400
5,5,True,357,200–400
5,5,True,269,200–400
3,3,True,144,<200
6,6,True,408,400–600
2,2,True,359,200–400
4,4,True,191,<200
3,3,True,145,<200
5,2,False,122,<200
2,3,False,580,400–600
3,3,True,654,600–800
6,6,True,876,800–1200
2,3,False,652,600–800
6,6,True,438,400–600
1,4,False,206,200–400
3,4,False,140,<200
2,3,False,360,200–400
1,1,True,261,200–400
3,3,True,336,200–400
6,6,True,509,400–600
2,2,True,234,200–400
2,4,False,190,<200
4,4,True,415,400–600
2,2,True,246,200–400
2,2,True,352,200–400
2,2,True,474,400–600
6,6,True,863,800–1200
5,5,True,473,400–600
5,5,True,447,400–600
1,6,False,454,400–600
2,2,True,292,200–400
3,3,True,291,200–400
2,2,True,405,400–600
6,6,True,462,400–600
2,5,False,257,200–400
3,3,True,476,400–600
2,2,True,367,200–400
3,3,True,448,400–600
1,2,False,312,200–400
4,4,True,542,400–600
1,4,False,794,600–800
1,2,False,279,200–400
4,4,True,424,400–600
3,3,True,725,600–800
3,3,True,154,<200
2,2,True,486,400–600
2,2,True,3028,>1200
3,3,True,180,<200
4,4,True,284,200–400
6,6,True,535,400–600
3,2,False,357,200–400
4,4,True,309,200–400
2,2,True,281,200–400
6,6,True,521,400–600
3,3,True,508,400–600
2,2,True,419,400–600
2,2,True,389,200–400
2,2,True,360,200–400
3,3,True,704,600–800
5,5,True,341,200–400
6,6,True,309,200–400
3,3,True,191,<200
2,2,True,427,400–600
2,2,True,406,400–600
2,2,True,817,800–1200
3,2,False,295,200–400
2,2,True,685,600–800
3,3,True,265,200–400
2,2,True,325,200–400
1,1,True,736,600–800
2,1,False,286,200–400
5,5,True,454,400–600
2,2,True,295,200–400
2,2,True,247,200–400
5,5,True,164,<200
5,5,True,370,200–400
2,2,True,213,200–400
3,3,True,1171,800–1200
3,6,False,432,400–600
3,3,True,100,<200
3,3,True,201,200–400
1,1,True,393,200–400
1,1,True,569,400–600
3,3,True,348,200–400
2,2,True,89,<200
3,3,True,346,200–400
5,5,True,865,800–1200
3,1,False,513,400–600
3,3,True,597,400–600
4,4,True,109,<200
2,2,True,318,200–400
2,2,True,364,200–400
4,4,True,768,600–800
2,2,True,425,400–600
1,1,True,381,200–400
6,6,True,652,600–800
6,1,False,291,200–400
6,6,True,528,400–600
5,5,True,496,400–600
5,5,True,215,200–400
6,6,True,577,400–600
2,2,True,245,200–400
3,3,True,435,400–600
1,1,True,474,400–600
3,3,True,276,200–400
2,2,True,301,200–400
3,3,True,465,400–600
2,6,False,607,600–800
2,2,True,254,200–400
2,2,True,300,200–400
2,2,True,323,200–400
1,1,True,299,200–400
2,2,True,295,200–400
3,3,True,261,200–400
1,1,True,466,400–600
4,4,True,459,400–600
3,3,True,120,<200
2,2,True,299,200–400
4,5,False,234,200–400
2,2,True,159,<200
1,1,True,263,200–400
2,6,False,986,800–1200
4,4,True,211,200–400
6,1,False,419,400–600
1,1,True,308,200–400
2,3,False,118,<200
2,3,False,1173,800–1200
2,2,True,434,400–600
2,2,True,388,200–400
2,2,True,351,200–400
2,2,True,209,200–400
2,2,True,183,<200
2,2,True,523,400–600
1,1,True,166,<200
5,5,True,264,200–400
3,3,True,1133,800–1200
2,2,True,915,800–1200
5,5,True,247,200–400
3,3,True,595,400–600
1,1,True,227,200–400
6,6,True,921,800–1200
5,5,True,206,200–400
5,5,True,267,200–400
3,3,True,199,<200
1,1,True,442,400–600
3,3,True,195,<200
3,3,True,306,200–400
2,5,False,517,400–600
1,1,True,346,200–400
2,2,True,210,200–400
4,4,True,466,400–600
3,3,True,1141,800–1200
3,3,True,152,<200
1,1,True,398,200–400
2,2,True,225,200–400
3,3,True,205,200–400
6,6,True,342,200–400
1,1,True,339,200–400
6,6,True,550,400–600
1,1,True,357,200–400
3,3,True,1064,800–1200
5,5,True,765,600–800
2,2,True,551,400–600
1,1,True,341,200–400
2,2,True,398,200–400
2,2,True,352,200–400
2,2,True,239,200–400
6,6,True,505,400–600
1,4,False,548,400–600
1,1,True,199,<200
6,6,True,99,<200
3,3,True,509,400–600
2,2,True,331,200–400
3,1,False,643,600–800
6,6,True,494,400–600
2,2,True,701,600–800
4,4,True,555,400–600
2,6,False,433,400–600
2,2,True,326,200–400
4,4,True,366,200–400
4,4,True,349,200–400
1,1,True,550,400–600
4,4,True,618,600–800
1,5,False,298,200–400
2,2,True,331,200–400
3,3,True,201,200–400
2,2,True,357,200–400
1,1,True,481,400–600
3,3,True,397,200–400
6,6,True,886,800–1200
2,1,False,463,400–600
1,1,True,421,400–600
5,5,True,445,400–600
2,2,True,656,600–800
3,3,True,154,<200
4,4,True,429,400–600
2,2,True,471,400–600
1,1,True,188,<200
3,3,True,596,400–600
2,2,True,368,200–400
2,2,True,219,200–400
4,4,True,457,400–600
1,1,True,304,200–400
6,3,False,707,600–800
3,3,True,524,400–600
1,1,True,492,400–600
3,3,True,86,<200
2,4,False,232,200–400
6,6,True,237,200–400
2,2,True,337,200–400
6,6,True,447,400–600
2,1,False,542,400–600
3,3,True,166,<200
6,6,True,428,400–600
1,1,True,468,400–600
4,4,True,390,200–400
1,1,True,829,800–1200
4,4,True,126,<200
1,3,False,1165,800–1200
4,4,True,440,400–600
1,1,True,448,400–600
2,2,True,109,<200
2,2,True,350,200–400
5,5,True,647,600–800
2,2,True,399,200–400
2,2,True,128,<200
4,4,True,203,200–400
4,4,True,166,<200
3,1,False,364,200–400
3,3,True,665,600–800
1,1,True,362,200–400
2,2,True,227,200–400
2,2,True,331,200–400
3,3,True,633,600–800
3,3,True,554,400–600
2,2,True,340,200–400
2,2,True,334,200–400
5,5,True,294,200–400
2,2,True,76,<200
1,1,True,188,<200
2,1,False,406,400–600
2,6,False,598,400–600
6,6,True,272,200–400
6,6,True,219,200–400
4,4,True,435,400–600
2,2,True,324,200–400
2,2,True,306,200–400
2,2,True,364,200–400
3,3,True,257,200–400
2,2,True,173,<200
2,2,True,210,200–400
2,2,True,160,<200
2,2,True,393,200–400
3,3,True,192,<200
6,6,True,258,200–400
1,1,True,211,200–400
3,3,True,437,400–600
2,1,False,275,200–400
1,3,False,433,400–600
1,1,True,570,400–600
6,6,True,476,400–600
4,4,True,350,200–400
2,2,True,359,200–400
3,3,True,212,200–400
3,2,False,346,200–400
6,6,True,434,400–600
6,6,True,421,400–600
5,5,True,442,400–600
2,2,True,68,<200
3,3,True,311,200–400
2,2,True,213,200–400
3,3,True,101,<200
3,2,False,179,<200
4,4,True,615,600–800
2,2,True,388,200–400
2,2,True,337,200–400
2,2,True,209,200–400
2,2,True,243,200–400
2,2,True,396,200–400
2,2,True,1161,800–1200
2,2,True,276,200–400
1,1,True,315,200–400
3,2,False,409,400–600
2,2,True,245,200–400
2,2,True,279,200–400
2,3,False,186,<200
5,5,True,247,200–400
2,3,False,241,200–400
2,1,False,482,400–600
1,1,True,527,400–600
4,1,False,424,400–600
2,2,True,249,200–400
2,2,True,310,200–400
4,4,True,334,200–400
2,3,False,1243,>1200
4,4,True,261,200–400
1,1,True,250,200–400
3,3,True,423,400–600
2,2,True,418,400–600
2,2,True,275,200–400
1,1,True,243,200–400
3,3,True,277,200–400
2,6,False,476,400–600
3,3,True,175,<200
5,5,True,256,200–400
4,4,True,612,600–800
6,6,True,743,600–800
2,2,True,368,200–400
2,2,True,294,200–400
3,1,False,329,200–400
2,2,True,368,200–400
2,2,True,302,200–400
2,2,True,181,<200
1,1,True,218,200–400
3,2,False,228,200–400
5,5,True,383,200–400
3,3,True,1493,>1200
2,3,False,837,800–1200
4,5,False,280,200–400
4,4,True,323,200–400
2,2,True,241,200–400
3,3,True,184,<200
4,2,False,309,200–400
2,2,True,182,<200
2,2,True,214,200–400
4,4,True,264,200–400
3,2,False,325,200–400
1,1,True,327,200–400
1,1,True,344,200–400
1,1,True,351,200–400
2,2,True,1070,800–1200
2,2,True,273,200–400
2,2,True,949,800–1200
5,5,True,434,400–600
2,2,True,1203,>1200
3,3,True,354,200–400
2,2,True,325,200–400
2,2,True,319,200–400
2,2,True,275,200–400
2,2,True,238,200–400
1,1,True,443,400–600
3,3,True,521,400–600
2,2,True,355,200–400
6,6,True,341,200–400
6,6,True,360,200–400
2,2,True,395,200–400
3,3,True,566,400–600
4,4,True,406,400–600
2,2,True,217,200–400
2,2,True,211,200–400
2,2,True,285,200–400
4,4,True,391,200–400
2,2,True,207,200–400
6,6,True,312,200–400
2,2,True,584,400–600
2,3,False,536,400–600
2,2,True,245,200–400
5,5,True,446,400–600
3,3,True,506,400–600
1,1,True,863,800–1200
1,1,True,455,400–600
3,6,False,813,800–1200
6,6,True,425,400–600
5,5,True,330,200–400
3,2,False,358,200–400
6,6,True,292,200–400
2,2,True,393,200–400
4,4,True,305,200–400
6,6,True,966,800–1200
2,2,True,421,400–600
2,2,True,712,600–800
2,2,True,221,200–400
3,3,True,632,600–800
3,3,True,209,200–400
3,3,True,194,<200
3,3,True,395,200–400
5,2,False,216,200–400
2,2,True,318,200–400
2,2,True,390,200–400
3,3,True,409,400–600
4,4,True,145,<200
3,3,True,289,200–400
2,1,False,331,200–400
1,1,True,336,200–400
4,4,True,460,400–600
2,2,True,359,200–400
2,2,True,394,200–400
2,3,False,333,200–400
2,2,True,457,400–600
2,2,True,347,200–400
1,1,True,600,400–600
1,1,True,208,200–400
4,4,True,293,200–400
5,5,True,258,200–400
3,1,False,342,200–400
2,4,False,256,200–400
2,2,True,209,200–400
2,2,True,381,200–400
2,2,True,511,400–600
3,3,True,231,200–400
2,2,True,380,200–400
5,5,True,304,200–400
2,3,False,1483,>1200
1,1,True,342,200–400
6,6,True,819,800–1200
2,3,False,170,<200
2,2,True,486,400–600
1,1,True,671,600–800
2,6,False,483,400–600
3,1,False,557,400–600
6,6,True,486,400–600
1,1,True,420,400–600
2,3,False,901,800–1200
4,4,True,940,800–1200
2,2,True,199,<200
3,3,True,271,200–400
2,2,True,270,200–400
2,2,True,918,800–1200
2,2,True,332,200–400
3,5,False,230,200–400
2,3,False,445,400–600
4,3,False,735,600–800
2,1,False,286,200–400
2,2,True,427,400–600
1,1,True,277,200–400
3,3,True,222,200–400
3,3,True,335,200–400
3,3,True,334,200–400
2,2,True,321,200–400
5,5,True,350,200–400
3,3,True,318,200–400
1,1,True,413,400–600
2,3,False,128,<200
2,2,True,374,200–400
3,3,True,93,<200
2,2,True,369,200–400
5,4,False,451,400–600
6,6,True,228,200–400
2,2,True,238,200–400
1,1,True,284,200–400
2,2,True,233,200–400
2,2,True,314,200–400
2,4,False,264,200–400
2,2,True,156,<200
1,1,True,334,200–400
2,2,True,406,400–600
1,1,True,486,400–600
2,1,False,350,200–400
3,2,False,285,200–400
4,4,True,396,200–400
3,3,True,391,200–400
2,1,False,316,200–400
6,4,False,232,200–400
2,2,True,279,200–400
1,1,True,345,200–400
1,1,True,338,200–400
3,3,True,204,200–400
6,6,True,421,400–600
2,2,True,438,400–600
4,4,True,261,200–400
3,3,True,339,200–400
2,2,True,260,200–400
2,2,True,360,200–400
6,6,True,539,400–600
2,1,False,430,400–600
3,3,True,302,200–400
3,3,True,193,<200
4,4,True,344,200–400
6,6,True,562,400–600
6,2,False,516,400–600
3,4,False,177,<200
3,3,True,520,400–600
3,3,True,253,200–400
2,2,True,319,200–400
3,3,True,185,<200
5,5,True,318,200–400
3,3,True,183,<200
4,4,True,363,200–400
6,6,True,591,400–600
2,2,True,258,200–400
3,3,True,413,400–600
2,2,True,328,200–400
2,2,True,332,200–400
2,2,True,295,200–400
2,2,True,2528,>1200
1,1,True,131,<200
1,1,True,325,200–400
1,6,False,528,400–600
2,2,True,377,200–400
1,1,True,750,600–800
6,6,True,361,200–400
3,4,False,234,200–400
2,2,True,327,200–400
2,2,True,463,400–600
4,4,True,565,400–600
2,2,True,268,200–400
3,3,True,205,200–400
6,6,True,544,400–600
3,3,True,626,600–800
3,3,True,443,400–600
3,3,True,202,200–400
3,3,True,196,<200
3,3,True,530,400–600
1,2,False,522,400–600
3,3,True,296,200–400
6,6,True,557,400–600
2,6,False,447,400–600
3,3,True,149,<200
2,2,True,1518,>1200
3,3,True,304,200–400
2,2,True,174,<200
3,3,True,310,200–400
2,2,True,216,200–400
3,3,True,73,<200
2,2,True,271,200–400
3,3,True,419,400–600
3,3,True,749,600–800
4,4,True,150,<200
3,3,True,375,200–400
6,6,True,428,400–600
2,2,True,221,200–400
2,2,True,796,600–800
4,4,True,514,400–600
3,3,True,136,<200
3,4,False,204,200–400
2,6,False,726,600–800
2,3,False,1462,>1200
2,2,True,459,400–600
3,3,True,186,<200
5,2,False,711,600–800
2,3,False,78,<200
1,1,True,533,400–600
3,4,False,213,200–400
2,6,False,595,400–600
1,1,True,360,200–400
2,2,True,359,200–400
1,1,True,349,200–400
3,3,True,338,200–400
3,3,True,340,200–400
2,2,True,309,200–400
2,2,True,370,200–400
2,2,True,256,200–400
2,5,False,240,200–400
2,2,True,297,200–400
6,6,True,409,400–600
6,6,True,403,400–600
2,5,False,288,200–400
4,4,True,146,<200
3,2,False,250,200–400
2,2,True,216,200–400
3,3,True,201,200–400
5,5,True,469,400–600
2,2,True,499,400–600
2,2,True,374,200–400
4,4,True,167,<200
2,2,True,353,200–400
3,5,False,422,400–600
3,3,True,836,800–1200
5,5,True,251,200–400
2,2,True,263,200–400
2,1,False,348,200–400
1,1,True,539,400–600
3,3,True,481,400–600
2,6,False,471,400–600
1,1,True,281,200–400
3,3,True,602,600–800
3,3,True,276,200–400
5,5,True,139,<200
2,3,False,443,400–600
6,6,True,305,200–400
3,3,True,361,200–400
4,4,True,366,200–400
1,1,True,889,800–1200
4,4,True,146,<200
2,2,True,147,<200
2,2,True,150,<200
2,1,False,517,400–600
2,2,True,2147,>1200
2,2,True,206,200–400
6,6,True,446,400–600
3,4,False,107,<200
2,3,False,257,200–400
1,1,True,353,200–400
2,2,True,394,200–400
3,3,True,2997,>1200
3,1,False,171,<200
4,4,True,126,<200
3,1,False,740,600–800
5,5,True,218,200–400
4,4,True,344,200–400
3,3,True,236,200–400
4,4,True,368,200–400
2,5,False,363,200–400
4,4,True,293,200–400
2,4,False,202,200–400
3,2,False,281,200–400
6,2,False,7214,>1200
1,1,True,270,200–400
3,3,True,458,400–600
1,1,True,532,400–600
2,2,True,241,200–400
3,3,True,301,200–400
6,6,True,487,400–600
1,1,True,452,400–600
3,3,True,610,600–800
2,2,True,286,200–400
3,3,True,217,200–400
2,2,True,452,400–600
2,2,True,171,<200
2,2,True,317,200–400
3,3,True,189,<200
3,3,True,216,200–400
2,5,False,209,200–400
2,2,True,526,400–600
3,3,True,154,<200
6,6,True,373,200–400
2,2,True,367,200–400
5,5,True,226,200–400
2,2,True,527,400–600
2,3,False,367,200–400
2,6,False,484,400–600
2,2,True,289,200–400
1,1,True,501,400–600
6,6,True,522,400–600
3,3,True,293,200–400
1,1,True,279,200–400
3,3,True,598,400–600
2,2,True,421,400–600
2,2,True,160,<200
1,1,True,501,400–600
1,1,True,1545,>1200
2,2,True,459,400–600
4,4,True,217,200–400
3,3,True,553,400–600
2,2,True,424,400–600
1,1,True,425,400–600
3,3,True,252,200–400
1,1,True,515,400–600
3,3,True,599,400–600
6,6,True,578,400–600
6,2,False,7260,>1200
2,2,True,253,200–400
4,3,False,203,200–400
2,2,True,463,400–600
2,2,True,231,200–400
4,4,True,403,400–600
4,4,True,217,200–400
2,2,True,325,200–400
3,3,True,268,200–400
3,3,True,104,<200
3,3,True,203,200–400
2,3,False,399,200–400
3,3,True,252,200–400
4,4,True,433,400–600
5,5,True,224,200–400
6,6,True,483,400–600
3,1,False,287,200–400
3,3,True,307,200–400
5,5,True,490,400–600
1,2,False,304,200–400
2,1,False,408,400–600
3,3,True,597,400–600
4,4,True,456,400–600
6,6,True,592,400–600
1,1,True,372,200–400
3,3,True,189,<200
6,6,True,681,600–800
5,3,False,115,<200
6,6,True,595,400–600
6,6,True,432,400–600
3,3,True,1241,>1200
2,2,True,239,200–400
3,1,False,309,200–400
3,3,True,408,400–600
2,2,True,204,200–400
3,3,True,92,<200
1,1,True,485,400–600
1,1,True,431,400–600
2,2,True,313,200–400
3,3,True,838,800–1200
4,4,True,296,200–400
3,1,False,176,<200
4,4,True,338,200–400
2,2,True,1187,800–1200
2,2,True,249,200–400
6,6,True,865,800–1200
2,2,True,321,200–400
2,2,True,211,200–400
1,1,True,955,800–1200
2,2,True,324,200–400
2,2,True,192,<200
3,3,True,1481,>1200
5,5,True,356,200–400
4,4,True,242,200–400
5,5,True,300,200–400
4,4,True,202,200–400
2,6,False,408,400–600
5,5,True,426,400–600
3,2,False,291,200–400
3,3,True,151,<200
4,4,True,190,<200
2,2,True,468,400–600
1,2,False,199,<200
2,2,True,317,200–400
2,2,True,354,200–400
2,2,True,141,<200
3,2,False,401,400–600
2,2,True,350,200–400
2,2,True,360,200–400
4,3,False,267,200–400
2,2,True,801,800–1200
6,6,True,464,400–600
3,2,False,2469,>1200
6,6,True,480,400–600
3,3,True,195,<200
4,4,True,246,200–400
3,3,True,338,200–400
3,3,True,292,200–400
3,4,False,314,200–400
3,1,False,1030,800–1200
3,3,True,480,400–600
5,5,True,712,600–800
3,3,True,410,400–600
2,2,True,532,400–600
1,1,True,486,400–600
2,2,True,480,400–600
2,2,True,391,200–400
1,1,True,224,200–400
2,2,True,777,600–800
2,2,True,238,200–400
6,6,True,471,400–600
4,4,True,401,400–600
2,2,True,272,200–400
2,2,True,305,200–400
3,2,False,267,200–400
4,4,True,202,200–400
3,3,True,185,<200
3,3,True,156,<200
2,2,True,439,400–600
4,4,True,270,200–400
3,3,True,662,600–800
5,5,True,428,400–600
2,2,True,403,400–600
2,2,True,228,200–400
2,2,True,380,200–400
3,3,True,229,200–400
5,5,True,549,400–600
4,3,False,250,200–400
6,6,True,693,600–800
2,2,True,329,200–400
2,2,True,453,400–600
3,1,False,270,200–400
6,6,True,301,200–400
1,1,True,390,200–400
6,3,False,173,<200
2,6,False,1170,800–1200
5,5,True,452,400–600
4,4,True,158,<200
3,3,True,161,<200
4,4,True,427,400–600
3,3,True,2897,>1200
2,2,True,501,400–600
6,6,True,463,400–600
4,4,True,375,200–400
4,4,True,358,200–400
2,5,False,496,400–600
5,5,True,244,200–400
4,2,False,174,<200
3,3,True,327,200–400
5,5,True,621,600–800
4,4,True,1151,800–1200
2,2,True,306,200–400
4,2,False,390,200–400
3,1,False,538,400–600
6,2,False,396,200–400
3,3,True,211,200–400
6,6,True,481,400–600
1,1,True,520,400–600
1,1,True,340,200–400
2,2,True,248,200–400
2,3,False,185,<200
2,2,True,300,200–400
4,4,True,236,200–400
4,4,True,192,<200
2,2,True,441,400–600
6,6,True,491,400–600
5,5,True,264,200–400
3,3,True,542,400–600
3,3,True,260,200–400
2,3,False,794,600–800
1,6,False,967,800–1200
2,2,True,451,400–600
2,2,True,324,200–400
3,1,False,296,200–400
2,2,True,428,400–600
1,1,True,283,200–400
2,2,True,298,200–400
2,2,True,227,200–400
2,3,False,686,600–800
3,3,True,350,200–400
2,2,True,221,200–400
4,4,True,150,<200
2,2,True,158,<200
6,6,True,467,400–600
3,3,True,865,800–1200
1,5,False,297,200–400
2,2,True,396,200–400
6,6,True,385,200–400
2,2,True,258,200–400
4,4,True,425,400–600
2,2,True,287,200–400
2,6,False,808,800–1200
3,3,True,162,<200
6,1,False,447,400–600
2,4,False,171,<200
6,6,True,569,400–600
2,2,True,407,400–600
1,1,True,506,400–600
3,3,True,297,200–400
3,3,True,265,200–400
6,6,True,308,200–400
2,2,True,365,200–400
2,2,True,451,400–600
5,5,True,250,200–400
6,2,False,317,200–400
5,5,True,211,200–400
4,6,False,1318,>1200
2,2,True,236,200–400
3,6,False,843,800–1200
2,2,True,458,400–600
3,3,True,94,<200
2,2,True,360,200–400
6,6,True,410,400–600
3,3,True,75,<200
4,4,True,1168,800–1200
3,3,True,526,400–600
5,5,True,434,400–600
4,4,True,257,200–400
3,3,True,885,800–1200
2,2,True,385,200–400
1,1,True,169,<200
2,2,True,189,<200
2,2,True,538,400–600
1,1,True,383,200–400
6,6,True,479,400–600
3,3,True,1070,800–1200
2,2,True,347,200–400
2,2,True,245,200–400
2,2,True,301,200–400
2,2,True,338,200–400
2,2,True,1342,>1200
1,1,True,302,200–400
2,3,False,284,200–400
1,1,True,370,200–400
3,3,True,783,600–800
3,3,True,264,200–400
2,2,True,719,600–800
6,1,False,541,400–600
2,2,True,330,200–400
3,2,False,305,200–400
2,6,False,469,400–600
4,4,True,197,<200
3,3,True,275,200–400
2,2,True,1394,>1200
2,2,True,307,200–400
4,4,True,413,400–600
2,2,True,836,800–1200
6,6,True,941,800–1200
2,3,False,453,400–600
2,2,True,370,200–400
2,2,True,159,<200
2,2,True,321,200–400
4,4,True,466,400–600
2,2,True,302,200–400
2,2,True,445,400–600
6,6,True,481,400–600
5,5,True,252,200–400
2,2,True,440,400–600
3,3,True,208,200–400
5,5,True,407,400–600
5,5,True,311,200–400
2,2,True,418,400–600
3,2,False,288,200–400
6,6,True,329,200–400
2,2,True,237,200–400
3,3,True,214,200–400
2,2,True,153,<200
4,4,True,474,400–600
1,1,True,271,200–400
2,1,False,363,200–400
2,2,True,397,200–400
4,4,True,201,200–400
3,3,True,274,200–400
3,3,True,250,200–400
5,5,True,434,400–600
2,2,True,526,400–600
3,3,True,376,200–400
6,6,True,400,200–400
2,2,True,502,400–600
1,1,True,359,200–400
2,3,False,986,800–1200
3,4,False,380,200–400
1,1,True,426,400–600
1,1,True,156,<200
3,3,True,138,<200
5,5,True,432,400–600
1,3,False,89,<200
2,2,True,152,<200
2,5,False,261,200–400
3,1,False,317,200–400
5,5,True,448,400–600
4,4,True,366,200–400
2,2,True,317,200–400
3,3,True,205,200–400
3,3,True,780,600–800
2,2,True,500,400–600
4,3,False,250,200–400
4,4,True,428,400–600
5,2,False,230,200–400
1,1,True,220,200–400
2,1,False,322,200–400
2,2,True,263,200–400
3,2,False,511,400–600
4,4,True,456,400–600
2,2,True,259,200–400
2,2,True,366,200–400
3,3,True,563,400–600
2,2,True,324,200–400
1,1,True,277,200–400
1,3,False,197,<200
5,5,True,171,<200
2,2,True,323,200–400
2,2,True,312,200–400
2,2,True,262,200–400
3,3,True,366,200–400
1,1,True,415,400–600
2,2,True,1072,800–1200
2,2,True,861,800–1200
2,2,True,216,200–400
2,2,True,1001,800–1200
1,1,True,725,600–800
3,3,True,498,400–600
2,2,True,347,200–400
3,3,True,739,600–800
2,2,True,1133,800–1200
2,2,True,1068,800–1200
2,2,True,356,200–400
1,1,True,365,200–400
2,2,True,543,400–600
2,2,True,337,200–400
4,4,True,145,<200
1,4,False,267,200–400
1,1,True,228,200–400
2,2,True,294,200–400
3,3,True,2209,>1200
6,3,False,482,400–600
3,1,False,393,200–400
6,6,True,592,400–600
2,2,True,898,800–1200
1,1,True,446,400–600
2,2,True,245,200–400
2,2,True,284,200–400
2,2,True,276,200–400
6,6,True,881,800–1200
2,2,True,335,200–400
4,4,True,352,200–400
2,2,True,215,200–400
2,2,True,239,200–400
6,2,False,203,200–400
2,2,True,308,200–400
1,1,True,209,200–400
4,4,True,417,400–600
2,3,False,325,200–400
1,1,True,190,<200
1,1,True,393,200–400
3,6,False,1124,800–1200
6,6,True,274,200–400
2,2,True,453,400–600
2,2,True,307,200–400
1,1,True,338,200–400
1,1,True,382,200–400
4,4,True,146,<200
2,2,True,397,200–400
1,1,True,179,<200
6,6,True,590,400–600
4,4,True,151,<200
3,3,True,241,200–400
3,1,False,344,200–400
1,3,False,458,400–600
3,3,True,223,200–400
3,3,True,465,400–600
2,1,False,414,400–600
2,2,True,334,200–400
1,4,False,182,<200
3,3,True,144,<200
2,2,True,313,200–400
3,4,False,346,200–400
6,6,True,501,400–600
3,3,True,353,200–400
1,1,True,327,200–400
2,2,True,367,200–400
2,1,False,476,400–600
6,6,True,295,200–400
6,6,True,555,400–600
3,2,False,2154,>1200
2,2,True,403,400–600
2,2,True,346,200–400
6,6,True,468,400–600
6,2,False,155,<200
2,2,True,1713,>1200
2,2,True,496,400–600
2,2,True,362,200–400
3,3,True,266,200–400
3,3,True,342,200–400
3,2,False,270,200–400
2,2,True,762,600–800
6,6,True,365,200–400
1,1,True,296,200–400
2,2,True,435,400–600
2,1,False,486,400–600
2,2,True,365,200–400
6,1,False,370,200–400
2,2,True,266,200–400
3,3,True,391,200–400
2,3,False,620,600–800
3,3,True,1071,800–1200
5,6,False,374,200–400
4,3,False,590,400–600
1,1,True,739,600–800
3,1,False,313,200–400
2,2,True,886,800–1200
5,5,True,310,200–400
2,2,True,457,400–600
6,6,True,520,400–600
2,2,True,379,200–400
2,1,False,381,200–400
1,1,True,396,200–400
6,6,True,642,600–800
5,5,True,387,200–400
4,4,True,1567,>1200
3,2,False,347,200–400
6,6,True,235,200–400
6,6,True,567,400–600
1,1,True,752,600–800
4,4,True,320,200–400
6,6,True,461,400–600
4,4,True,294,200–400
2,3,False,205,200–400
1,6,False,483,400–600
3,3,True,195,<200
2,2,True,357,200–400
6,6,True,520,400–600
2,2,True,173,<200
1,1,True,499,400–600
1,1,True,333,200–400
1,1,True,216,200–400
2,1,False,350,200–400
4,4,True,168,<200
2,2,True,299,200–400
2,2,True,377,200–400
5,5,True,139,<200
2,6,False,452,400–600
6,6,True,762,600–800
6,5,False,319,200–400
1,1,True,335,200–400
2,2,True,835,800–1200
3,3,True,1027,800–1200
2,2,True,368,200–400
6,6,True,785,600–800
3,5,False,237,200–400
4,4,True,257,200–400
1,1,True,311,200–400
2,3,False,668,600–800
2,2,True,1433,>1200
2,2,True,449,400–600
5,5,True,448,400–600
2,2,True,265,200–400
4,4,True,295,200–400
6,6,True,592,400–600
3,3,True,138,<200
2,5,False,1174,800–1200
3,3,True,507,400–600
2,2,True,362,200–400
1,1,True,487,400–600
4,4,True,476,400–600
2,2,True,1299,>1200
2,2,True,1091,800–1200
6,6,True,469,400–600
6,6,True,539,400–600
1,1,True,301,200–400
6,6,True,476,400–600
4,4,True,191,<200
3,5,False,94,<200
3,3,True,832,800–1200
6,6,True,467,400–600
5,6,False,531,400–600
4,4,True,375,200–400
1,1,True,414,400–600
1,1,True,396,200–400
5,5,True,607,600–800
3,2,False,668,600–800
4,2,False,254,200–400
4,4,True,223,200–400
3,2,False,281,200–400
2,2,True,336,200–400
3,3,True,206,200–400
2,2,True,315,200–400
1,1,True,492,400–600
2,2,True,316,200–400
3,3,True,287,200–400
2,2,True,352,200–400
2,2,True,317,200–400
6,6,True,438,400–600
2,2,True,218,200–400
6,6,True,236,200–400
3,6,False,507,400–600
2,2,True,318,200–400
4,4,True,397,200–400
2,2,True,385,200–400
3,3,True,80,<200
3,3,True,335,200–400
1,1,True,620,600–800
6,6,True,431,400–600
3,3,True,313,200–400
2,1,False,303,200–400
6,6,True,565,400–600
3,3,True,313,200–400
2,2,True,245,200–400
6,6,True,387,200–400
2,2,True,218,200–400
1,1,True,529,400–600
3,3,True,100,<200
2,5,False,260,200–400
2,4,False,158,<200
3,3,True,289,200–400
2,2,True,221,200–400
2,4,False,433,400–600
3,2,False,343,200–400
3,3,True,411,400–600
3,5,False,623,600–800
1,1,True,349,200–400
2,2,True,155,<200
3,3,True,294,200–400
3,3,True,158,<200
2,2,True,366,200–400
2,3,False,205,200–400
3,3,True,605,600–800
5,5,True,440,400–600
1,1,True,568,400–600
3,3,True,367,200–400
5,5,True,264,200–400
2,2,True,282,200–400
2,2,True,205,200–400
3,3,True,204,200–400
3,2,False,275,200–400
6,2,False,383,200–400
5,3,False,184,<200
1,1,True,1023,800–1200
3,3,True,233,200–400
1,1,True,465,400–600
4,1,False,341,200–400
2,3,False,332,200–400
2,2,True,748,600–800
3,1,False,303,200–400
2,2,True,327,200–400
4,4,True,231,200–400
3,3,True,157,<200
3,3,True,211,200–400
1,1,True,663,600–800
4,6,False,315,200–400
3,3,True,623,600–800
3,3,True,276,200–400
2,2,True,328,200–400
2,2,True,586,400–600
2,2,True,141,<200
6,5,False,342,200–400
2,2,True,248,200–400
2,1,False,667,600–800
2,2,True,341,200–400
3,3,True,316,200–400
3,3,True,601,600–800
4,4,True,143,<200
3,3,True,266,200–400
6,6,True,484,400–600
2,2,True,267,200–400
2,2,True,711,600–800
2,2,True,236,200–400
2,2,True,363,200–400
2,2,True,283,200–400
4,4,True,729,600–800
2,2,True,527,400–600
2,2,True,959,800–1200
1,1,True,280,200–400
3,3,True,217,200–400
2,6,False,938,800–1200
3,3,True,148,<200
3,3,True,213,200–400
6,6,True,430,400–600
5,5,True,467,400–600
4,4,True,292,200–400
3,3,True,297,200–400
4,4,True,207,200–400
2,2,True,669,600–800
3,3,True,200,<200
3,3,True,585,400–600
3,3,True,350,200–400
3,3,True,396,200–400
5,5,True,436,400–600
2,2,True,414,400–600
4,4,True,468,400–600
4,4,True,341,200–400
5,5,True,453,400–600
3,3,True,212,200–400
5,5,True,479,400–600
5,5,True,431,400–600
4,4,True,534,400–600
3,3,True,323,200–400
1,1,True,415,400–600
6,6,True,504,400–600
2,2,True,363,200–400
3,3,True,577,400–600
6,6,True,517,400–600
3,3,True,835,800–1200
3,3,True,231,200–400
4,4,True,301,200–400
3,3,True,171,<200
2,4,False,157,<200
2,6,False,527,400–600
2,2,True,399,200–400
2,2,True,293,200–400
4,4,True,555,400–600
2,2,True,374,200–400
3,3,True,213,200–400
4,2,False,301,200–400
1,3,False,182,<200
2,1,False,309,200–400
4,1,False,380,200–400
5,5,True,268,200–400
6,6,True,229,200–400
2,6,False,484,400–600
6,6,True,467,400–600
2,1,False,674,600–800
1,3,False,169,<200
2,2,True,1177,800–1200
4,4,True,367,200–400
2,2,True,352,200–400
3,3,True,789,600–800
3,3,True,549,400–600
2,2,True,348,200–400
1,1,True,284,200–400
1,2,False,374,200–400
1,1,True,382,200–400
2,2,True,143,<200
5,5,True,265,200–400
6,6,True,642,600–800
1,1,True,554,400–600
1,1,True,486,400–600
2,2,True,1170,800–1200
6,5,False,317,200–400
1,1,True,396,200–400
6,6,True,572,400–600
6,1,False,364,200–400
3,3,True,188,<200
4,3,False,209,200–400
2,2,True,477,400–600
6,6,True,643,600–800
2,2,True,207,200–400
1,1,True,418,400–600
2,2,True,213,200–400
5,5,True,285,200–400
2,2,True,371,200–400
4,4,True,438,400–600
2,2,True,316,200–400
2,2,True,315,200–400
2,2,True,361,200–400
3,3,True,205,200–400
4,4,True,363,200–400
5,5,True,591,400–600
3,3,True,113,<200
2,2,True,279,200–400
2,2,True,523,400–600
3,2,False,307,200–400
2,2,True,224,200–400
2,2,True,306,200–400
2,2,True,259,200–400
6,6,True,383,200–400
3,2,False,362,200–400
3,3,True,3164,>1200
1,1,True,516,400–600
3,3,True,285,200–400
1,1,True,421,400–600
4,4,True,187,<200
2,2,True,242,200–400
5,1,False,284,200–400
2,2,True,186,<200
2,3,False,312,200–400
3,3,True,250,200–400
3,2,False,216,200–400
2,5,False,411,400–600
2,2,True,417,400–600
2,1,False,741,600–800
2,2,True,332,200–400
2,2,True,152,<200
6,6,True,807,800–1200
1,1,True,279,200–400
6,6,True,860,800–1200
2,1,False,290,200–400
6,3,False,298,200–400
2,2,True,323,200–400
2,2,True,308,200–400
3,3,True,315,200–400
6,6,True,449,400–600
1,1,True,412,400–600
4,3,False,481,400–600
2,2,True,431,400–600
6,6,True,232,200–400
2,2,True,245,200–400
2,3,False,108,<200
6,6,True,652,600–800
3,3,True,311,200–400
2,2,True,300,200–400
4,6,False,438,400–600
3,3,True,158,<200
5,5,True,338,200–400
1,1,True,187,<200
1,1,True,330,200–400
4,4,True,160,<200
2,3,False,987,800–1200
1,1,True,353,200–400
5,5,True,374,200–400
1,1,True,272,200–400
5,5,True,222,200–400
2,2,True,315,200–400
3,5,False,465,400–600
3,3,True,282,200–400
2,2,True,458,400–600
3,3,True,409,400–600
3,3,True,765,600–800
3,3,True,1017,800–1200
1,1,True,362,200–400
1,1,True,318,200–400
6,6,True,538,400–600
1,1,True,692,600–800
1,1,True,299,200–400
1,1,True,368,200–400
5,5,True,419,400–600
5,5,True,433,400–600
6,6,True,527,400–600
3,2,False,644,600–800
2,1,False,480,400–600
2,3,False,728,600–800
2,2,True,103,<200
3,3,True,715,600–800
2,2,True,454,400–600
2,2,True,510,400–600
3,4,False,151,<200
2,2,True,427,400–600
2,2,True,502,400–600
4,4,True,252,200–400
4,4,True,459,400–600
1,1,True,316,200–400
2,2,True,327,200–400
5,5,True,257,200–400
3,3,True,565,400–600
6,6,True,481,400–600
1,1,True,515,400–600
3,3,True,157,<200
6,2,False,299,200–400
3,3,True,201,200–400
3,1,False,341,200–400
1,3,False,290,200–400
6,6,True,537,400–600
2,4,False,212,200–400
2,1,False,407,400–600
4,2,False,519,400–600
2,2,True,554,400–600
3,3,True,263,200–400
2,2,True,310,200–400
2,2,True,241,200–400
2,2,True,316,200–400
2,2,True,2151,>1200
4,4,True,209,200–400
4,4,True,186,<200
2,2,True,173,<200
5,5,True,294,200–400
2,2,True,306,200–400
2,2,True,478,400–600
6,6,True,537,400–600
1,1,True,508,400–600
2,6,False,635,600–800
2,2,True,404,400–600
1,2,False,391,200–400
6,6,True,701,600–800
1,1,True,520,400–600
2,2,True,354,200–400
2,4,False,262,200–400
1,1,True,254,200–400
4,4,True,365,200–400
6,6,True,651,600–800
4,4,True,273,200–400
4,4,True,294,200–400
2,2,True,215,200–400
3,3,True,445,400–600
3,5,False,272,200–400
2,2,True,255,200–400
4,4,True,485,400–600
1,2,False,430,400–600
2,2,True,440,400–600
1,1,True,418,400–600
3,3,True,485,400–600
4,4,True,134,<200
2,2,True,146,<200
2,2,True,431,400–600
2,2,True,360,200–400
1,1,True,322,200–400
2,1,False,330,200–400
6,6,True,1076,800–1200
2,2,True,205,200–400
1,5,False,447,400–600
5,5,True,395,200–400
1,1,True,504,400–600
2,2,True,447,400–600
3,2,False,210,200–400
3,3,True,230,200–400
1,1,True,284,200–400
2,2,True,415,400–600
2,3,False,193,<200
2,2,True,342,200–400
3,3,True,163,<200
2,1,False,366,200–400
2,1,False,341,200–400
2,2,True,527,400–600
4,4,True,355,200–400
1,1,True,342,200–400
6,6,True,417,400–600
3,2,False,296,200–400
4,1,False,346,200–400
2,2,True,250,200–400
2,2,True,367,200–400
2,3,False,1056,800–1200
6,6,True,1033,800–1200
1,1,True,427,400–600
2,2,True,313,200–400
6,6,True,275,200–400
6,6,True,453,400–600
6,6,True,433,400–600
3,2,False,426,400–600
3,1,False,306,200–400
3,3,True,345,200–400
4,4,True,397,200–400
1,1,True,352,200–400
3,1,False,133,<200
2,2,True,805,800–1200
2,1,False,349,200–400
1,1,True,128,<200
3,3,True,852,800–1200
3,3,True,619,600–800
3,3,True,340,200–400
4,4,True,274,200–400
2,2,True,392,200–400
2,3,False,660,600–800
3,3,True,291,200–400
3,3,True,188,<200
2,2,True,224,200–400
2,2,True,241,200–400
2,2,True,1969,>1200
2,2,True,508,400–600
3,3,True,190,<200
3,3,True,150,<200
3,3,True,230,200–400
2,4,False,210,200–400
2,1,False,334,200–400
1,1,True,130,<200
4,4,True,157,<200
2,2,True,262,200–400
2,2,True,273,200–400
4,4,True,202,200–400
3,3,True,172,<200
5,5,True,274,200–400
3,3,True,1104,800–1200
6,6,True,421,400–600
2,2,True,418,400–600
3,3,True,120,<200
5,5,True,174,<200
2,2,True,155,<200
3,2,False,410,400–600
1,1,True,474,400–600
4,3,False,460,400–600
2,2,True,378,200–400
4,3,False,326,200–400
2,2,True,336,200–400
2,1,False,583,400–600
1,1,True,270,200–400
2,2,True,563,400–600
3,3,True,219,200–400
2,2,True,148,<200
1,1,True,481,400–600
6,6,True,287,200–400
2,2,True,456,400–600
2,3,False,718,600–800
2,1,False,307,200–400
6,6,True,289,200–400
6,6,True,280,200–400
3,3,True,1480,>1200
5,5,True,318,200–400
2,6,False,365,200–400
2,2,True,374,200–400
2,3,False,130,<200
1,1,True,327,200–400
1,1,True,289,200–400
2,2,True,274,200–400
2,2,True,214,200–400
3,3,True,326,200–400
5,5,True,251,200–400
3,3,True,195,<200
2,2,True,316,200–400
3,2,False,398,200–400
5,5,True,248,200–400
6,2,False,354,200–400
5,5,True,228,200–400
6,6,True,457,400–600
1,1,True,366,200–400
3,3,True,607,600–800
1,2,False,165,<200
6,6,True,350,200–400
4,4,True,295,200–400
3,2,False,363,200–400
5,2,False,327,200–400
5,5,True,355,200–400
1,1,True,433,400–600
2,2,True,382,200–400
1,1,True,542,400–600
3,5,False,270,200–400
5,5,True,448,400–600
2,2,True,213,200–400
3,3,True,143,<200
6,6,True,465,400–600
2,2,True,291,200–400
6,6,True,537,400–600
2,2,True,360,200–400
3,3,True,189,<200
6,6,True,568,400–600
6,6,True,1065,800–1200
1,6,False,694,600–800
5,5,True,375,200–400
3,3,True,122,<200
2,2,True,69,<200
2,2,True,187,<200
6,6,True,504,400–600
4,2,False,1103,800–1200
2,2,True,333,200–400
3,6,False,785,600–800
2,2,True,128,<200
3,2,False,991,800–1200
2,2,True,546,400–600
6,6,True,804,800–1200
5,2,False,301,200–400
2,2,True,742,600–800
2,2,True,1252,>1200
6,6,True,864,800–1200
6,6,True,352,200–400
6,6,True,525,400–600
2,2,True,251,200–400
3,3,True,422,400–600
2,5,False,243,200–400
1,1,True,284,200–400
2,2,True,243,200–400
2,2,True,237,200–400
2,1,False,291,200–400
2,2,True,251,200–400
3,1,False,470,400–600
4,4,True,514,400–600
6,3,False,100,<200
1,3,False,318,200–400
6,6,True,481,400–600
3,3,True,197,<200
3,3,True,249,200–400
2,2,True,396,200–400
3,3,True,235,200–400
6,6,True,449,400–600
3,3,True,1711,>1200
3,3,True,272,200–400
5,5,True,325,200–400
2,2,True,711,600–800
6,6,True,671,600–800
6,6,True,1076,800–1200
4,4,True,159,<200
2,2,True,216,200–400
6,6,True,734,600–800
5,5,True,211,200–400
2,2,True,395,200–400
2,2,True,488,400–600
4,2,False,243,200–400
3,3,True,732,600–800
1,1,True,308,200–400
2,2,True,409,400–600
1,1,True,396,200–400
6,2,False,406,400–600
2,2,True,403,400–600
6,6,True,885,800–1200
4,4,True,296,200–400
2,2,True,407,400–600
2,2,True,238,200–400
3,3,True,1007,800–1200
2,1,False,421,400–600
3,3,True,396,200–400
2,2,True,207,200–400
2,2,True,622,600–800
2,2,True,609,600–800
2,2,True,210,200–400
1,2,False,355,200–400
2,2,True,521,400–600
2,2,True,403,400–600
2,1,False,319,200–400
2,2,True,67,<200
2,2,True,169,<200
3,3,True,210,200–400
5,5,True,250,200–400
2,2,True,320,200–400
3,3,True,302,200–400
4,4,True,952,800–1200
3,3,True,356,200–400
1,1,True,315,200–400
2,2,True,159,<200
3,2,False,1321,>1200
6,6,True,879,800–1200
3,3,True,501,400–600
2,2,True,613,600–800
2,2,True,416,400–600
2,2,True,365,200–400
6,3,False,295,200–400
5,5,True,161,<200
4,4,True,410,400–600
2,2,True,181,<200
3,3,True,246,200–400
4,4,True,170,<200
6,2,False,2282,>1200
6,3,False,1179,800–1200
4,4,True,211,200–400
3,3,True,469,400–600
3,3,True,176,<200
5,5,True,242,200–400
6,6,True,574,400–600
6,6,True,606,600–800
2,2,True,233,200–400
2,2,True,119,<200
3,3,True,572,400–600
1,1,True,369,200–400
3,3,True,188,<200
4,4,True,554,400–600
3,3,True,447,400–600
2,2,True,317,200–400
2,2,True,160,<200
2,2,True,643,600–800
3,3,True,144,<200
6,6,True,466,400–600
2,2,True,404,400–600
2,1,False,391,200–400
2,2,True,946,800–1200
4,2,False,547,400–600
4,4,True,466,400–600
2,2,True,224,200–400
2,2,True,358,200–400
2,2,True,240,200–400
2,3,False,546,400–600
4,4,True,177,<200
2,1,False,338,200–400
4,4,True,194,<200
2,2,True,303,200–400
3,3,True,2206,>1200
1,1,True,726,600–800
3,3,True,805,800–1200
4,4,True,95,<200
3,3,True,350,200–400
3,3,True,891,800–1200
5,5,True,346,200–400
3,3,True,251,200–400
2,2,True,365,200–400
3,3,True,331,200–400
1,1,True,735,600–800
2,2,True,254,200–400
3,3,True,154,<200
2,2,True,166,<200
2,2,True,305,200–400
6,6,True,415,400–600
6,6,True,693,600–800
2,2,True,403,400–600
3,2,False,302,200–400
2,2,True,298,200–400
2,2,True,93,<200
1,3,False,409,400–600
6,6,True,236,200–400
1,1,True,213,200–400
2,2,True,180,<200
3,3,True,104,<200
3,3,True,860,800–1200
6,6,True,531,400–600
4,4,True,573,400–600
6,2,False,319,200–400
2,2,True,273,200–400
2,2,True,642,600–800
1,6,False,957,800–1200
3,6,False,469,400–600
2,2,True,235,200–400
2,2,True,208,200–400
3,3,True,348,200–400
5,5,True,549,400–600
4,4,True,269,200–400
2,2,True,260,200–400
3,3,True,903,800–1200
2,2,True,335,200–400
2,1,False,543,400–600
1,1,True,678,600–800
3,2,False,309,200–400
1,2,False,385,200–400
2,1,False,351,200–400
2,1,False,337,200–400
4,4,True,396,200–400
6,6,True,308,200–400
1,1,True,484,400–600
5,5,True,211,200–400
6,6,True,402,400–600
6,6,True,803,800–1200
2,1,False,337,200–400
2,2,True,621,600–800
6,6,True,478,400–600
2,2,True,250,200–400
2,2,True,242,200–400
2,2,True,408,400–600
3,5,False,262,200–400
4,4,True,159,<200
1,1,True,491,400–600
5,5,True,448,400–600
4,3,False,212,200–400
3,3,True,344,200–400
5,5,True,533,400–600
3,3,True,464,400–600
2,2,True,554,400–600
4,4,True,428,400–600
3,3,True,205,200–400
1,1,True,267,200–400
2,2,True,310,200–400
2,3,False,271,200–400
3,3,True,227,200–400
3,3,True,738,600–800
2,2,True,287,200–400
3,3,True,1245,>1200
6,6,True,426,400–600
2,2,True,1553,>1200
3,3,True,186,<200
2,2,True,432,400–600
4,4,True,366,200–400
3,4,False,251,200–400
4,2,False,268,200–400
2,3,False,873,800–1200
2,2,True,455,400–600
2,2,True,282,200–400
2,2,True,252,200–400
2,2,True,306,200–400
3,5,False,406,400–600
3,6,False,1002,800–1200
2,2,True,407,400–600
4,2,False,223,200–400
2,2,True,171,<200
2,2,True,475,400–600
6,6,True,475,400–600
2,2,True,315,200–400
4,4,True,246,200–400
3,3,True,1006,800–1200
3,3,True,287,200–400
1,1,True,378,200–400
1,1,True,343,200–400
2,2,True,404,400–600
1,1,True,332,200–400
1,1,True,350,200–400
3,1,False,392,200–400
2,2,True,440,400–600
3,2,False,455,400–600
1,1,True,338,200–400
3,3,True,266,200–400
6,6,True,517,400–600
2,2,True,316,200–400
1,1,True,329,200–400
2,1,False,415,400–600
5,5,True,215,200–400
2,2,True,546,400–600
3,3,True,377,200–400
6,6,True,533,400–600
1,1,True,146,<200
2,2,True,357,200–400
3,3,True,122,<200
3,3,True,169,<200
1,1,True,490,400–600
2,2,True,501,400–600
3,3,True,223,200–400
1,1,True,563,400–600
2,2,True,769,600–800
2,3,False,228,200–400
5,5,True,164,<200
4,4,True,429,400–600
2,2,True,911,800–1200
1,1,True,337,200–400
3,3,True,396,200–400
1,1,True,405,400–600
2,2,True,549,400–600
3,3,True,944,800–1200
3,3,True,1062,800–1200
2,6,False,429,400–600
5,5,True,7756,>1200
3,5,False,600,400–600
2,2,True,538,400–600
4,4,True,148,<200
4,4,True,239,200–400
4,4,True,429,400–600
3,3,True,249,200–400
2,2,True,417,400–600
6,6,True,427,400–600
3,3,True,196,<200
1,1,True,325,200–400
3,3,True,189,<200
2,5,False,441,400–600
3,3,True,183,<200
2,2,True,360,200–400
2,2,True,371,200–400
2,2,True,117,<200
2,2,True,213,200–400
3,3,True,623,600–800
2,3,False,913,800–1200
2,2,True,269,200–400
3,5,False,226,200–400
5,5,True,208,200–400
2,6,False,435,400–600
2,2,True,2837,>1200
1,1,True,327,200–400
1,1,True,274,200–400
4,4,True,371,200–400
2,2,True,246,200–400
3,3,True,156,<200
1,3,False,167,<200
3,3,True,305,200–400
3,1,False,450,400–600
2,4,False,238,200–400
5,5,True,771,600–800
2,2,True,265,200–400
2,2,True,314,200–400
2,3,False,255,200–400
6,6,True,476,400–600
2,2,True,228,200–400
1,1,True,305,200–400
2,3,False,192,<200
2,2,True,835,800–1200
1,1,True,314,200–400
1,1,True,341,200–400
3,3,True,148,<200
3,3,True,211,200–400
2,2,True,339,200–400
3,3,True,346,200–400
3,3,True,344,200–400
6,6,True,425,400–600
2,3,False,501,400–600
2,2,True,643,600–800
5,5,True,132,<200
2,2,True,1065,800–1200
1,1,True,300,200–400
2,2,True,365,200–400
2,2,True,443,400–600
2,2,True,394,200–400
2,2,True,323,200–400
2,2,True,1865,>1200
2,2,True,589,400–600
6,6,True,448,400–600
2,2,True,349,200–400
2,2,True,376,200–400
3,3,True,334,200–400
1,1,True,318,200–400
3,3,True,218,200–400
3,2,False,379,200–400
1,1,True,828,800–1200
2,2,True,392,200–400
3,3,True,163,<200
6,6,True,748,600–800
2,2,True,601,600–800
2,2,True,391,200–400
4,4,True,209,200–400
2,2,True,631,600–800
5,5,True,490,400–600
1,1,True,809,800–1200
3,3,True,249,200–400
3,3,True,569,400–600
2,2,True,341,200–400
3,2,False,744,600–800
1,1,True,430,400–600
2,2,True,1358,>1200
2,3,False,187,<200
2,2,True,341,200–400
3,3,True,352,200–400
5,5,True,540,400–600
4,4,True,286,200–400
2,2,True,208,200–400
2,3,False,290,200–400
3,3,True,831,800–1200
2,2,True,348,200–400
2,5,False,249,200–400
5,5,True,193,<200
3,3,True,270,200–400
3,3,True,1080,800–1200
4,4,True,406,400–600
3,2,False,1704,>1200
2,4,False,323,200–400
2,2,True,367,200–400
2,2,True,222,200–400
6,5,False,532,400–600
4,4,True,202,200–400
3,3,True,292,200–400
2,2,True,167,<200
2,6,False,790,600–800
3,3,True,273,200–400
6,6,True,367,200–400
3,3,True,110,<200
2,2,True,329,200–400
1,1,True,199,<200
2,2,True,262,200–400
2,1,False,220,200–400
1,1,True,338,200–400
2,2,True,309,200–400
2,5,False,268,200–400
3,3,True,181,<200
1,1,True,270,200–400
2,2,True,312,200–400
2,1,False,396,200–400
3,3,True,194,<200
2,2,True,326,200–400
2,2,True,209,200–400
2,2,True,331,200–400
2,4,False,316,200–400
2,2,True,283,200–400
4,3,False,232,200–400
2,2,True,507,400–600
4,4,True,616,600–800
4,4,True,157,<200
4,4,True,346,200–400
2,2,True,303,200–400
6,6,True,581,400–600
3,4,False,255,200–400
2,2,True,289,200–400
2,3,False,771,600–800
6,6,True,489,400–600
3,3,True,465,400–600
4,3,False,796,600–800
1,1,True,570,400–600
3,3,True,91,<200
2,5,False,212,200–400
2,2,True,745,600–800
2,2,True,2812,>1200
2,2,True,369,200–400
6,6,True,491,400–600
2,2,True,179,<200
4,4,True,365,200–400
1,1,True,344,200–400
6,6,True,537,400–600
6,6,True,290,200–400
4,4,True,326,200–400
2,2,True,156,<200
1,1,True,335,200–400
2,2,True,460,400–600
4,4,True,648,600–800
3,3,True,666,600–800
4,4,True,261,200–400
5,5,True,445,400–600
4,4,True,196,<200
3,5,False,491,400–600
1,2,False,374,200–400
4,4,True,561,400–600
1,3,False,684,600–800
6,6,True,274,200–400
4,3,False,368,200–400
2,2,True,305,200–400
6,6,True,492,400–600
4,4,True,478,400–600
3,5,False,259,200–400
3,3,True,150,<200
4,4,True,556,400–600
2,4,False,262,200–400
2,2,True,248,200–400
3,3,True,2196,>1200
1,1,True,516,400–600
2,2,True,421,400–600
3,3,True,121,<200
3,3,True,684,600–800
4,4,True,511,400–600
5,5,True,199,<200
1,1,True,287,200–400
4,4,True,230,200–400
2,2,True,404,400–600
6,6,True,491,400–600
6,6,True,470,400–600
6,6,True,672,600–800
5,5,True,295,200–400
5,5,True,430,400–600
3,3,True,719,600–800
6,6,True,707,600–800
3,3,True,189,<200
3,4,False,173,<200
2,3,False,1129,800–1200
6,6,True,404,400–600
2,4,False,325,200–400
2,2,True,258,200–400
5,5,True,285,200–400
3,3,True,547,400–600
3,3,True,283,200–400
3,3,True,89,<200
2,2,True,207,200–400
2,2,True,281,200–400
1,1,True,188,<200
2,2,True,354,200–400
3,3,True,153,<200
2,2,True,2924,>1200
4,4,True,348,200–400
3,3,True,169,<200
2,2,True,341,200–400
1,1,True,779,600–800
2,2,True,497,400–600
3,3,True,526,400–600
4,4,True,209,200–400
2,2,True,1365,>1200
3,3,True,797,600–800
3,1,False,388,200–400
2,1,False,444,400–600
6,6,True,494,400–600
1,2,False,661,600–800
1,1,True,531,400–600
2,2,True,277,200–400
5,5,True,313,200–400
3,3,True,120,<200
2,2,True,206,200–400
3,3,True,190,<200
1,1,True,565,400–600
2,5,False,210,200–400
2,2,True,212,200–400
2,2,True,342,200–400
1,1,True,549,400–600
3,3,True,258,200–400
3,3,True,176,<200
6,6,True,424,400–600
2,2,True,580,400–600
6,6,True,599,400–600
3,1,False,519,400–600
4,2,False,222,200–400
4,4,True,462,400–600
1,1,True,324,200–400
2,2,True,342,200–400
2,4,False,381,200–400
6,6,True,389,200–400
4,3,False,394,200–400
2,2,True,291,200–400
3,3,True,139,<200
6,6,True,882,800–1200
3,3,True,348,200–400
2,3,False,496,400–600
4,4,True,618,600–800
4,4,True,260,200–400
3,4,False,458,400–600
4,2,False,314,200–400
1,1,True,269,200–400
2,2,True,515,400–600
2,1,False,574,400–600
2,2,True,192,<200
4,4,True,144,<200
3,3,True,173,<200
3,3,True,1359,>1200
1,1,True,348,200–400
1,1,True,450,400–600
2,2,True,276,200–400
3,3,True,259,200–400
1,6,False,431,400–600
4,5,False,514,400–600
5,5,True,446,400–600
6,1,False,307,200–400
3,3,True,374,200–400
6,6,True,485,400–600
1,1,True,329,200–400
3,2,False,517,400–600
2,2,True,214,200–400
2,2,True,453,400–600
2,1,False,305,200–400
3,3,True,120,<200
2,2,True,312,200–400
3,3,True,255,200–400
3,3,True,705,600–800
1,1,True,300,200–400
1,3,False,195,<200
2,6,False,527,400–600
2,1,False,485,400–600
3,3,True,174,<200
6,6,True,302,200–400
2,2,True,299,200–400
4,4,True,134,<200
6,6,True,550,400–600
1,1,True,199,<200
3,3,True,501,400–600
2,2,True,261,200–400
5,5,True,262,200–400
2,2,True,360,200–400
2,2,True,446,400–600
3,3,True,195,<200
2,5,False,232,200–400
1,1,True,380,200–400
1,1,True,352,200–400
3,1,False,452,400–600
2,2,True,392,200–400
2,3,False,599,400–600
3,3,True,162,<200
2,2,True,188,<200
3,3,True,630,600–800
1,1,True,176,<200
2,2,True,315,200–400
2,2,True,749,600–800
6,6,True,448,400–600
2,2,True,768,600–800
2,2,True,328,200–400
4,4,True,643,600–800
4,4,True,565,400–600
2,2,True,668,600–800
4,4,True,404,400–600
6,6,True,436,400–600
3,3,True,736,600–800
5,5,True,447,400–600
2,2,True,245,200–400
1,1,True,447,400–600
4,4,True,267,200–400
4,4,True,151,<200
2,2,True,383,200–400
1,1,True,515,400–600
4,4,True,294,200–400
4,4,True,127,<200
5,3,False,215,200–400
3,3,True,385,200–400
3,3,True,279,200–400
3,1,False,452,400–600
2,2,True,334,200–400
2,2,True,365,200–400
2,2,True,486,400–600
5,5,True,151,<200
2,2,True,1230,>1200
2,2,True,158,<200
5,5,True,500,400–600
1,5,False,446,400–600
1,1,True,81,<200
2,2,True,578,400–600
4,4,True,712,600–800
1,1,True,755,600–800
2,2,True,454,400–600
6,1,False,333,200–400
6,6,True,373,200–400
1,1,True,323,200–400
2,2,True,192,<200
5,5,True,475,400–600
2,2,True,404,400–600
4,2,False,306,200–400
2,2,True,288,200–400
4,4,True,438,400–600
1,5,False,773,600–800
3,3,True,369,200–400
4,4,True,172,<200
4,2,False,316,200–400
2,6,False,574,400–600
5,5,True,567,400–600
2,2,True,299,200–400
2,3,False,355,200–400
4,4,True,461,400–600
6,6,True,1094,800–1200
2,2,True,160,<200
6,6,True,340,200–400
5,5,True,505,400–600
3,2,False,386,200–400
2,2,True,355,200–400
5,5,True,272,200–400
2,6,False,389,200–400
4,4,True,428,400–600
2,2,True,398,200–400
2,2,True,380,200–400
6,6,True,552,400–600
2,2,True,302,200–400
5,5,True,189,<200
4,4,True,167,<200
2,1,False,387,200–400
2,2,True,196,<200
3,3,True,271,200–400
3,3,True,205,200–400
3,3,True,257,200–400
5,5,True,255,200–400
6,6,True,399,200–400
6,6,True,398,200–400
4,4,True,511,400–600
2,1,False,802,800–1200
3,3,True,180,<200
4,4,True,660,600–800
1,1,True,214,200–400
3,3,True,122,<200
6,6,True,413,400–600
2,4,False,149,<200
3,3,True,832,800–1200
2,2,True,705,600–800
5,5,True,314,200–400
5,5,True,256,200–400
2,2,True,189,<200
6,6,True,502,400–600
5,5,True,260,200–400
3,3,True,839,800–1200
1,1,True,319,200–400
2,5,False,280,200–400
3,3,True,475,400–600
4,4,True,166,<200
2,2,True,490,400–600
3,3,True,83,<200
2,2,True,284,200–400
2,5,False,221,200–400
2,2,True,428,400–600
5,3,False,212,200–400
2,6,False,469,400–600
4,2,False,306,200–400
4,4,True,590,400–600
3,3,True,344,200–400
6,6,True,478,400–600
3,3,True,288,200–400
1,1,True,336,200–400
1,1,True,353,200–400
4,4,True,901,800–1200
5,5,True,454,400–600
5,5,True,108,<200
1,1,True,338,200–400
2,2,True,545,400–600
6,6,True,365,200–400
3,3,True,479,400–600
3,3,True,164,<200
2,2,True,308,200–400
3,6,False,645,600–800
3,3,True,943,800–1200
3,3,True,368,200–400
4,6,False,463,400–600
3,3,True,442,400–600
1,1,True,353,200–400
5,5,True,232,200–400
2,3,False,255,200–400
3,3,True,771,600–800
2,2,True,308,200–400
2,2,True,331,200–400
3,2,False,457,400–600
2,2,True,440,400–600
3,2,False,286,200–400
3,3,True,492,400–600
3,3,True,167,<200
3,4,False,180,<200
3,1,False,561,400–600
5,5,True,282,200–400
5,5,True,436,400–600
1,1,True,432,400–600
2,2,True,147,<200
1,1,True,498,400–600
6,6,True,223,200–400
3,5,False,431,400–600
2,2,True,404,400–600
1,1,True,438,400–600
1,1,True,334,200–400
2,2,True,347,200–400
2,3,False,312,200–400
2,2,True,285,200–400
3,3,True,225,200–400
2,3,False,194,<200
3,3,True,203,200–400
1,1,True,327,200–400
3,5,False,263,200–400
5,5,True,278,200–400
1,1,True,417,400–600
2,2,True,360,200–400
2,2,True,628,600–800
1,1,True,312,200–400
3,3,True,294,200–400
1,1,True,276,200–400
6,6,True,697,600–800
4,4,True,201,200–400
1,1,True,332,200–400
1,1,True,335,200–400
2,2,True,269,200–400
2,2,True,255,200–400
2,2,True,863,800–1200
4,4,True,354,200–400
2,3,False,642,600–800
4,4,True,170,<200
5,5,True,450,400–600
3,3,True,382,200–400
3,4,False,275,200–400
2,2,True,500,400–600
3,3,True,267,200–400
2,3,False,207,200–400
2,2,True,396,200–400
2,6,False,554,400–600
2,2,True,284,200–400
3,3,True,198,<200
3,1,False,421,400–600
2,2,True,352,200–400
1,1,True,572,400–600
3,3,True,276,200–400
4,3,False,721,600–800
1,1,True,723,600–800
1,1,True,200,<200
3,6,False,760,600–800
3,2,False,668,600–800
1,1,True,334,200–400
2,2,True,498,400–600
2,2,True,836,800–1200
2,2,True,784,600–800
3,3,True,1186,800–1200
2,1,False,335,200–400
2,1,False,776,600–800
5,5,True,510,400–600
6,4,False,241,200–400
1,1,True,428,400–600
3,3,True,276,200–400
2,2,True,264,200–400
2,2,True,86,<200
1,3,False,210,200–400
6,6,True,402,400–600
2,2,True,279,200–400
2,2,True,359,200–400
2,2,True,289,200–400
2,1,False,587,400–600
2,2,True,329,200–400
2,2,True,712,600–800
3,3,True,511,400–600
2,2,True,224,200–400
6,6,True,1044,800–1200
2,2,True,152,<200
2,2,True,630,600–800
2,6,False,453,400–600
6,6,True,640,600–800
5,5,True,329,200–400
2,5,False,264,200–400
2,2,True,357,200–400
2,6,False,548,400–600
5,5,True,550,400–600
2,5,False,426,400–600
1,1,True,279,200–400
2,4,False,489,400–600
4,4,True,322,200–400
1,1,True,186,<200
2,2,True,326,200–400
5,5,True,428,400–600
6,6,True,537,400–600
6,6,True,485,400–600
2,2,True,941,800–1200
4,4,True,1578,>1200
3,3,True,202,200–400
2,2,True,377,200–400
2,2,True,1173,800–1200
3,3,True,492,400–600
3,3,True,433,400–600
6,6,True,426,400–600
3,3,True,257,200–400
3,2,False,390,200–400
2,2,True,118,<200
6,6,True,313,200–400
6,6,True,484,400–600
3,3,True,175,<200
2,3,False,191,<200
6,6,True,557,400–600
2,3,False,389,200–400
2,3,False,345,200–400
1,1,True,415,400–600
3,3,True,452,400–600
2,2,True,545,400–600
3,5,False,458,400–600
4,4,True,354,200–400
5,5,True,193,<200
2,2,True,313,200–400
4,4,True,358,200–400
2,6,False,493,400–600
2,2,True,207,200–400
6,6,True,874,800–1200
3,3,True,239,200–400
5,5,True,194,<200
2,1,False,262,200–400
1,1,True,243,200–400
2,1,False,421,400–600
2,2,True,297,200–400
1,1,True,449,400–600
3,1,False,305,200–400
6,6,True,95,<200
2,2,True,467,400–600
2,2,True,200,<200
5,5,True,430,400–600
2,2,True,211,200–400
2,1,False,269,200–400
2,2,True,351,200–400
3,3,True,1042,800–1200
3,4,False,306,200–400
2,2,True,241,200–400
6,6,True,442,400–600
3,3,True,155,<200
2,2,True,279,200–400
2,2,True,223,200–400
2,2,True,370,200–400
2,2,True,204,200–400
2,4,False,243,200–400
2,3,False,333,200–400
1,1,True,426,400–600
6,6,True,461,400–600
2,2,True,341,200–400
2,2,True,311,200–400
2,2,True,635,600–800
4,4,True,464,400–600
2,5,False,244,200–400
6,6,True,860,800–1200
6,6,True,401,400–600
3,3,True,199,<200
2,3,False,257,200–400
2,2,True,182,<200
1,1,True,331,200–400
3,3,True,894,800–1200
1,1,True,581,400–600
5,5,True,307,200–400
6,6,True,572,400–600
2,2,True,370,200–400
3,3,True,1000,800–1200
4,4,True,509,400–600
6,6,True,510,400–600
2,2,True,393,200–400
2,1,False,284,200–400
1,1,True,360,200–400
6,2,False,1337,>1200
2,2,True,390,200–400
3,3,True,134,<200
3,3,True,518,400–600
1,3,False,155,<200
3,2,False,579,400–600
2,2,True,265,200–400
2,2,True,279,200–400
3,3,True,170,<200
2,2,True,946,800–1200
5,2,False,339,200–400
4,4,True,345,200–400
5,4,False,298,200–400
3,3,True,277,200–400
2,3,False,138,<200
3,3,True,241,200–400
2,2,True,290,200–400
1,1,True,180,<200
3,3,True,137,<200
2,2,True,248,200–400
2,1,False,323,200–400
2,2,True,315,200–400
3,3,True,383,200–400
3,3,True,174,<200
2,2,True,293,200–400
1,1,True,280,200–400
3,3,True,461,400–600
3,3,True,696,600–800
2,3,False,342,200–400
3,3,True,240,200–400
2,2,True,478,400–600
6,6,True,640,600–800
2,2,True,389,200–400
4,4,True,383,200–400
3,3,True,537,400–600
2,2,True,310,200–400
1,1,True,474,400–600
3,3,True,567,400–600
2,6,False,489,400–600
4,4,True,203,200–400
6,6,True,426,400–600
1,1,True,557,400–600
3,3,True,185,<200
2,4,False,192,<200
4,1,False,423,400–600
1,3,False,504,400–600
5,5,True,109,<200
2,2,True,207,200–400
4,4,True,431,400–600
2,2,True,482,400–600
2,2,True,356,200–400
6,6,True,586,400–600
3,3,True,337,200–400
3,2,False,239,200–400
2,2,True,231,200–400
3,3,True,327,200–400
2,1,False,471,400–600
1,1,True,345,200–400
3,3,True,151,<200
5,5,True,677,600–800
2,2,True,335,200–400
2,2,True,351,200–400
4,4,True,429,400–600
6,6,True,441,400–600
3,3,True,270,200–400
2,2,True,330,200–400
2,2,True,539,400–600
1,2,False,397,200–400
1,1,True,512,400–600
2,2,True,72,<200
3,3,True,185,<200
3,3,True,493,400–600
2,2,True,786,600–800
1,1,True,157,<200
2,2,True,268,200–400
2,2,True,270,200–400
4,3,False,384,200–400
3,6,False,658,600–800
6,6,True,542,400–600
1,1,True,347,200–400
2,1,False,443,400–600
2,1,False,289,200–400
6,6,True,561,400–600
3,5,False,270,200–400
3,3,True,261,200–400
3,3,True,426,400–600
3,3,True,199,<200
2,5,False,461,400–600
6,6,True,318,200–400
6,6,True,1062,800–1200
3,3,True,783,600–800
4,4,True,156,<200
2,2,True,313,200–400
4,4,True,513,400–600
2,2,True,700,600–800
5,5,True,447,400–600
2,2,True,207,200–400
3,3,True,152,<200
2,2,True,172,<200
3,3,True,439,400–600
3,3,True,139,<200
2,2,True,477,400–600
3,3,True,146,<200
2,5,False,190,<200
3,3,True,494,400–600
6,6,True,523,400–600
3,3,True,170,<200
6,6,True,518,400–600
2,2,True,322,200–400
2,2,True,313,200–400
1,1,True,588,400–600
3,3,True,187,<200
2,2,True,520,400–600
2,2,True,308,200–400
3,3,True,597,400–600
2,2,True,320,200–400
1,1,True,272,200–400
6,6,True,435,400–600
1,1,True,356,200–400
3,3,True,794,600–800
4,4,True,484,400–600
3,2,False,602,600–800
6,6,True,955,800–1200
3,5,False,525,400–600
1,1,True,432,400–600
2,4,False,146,<200
2,4,False,249,200–400
3,3,True,254,200–400
3,3,True,196,<200
2,2,True,455,400–600
2,2,True,296,200–400
6,6,True,374,200–400
2,2,True,360,200–400
2,5,False,254,200–400
6,6,True,775,600–800
3,3,True,165,<200
3,3,True,640,600–800
2,2,True,395,200–400
2,2,True,301,200–400
2,2,True,247,200–400
2,3,False,769,600–800
1,1,True,531,400–600
2,2,True,361,200–400
5,5,True,107,<200
2,2,True,249,200–400
3,3,True,273,200–400
2,1,False,408,400–600
5,5,True,246,200–400
3,3,True,1693,>1200
3,2,False,315,200–400
1,1,True,382,200–400
6,6,True,672,600–800
2,2,True,270,200–400
5,5,True,389,200–400
1,1,True,251,200–400
4,1,False,325,200–400
4,4,True,355,200–400
6,6,True,671,600–800
2,3,False,1029,800–1200
2,2,True,355,200–400
3,1,False,419,400–600
1,1,True,419,400–600
6,6,True,585,400–600
2,2,True,315,200–400
3,3,True,195,<200
2,2,True,692,600–800
2,2,True,364,200–400
1,1,True,306,200–400
2,2,True,637,600–800
6,2,False,309,200–400
3,1,False,337,200–400
3,6,False,505,400–600
3,3,True,395,200–400
3,3,True,186,<200
1,1,True,495,400–600
3,3,True,272,200–400
3,3,True,867,800–1200
5,5,True,445,400–600
2,4,False,125,<200
2,2,True,239,200–400
3,5,False,291,200–400
3,3,True,268,200–400
2,2,True,172,<200
2,2,True,381,200–400
6,6,True,476,400–600
1,1,True,378,200–400
4,4,True,215,200–400
2,2,True,138,<200
6,6,True,390,200–400
1,1,True,661,600–800
2,2,True,213,200–400
5,2,False,391,200–400
2,2,True,363,200–400
2,2,True,327,200–400
3,3,True,338,200–400
3,3,True,299,200–400
2,2,True,758,600–800
6,6,True,275,200–400
1,1,True,363,200–400
2,1,False,301,200–400
2,2,True,364,200–400
2,2,True,1207,>1200
2,3,False,289,200–400
2,2,True,184,<200
2,3,False,754,600–800
6,1,False,401,400–600
4,4,True,163,<200
4,4,True,883,800–1200
2,4,False,222,200–400
2,2,True,2492,>1200
4,4,True,169,<200
2,2,True,724,600–800
2,2,True,437,400–600
2,2,True,226,200–400
2,2,True,371,200–400
1,1,True,1064,800–1200
4,4,True,479,400–600
5,5,True,197,<200
2,2,True,353,200–400
2,2,True,397,200–400
3,3,True,174,<200
6,6,True,564,400–600
3,2,False,231,200–400
1,1,True,316,200–400
4,4,True,466,400–600
3,3,True,336,200–400
1,1,True,423,400–600
4,4,True,407,400–600
5,5,True,315,200–400
2,2,True,363,200–400
3,3,True,568,400–600
2,2,True,1263,>1200
6,6,True,430,400–600
3,1,False,309,200–400
6,6,True,581,400–600
6,6,True,470,400–600
4,4,True,201,200–400
6,6,True,359,200–400
5,5,True,247,200–400
2,2,True,635,600–800
5,5,True,435,400–600
3,3,True,4128,>1200
2,2,True,1498,>1200
5,5,True,256,200–400
5,5,True,371,200–400
2,2,True,1321,>1200
1,3,False,609,600–800
2,1,False,340,200–400
4,4,True,186,<200
2,2,True,544,400–600
2,2,True,253,200–400
4,4,True,157,<200
6,2,False,281,200–400
1,1,True,345,200–400
4,5,False,243,200–400
6,6,True,449,400–600
3,3,True,243,200–400
3,3,True,189,<200
3,3,True,1168,800–1200
2,2,True,346,200–400
1,1,True,397,200–400
6,3,False,1034,800–1200
4,4,True,264,200–400
1,1,True,1159,800–1200
2,2,True,326,200–400
3,3,True,168,<200
3,3,True,826,800–1200
4,4,True,342,200–400
5,5,True,142,<200
3,4,False,196,<200
2,2,True,324,200–400
2,3,False,192,<200
2,2,True,275,200–400
2,4,False,434,400–600
2,2,True,634,600–800
5,5,True,828,800–1200
2,5,False,487,400–600
6,3,False,912,800–1200
3,1,False,409,400–600
2,2,True,303,200–400
4,4,True,433,400–600
1,1,True,534,400–600
3,3,True,178,<200
3,1,False,344,200–400
1,1,True,492,400–600
2,5,False,420,400–600
3,3,True,158,<200
6,6,True,484,400–600
2,2,True,322,200–400
2,2,True,717,600–800
5,5,True,426,400–600
1,1,True,742,600–800
5,5,True,434,400–600
2,2,True,405,400–600
3,6,False,576,400–600
6,6,True,602,600–800
2,2,True,681,600–800
3,3,True,344,200–400
3,4,False,202,200–400
6,6,True,499,400–600
2,3,False,198,<200
2,2,True,403,400–600
2,2,True,290,200–400
6,6,True,566,400–600
5,5,True,424,400–600
6,6,True,689,600–800
5,5,True,409,400–600
3,6,False,655,600–800
2,2,True,195,<200
3,3,True,443,400–600
6,6,True,600,400–600
2,2,True,339,200–400
2,2,True,379,200–400
2,5,False,388,200–400
6,6,True,880,800–1200
1,1,True,502,400–600
2,3,False,700,600–800
2,2,True,382,200–400
1,1,True,341,200–400
3,3,True,90,<200
4,4,True,290,200–400
3,5,False,223,200–400
6,6,True,551,400–600
2,1,False,348,200–400
1,1,True,386,200–400
4,4,True,359,200–400
5,5,True,210,200–400
1,6,False,368,200–400
2,2,True,320,200–400
4,4,True,463,400–600
6,3,False,927,800–1200
2,3,False,281,200–400
4,4,True,275,200–400
2,2,True,413,400–600
5,5,True,436,400–600
4,2,False,319,200–400
2,2,True,356,200–400
5,5,True,245,200–400
3,2,False,415,400–600
5,2,False,385,200–400
3,3,True,216,200–400
3,3,True,120,<200
3,2,False,646,600–800
2,4,False,321,200–400
2,2,True,248,200–400
2,2,True,469,400–600
6,6,True,833,800–1200
1,1,True,273,200–400
2,2,True,320,200–400
3,3,True,239,200–400
1,1,True,395,200–400
6,6,True,461,400–600
1,1,True,356,200–400
2,1,False,723,600–800
3,3,True,184,<200
3,5,False,483,400–600
2,2,True,308,200–400
2,2,True,395,200–400
3,1,False,310,200–400
2,2,True,319,200–400
2,2,True,483,400–600
2,2,True,376,200–400
5,5,True,215,200–400
6,6,True,436,400–600
2,2,True,234,200–400
2,5,False,314,200–400
2,2,True,216,200–400
6,6,True,835,800–1200
3,2,False,420,400–600
2,2,True,395,200–400
3,3,True,170,<200
3,3,True,561,400–600
2,2,True,216,200–400
3,3,True,188,<200
2,4,False,323,200–400
1,1,True,642,600–800
3,3,True,171,<200
2,2,True,255,200–400
2,2,True,336,200–400
3,3,True,609,600–800
3,3,True,185,<200
4,4,True,475,400–600
3,3,True,150,<200
2,2,True,211,200–400
2,2,True,267,200–400
5,5,True,230,200–400
4,4,True,354,200–400
3,1,False,362,200–400
1,1,True,342,200–400
2,2,True,310,200–400
2,2,True,335,200–400
2,2,True,274,200–400
6,6,True,330,200–400
6,6,True,99,<200
1,1,True,299,200–400
5,5,True,472,400–600
2,2,True,245,200–400
2,3,False,307,200–400
4,4,True,478,400–600
4,4,True,214,200–400
1,1,True,493,400–600
1,1,True,181,<200
2,2,True,388,200–400
2,6,False,538,400–600
5,5,True,248,200–400
2,2,True,293,200–400
2,2,True,352,200–400
1,1,True,447,400–600
4,4,True,459,400–600
4,4,True,128,<200
2,2,True,291,200–400
6,2,False,427,400–600
4,4,True,425,400–600
5,5,True,384,200–400
4,4,True,278,200–400
3,4,False,150,<200
1,1,True,531,400–600
2,2,True,394,200–400
2,2,True,417,400–600
6,6,True,364,200–400
2,5,False,517,400–600
1,1,True,387,200–400
3,3,True,56,<200
1,1,True,323,200–400
2,2,True,354,200–400
5,5,True,359,200–400
4,4,True,373,200–400
3,1,False,363,200–400
3,3,True,329,200–400
3,3,True,180,<200
2,2,True,304,200–400
3,3,True,1170,800–1200
3,3,True,188,<200
3,3,True,767,600–800
2,1,False,405,400–600
3,2,False,247,200–400
3,3,True,293,200–400
3,3,True,298,200–400
3,3,True,471,400–600
3,2,False,352,200–400
3,3,True,1556,>1200
4,4,True,269,200–400
3,3,True,1134,800–1200
2,2,True,264,200–400
5,5,True,303,200–400
1,1,True,432,400–600
6,6,True,885,800–1200
2,2,True,540,400–600
2,2,True,210,200–400
1,2,False,314,200–400
1,2,False,315,200–400
6,6,True,580,400–600
2,4,False,292,200–400
3,2,False,240,200–400
2,2,True,621,600–800
3,3,True,250,200–400
2,2,True,358,200–400
3,3,True,348,200–400
1,1,True,479,400–600
6,6,True,548,400–600
2,1,False,329,200–400
2,1,False,387,200–400
3,3,True,584,400–600
5,5,True,244,200–400
1,1,True,739,600–800
1,1,True,504,400–600
3,3,True,196,<200
3,3,True,242,200–400
1,1,True,344,200–400
1,1,True,455,400–600
3,3,True,591,400–600
5,2,False,424,400–600
1,1,True,127,<200
3,3,True,275,200–400
2,1,False,334,200–400
2,2,True,393,200–400
3,2,False,411,400–600
3,3,True,271,200–400
6,6,True,416,400–600
2,2,True,311,200–400
1,3,False,191,<200
1,1,True,479,400–600
1,3,False,605,600–800
2,2,True,255,200–400
3,3,True,211,200–400
2,2,True,378,200–400
1,1,True,398,200–400
3,6,False,715,600–800
6,6,True,430,400–600
2,2,True,311,200–400
6,6,True,426,400–600
4,1,False,269,200–400
2,2,True,404,400–600
1,1,True,431,400–600
6,6,True,598,400–600
1,2,False,323,200–400
3,3,True,208,200–400
3,3,True,764,600–800
6,6,True,430,400–600
1,1,True,831,800–1200
4,4,True,424,400–600
2,5,False,454,400–600
2,2,True,259,200–400
4,4,True,323,200–400
3,2,False,291,200–400
2,2,True,273,200–400
3,3,True,383,200–400
6,6,True,477,400–600
4,3,False,227,200–400
2,2,True,314,200–400
2,2,True,347,200–400
4,4,True,271,200–400
2,5,False,516,400–600
2,3,False,227,200–400
2,2,True,1460,>1200
1,1,True,391,200–400
2,2,True,208,200–400
6,6,True,770,600–800
2,2,True,242,200–400
1,1,True,328,200–400
2,2,True,577,400–600
3,3,True,131,<200
2,2,True,216,200–400
1,3,False,743,600–800
6,6,True,397,200–400
1,1,True,417,400–600
3,3,True,466,400–600
3,6,False,643,600–800
5,5,True,460,400–600
2,2,True,267,200–400
3,3,True,103,<200
3,3,True,190,<200
2,2,True,314,200–400
4,4,True,261,200–400
3,3,True,412,400–600
6,6,True,424,400–600
2,2,True,330,200–400
2,1,False,537,400–600
3,3,True,101,<200
6,6,True,434,400–600
1,1,True,1353,>1200
6,6,True,529,400–600
3,3,True,260,200–400
3,3,True,100,<200
3,3,True,150,<200
2,1,False,356,200–400
1,1,True,614,600–800
3,3,True,279,200–400
1,1,True,370,200–400
3,3,True,1425,>1200
5,5,True,250,200–400
2,2,True,334,200–400
2,3,False,559,400–600
3,3,True,259,200–400
1,1,True,379,200–400
3,3,True,642,600–800
4,4,True,218,200–400
4,4,True,879,800–1200
6,6,True,591,400–600
1,1,True,423,400–600
2,2,True,412,400–600
1,3,False,523,400–600
3,3,True,517,400–600
1,1,True,478,400–600
1,1,True,344,200–400
6,6,True,652,600–800
3,3,True,445,400–600
4,4,True,387,200–400
2,3,False,191,<200
4,3,False,236,200–400
4,4,True,296,200–400
4,4,True,200,<200
3,2,False,6857,>1200
1,5,False,413,400–600
2,2,True,314,200–400
2,2,True,379,200–400
2,2,True,409,400–600
6,6,True,446,400–600
4,4,True,434,400–600
5,5,True,215,200–400
6,6,True,402,400–600
2,6,False,1054,800–1200
1,1,True,352,200–400
1,1,True,302,200–400
3,2,False,732,600–800
2,2,True,153,<200
3,3,True,567,400–600
4,4,True,467,400–600
6,6,True,858,800–1200
3,3,True,503,400–600
1,1,True,384,200–400
2,2,True,325,200–400
2,2,True,1372,>1200
6,6,True,648,600–800
2,1,False,374,200–400
6,6,True,472,400–600
5,5,True,297,200–400
6,6,True,572,400–600
2,2,True,583,400–600
3,3,True,181,<200
3,3,True,335,200–400
6,6,True,542,400–600
2,5,False,219,200–400
6,6,True,494,400–600
6,6,True,426,400–600
2,1,False,457,400–600
3,3,True,426,400–600
2,2,True,155,<200
2,2,True,382,200–400
3,3,True,284,200–400
3,3,True,428,400–600
2,2,True,203,200–400
6,6,True,1067,800–1200
3,3,True,158,<200
2,2,True,413,400–600
6,6,True,577,400–600
3,3,True,792,600–800
4,4,True,143,<200
6,6,True,548,400–600
6,6,True,892,800–1200
2,4,False,260,200–400
3,3,True,589,400–600
3,3,True,152,<200
6,6,True,918,800–1200
2,2,True,420,400–600
2,2,True,203,200–400
3,3,True,321,200–400
3,3,True,514,400–600
2,3,False,573,400–600
5,5,True,450,400–600
1,1,True,326,200–400
1,1,True,338,200–400
2,2,True,404,400–600
3,3,True,497,400–600
2,2,True,428,400–600
2,2,True,477,400–600
5,5,True,252,200–400
2,2,True,319,200–400
3,3,True,339,200–400
4,1,False,326,200–400
1,1,True,346,200–400
1,1,True,515,400–600
3,2,False,264,200–400
1,6,False,1556,>1200
4,4,True,203,200–400
1,1,True,392,200–400
3,3,True,534,400–600
2,1,False,355,200–400
3,3,True,337,200–400
3,3,True,710,600–800
4,4,True,276,200–400
6,6,True,807,800–1200
3,3,True,404,400–600
2,2,True,461,400–600
5,5,True,445,400–600
1,1,True,153,<200
3,5,False,429,400–600
5,5,True,345,200–400
2,2,True,203,200–400
1,1,True,438,400–600
6,6,True,857,800–1200
3,3,True,118,<200
4,4,True,340,200–400
2,2,True,307,200–400
3,3,True,861,800–1200
2,1,False,351,200–400
4,4,True,356,200–400
1,1,True,750,600–800
1,1,True,397,200–400
5,5,True,244,200–400
1,3,False,196,<200
1,1,True,341,200–400
3,3,True,276,200–400
2,1,False,384,200–400
3,4,False,264,200–400
3,3,True,101,<200
4,4,True,289,200–400
1,1,True,497,400–600
2,2,True,337,200–400
1,1,True,551,400–600
2,4,False,407,400–600
2,2,True,364,200–400
2,2,True,372,200–400
2,2,True,473,400–600
2,2,True,429,400–600
2,2,True,730,600–800
2,1,False,570,400–600
3,3,True,353,200–400
5,5,True,181,<200
1,5,False,134,<200
6,6,True,542,400–600
1,1,True,285,200–400
4,4,True,144,<200
1,1,True,273,200–400
3,3,True,570,400–600
3,3,True,352,200–400
2,2,True,384,200–400
2,2,True,389,200–400
4,4,True,257,200–400
3,3,True,202,200–400
3,3,True,545,400–600
6,6,True,525,400–600
3,3,True,197,<200
1,3,False,1349,>1200
5,5,True,432,400–600
6,6,True,282,200–400
3,3,True,146,<200
2,3,False,1262,>1200
5,2,False,303,200–400
2,2,True,314,200–400
1,1,True,270,200–400
2,2,True,301,200–400
2,2,True,181,<200
1,5,False,177,<200
2,2,True,140,<200
3,3,True,284,200–400
2,2,True,396,200–400
4,4,True,126,<200
1,1,True,343,200–400
4,4,True,473,400–600
6,6,True,804,800–1200
4,4,True,422,400–600
2,2,True,204,200–400
2,2,True,612,600–800
4,4,True,126,<200
4,2,False,213,200–400
6,6,True,430,400–600
6,6,True,560,400–600
4,4,True,213,200–400
2,2,True,391,200–400
1,1,True,307,200–400
3,3,True,324,200–400
4,4,True,812,800–1200
4,4,True,376,200–400
2,3,False,254,200–400
6,6,True,940,800–1200
2,2,True,267,200–400
3,3,True,688,600–800
5,5,True,541,400–600
2,2,True,343,200–400
1,1,True,332,200–400
2,2,True,369,200–400
2,2,True,398,200–400
6,6,True,562,400–600
4,4,True,264,200–400
3,3,True,336,200–400
6,6,True,233,200–400
1,1,True,498,400–600
2,2,True,182,<200
4,4,True,405,400–600
3,3,True,881,800–1200
4,5,False,380,200–400
4,4,True,181,<200
6,6,True,463,400–600
2,3,False,404,400–600
3,3,True,157,<200
4,4,True,553,400–600
2,2,True,753,600–800
6,6,True,582,400–600
3,4,False,204,200–400
2,3,False,887,800–1200
3,2,False,288,200–400
3,3,True,567,400–600
3,3,True,303,200–400
1,1,True,486,400–600
1,6,False,1201,>1200
4,4,True,259,200–400
6,2,False,348,200–400
1,1,True,418,400–600
3,3,True,606,600–800
2,2,True,536,400–600
2,2,True,422,400–600
3,3,True,3010,>1200
4,2,False,349,200–400
3,3,True,713,600–800
1,1,True,333,200–400
1,1,True,321,200–400
6,6,True,935,800–1200
4,4,True,256,200–400
3,3,True,253,200–400
6,6,True,879,800–1200
2,2,True,202,200–400
5,5,True,353,200–400
3,3,True,656,600–800
5,5,True,409,400–600
1,4,False,129,<200
3,3,True,643,600–800
2,2,True,270,200–400
3,3,True,455,400–600
2,2,True,327,200–400
6,2,False,324,200–400
3,3,True,234,200–400
2,2,True,245,200–400
6,6,True,341,200–400
5,5,True,525,400–600
2,2,True,345,200–400
1,1,True,734,600–800
2,3,False,185,<200
6,6,True,277,200–400
3,3,True,417,400–600
2,2,True,757,600–800
1,1,True,505,400–600
5,5,True,181,<200
1,1,True,210,200–400
2,4,False,303,200–400
3,3,True,383,200–400
2,3,False,141,<200
2,2,True,437,400–600
2,2,True,322,200–400
4,4,True,144,<200
3,2,False,890,800–1200
6,6,True,466,400–600
2,2,True,211,200–400
2,2,True,233,200–400
5,1,False,364,200–400
4,4,True,431,400–600
2,2,True,329,200–400
5,5,True,364,200–400
2,2,True,327,200–400
2,3,False,198,<200
2,2,True,418,400–600
3,3,True,481,400–600
2,1,False,445,400–600
6,6,True,323,200–400
2,2,True,236,200–400
3,3,True,188,<200
2,2,True,298,200–400
2,1,False,583,400–600
2,1,False,405,400–600
2,2,True,171,<200
6,6,True,709,600–800
2,1,False,403,400–600
4,3,False,380,200–400
6,6,True,447,400–600
2,2,True,1252,>1200
2,2,True,959,800–1200
3,3,True,435,400–600
2,2,True,172,<200
6,6,True,365,200–400
2,2,True,583,400–600
3,3,True,146,<200
2,2,True,618,600–800
6,1,False,459,400–600
2,2,True,337,200–400
3,2,False,373,200–400
1,1,True,324,200–400
3,3,True,202,200–400
1,1,True,354,200–400
2,6,False,475,400–600
6,6,True,743,600–800
6,6,True,588,400–600
2,2,True,236,200–400
2,2,True,317,200–400
6,6,True,100,<200
4,4,True,465,400–600
2,2,True,1336,>1200
2,2,True,293,200–400
6,6,True,422,400–600
6,6,True,618,600–800
2,2,True,238,200–400
5,5,True,249,200–400
1,5,False,246,200–400
6,6,True,279,200–400
1,1,True,360,200–400
2,1,False,311,200–400
1,1,True,526,400–600
1,1,True,492,400–600
3,2,False,297,200–400
2,2,True,273,200–400
1,1,True,303,200–400
3,3,True,146,<200
2,1,False,438,400–600
2,3,False,297,200–400
2,2,True,672,600–800
3,3,True,357,200–400
2,2,True,412,400–600
2,5,False,235,200–400
2,2,True,344,200–400
5,4,False,370,200–400
3,3,True,154,<200
2,1,False,321,200–400
6,6,True,365,200–400
2,2,True,455,400–600
1,1,True,236,200–400
2,1,False,446,400–600
2,2,True,394,200–400
5,5,True,266,200–400
2,2,True,238,200–400
1,1,True,324,200–400
2,1,False,361,200–400
3,1,False,337,200–400
2,2,True,397,200–400
3,3,True,962,800–1200
1,1,True,411,400–600
4,4,True,790,600–800
2,1,False,582,400–600
3,3,True,140,<200
3,3,True,211,200–400
2,3,False,208,200–400
2,1,False,547,400–600
6,6,True,466,400–600
3,3,True,264,200–400
3,6,False,846,800–1200
2,2,True,345,200–400
2,2,True,312,200–400
1,1,True,312,200–400
1,1,True,209,200–400
2,2,True,319,200–400
3,3,True,171,<200
2,2,True,354,200–400
2,2,True,225,200–400
2,2,True,419,400–600
2,2,True,464,400–600
3,2,False,347,200–400
2,2,True,404,400–600
5,3,False,687,600–800
2,2,True,1343,>1200
4,4,True,491,400–600
4,4,True,382,200–400
2,2,True,218,200–400
3,3,True,923,800–1200
6,6,True,433,400–600
1,1,True,331,200–400
2,2,True,444,400–600
2,2,True,559,400–600
3,3,True,399,200–400
2,2,True,361,200–400
3,3,True,276,200–400
2,2,True,242,200–400
2,2,True,1657,>1200
3,1,False,507,400–600
2,3,False,645,600–800
2,2,True,343,200–400
1,1,True,493,400–600
4,4,True,359,200–400
6,6,True,100,<200
2,2,True,842,800–1200
3,3,True,157,<200
6,6,True,586,400–600
3,2,False,339,200–400
3,3,True,353,200–400
5,5,True,434,400–600
3,3,True,197,<200
6,6,True,382,200–400
2,2,True,316,200–400
3,3,True,444,400–600
2,2,True,452,400–600
4,4,True,384,200–400
3,3,True,584,400–600
6,6,True,481,400–600
2,2,True,609,600–800
2,4,False,188,<200
2,2,True,311,200–400
3,3,True,184,<200
6,6,True,575,400–600
4,4,True,164,<200
3,3,True,232,200–400
3,3,True,437,400–600
3,3,True,171,<200
2,2,True,451,400–600
1,3,False,168,<200
2,2,True,256,200–400
3,4,False,140,<200
4,4,True,1587,>1200
4,4,True,458,400–600
3,3,True,351,200–400
2,2,True,400,200–400
2,2,True,698,600–800
3,3,True,856,800–1200
2,2,True,350,200–400
2,6,False,1116,800–1200
2,2,True,389,200–400
2,2,True,725,600–800
2,2,True,311,200–400
6,6,True,621,600–800
2,1,False,351,200–400
1,1,True,517,400–600
6,6,True,647,600–800
2,2,True,363,200–400
2,2,True,355,200–400
2,5,False,218,200–400
2,2,True,322,200–400
3,3,True,607,600–800
6,6,True,469,400–600
3,3,True,767,600–800
2,3,False,253,200–400
2,2,True,606,600–800
6,6,True,513,400–600
5,5,True,248,200–400
2,5,False,313,200–400
2,2,True,228,200–400
3,3,True,615,600–800
4,4,True,166,<200
2,2,True,226,200–400
2,2,True,367,200–400
1,1,True,286,200–400
1,6,False,528,400–600
2,2,True,341,200–400
2,2,True,366,200–400
2,2,True,1155,800–1200
3,3,True,249,200–400
1,3,False,757,600–800
1,1,True,562,400–600
6,6,True,647,600–800
2,2,True,488,400–600
5,5,True,432,400–600
1,1,True,331,200–400
6,6,True,478,400–600
3,3,True,765,600–800
6,6,True,457,400–600
3,3,True,229,200–400
4,4,True,496,400–600
3,1,False,336,200–400
4,4,True,287,200–400
2,2,True,246,200–400
2,2,True,253,200–400
6,6,True,357,200–400
4,4,True,258,200–400
2,2,True,274,200–400
3,3,True,619,600–800
3,5,False,302,200–400
1,1,True,444,400–600
6,6,True,635,600–800
3,3,True,604,600–800
4,4,True,365,200–400
6,1,False,471,400–600
1,1,True,358,200–400
3,2,False,248,200–400
2,2,True,501,400–600
3,3,True,745,600–800
4,4,True,254,200–400
6,6,True,477,400–600
1,1,True,727,600–800
3,4,False,151,<200
5,2,False,314,200–400
2,2,True,362,200–400
2,2,True,519,400–600
5,5,True,257,200–400
3,3,True,304,200–400
2,2,True,2602,>1200
2,2,True,310,200–400
2,2,True,321,200–400
2,2,True,292,200–400
3,1,False,367,200–400
2,2,True,255,200–400
4,4,True,380,200–400
3,3,True,93,<200
3,3,True,493,400–600
2,4,False,171,<200
2,3,False,601,600–800
2,2,True,434,400–600
2,2,True,474,400–600
6,6,True,406,400–600
2,2,True,242,200–400
6,6,True,426,400–600
1,4,False,166,<200
3,5,False,572,400–600
1,1,True,328,200–400
4,4,True,361,200–400
2,2,True,415,400–600
3,3,True,440,400–600
3,3,True,355,200–400
2,2,True,159,<200
3,2,False,540,400–600
2,2,True,424,400–600
3,6,False,429,400–600
2,2,True,251,200–400
6,6,True,479,400–600
2,2,True,166,<200
4,4,True,354,200–400
3,3,True,782,600–800
1,1,True,177,<200
5,5,True,203,200–400
4,4,True,275,200–400
4,4,True,301,200–400
1,1,True,199,<200
2,2,True,237,200–400
3,3,True,169,<200
4,4,True,295,200–400
3,3,True,149,<200
1,1,True,270,200–400
2,1,False,541,400–600
4,4,True,171,<200
2,5,False,238,200–400
3,3,True,602,600–800
3,3,True,350,200–400
5,5,True,445,400–600
6,6,True,698,600–800
1,1,True,248,200–400
2,2,True,293,200–400
2,2,True,159,<200
1,3,False,184,<200
2,3,False,172,<200
6,6,True,545,400–600
2,3,False,451,400–600
5,5,True,463,400–600
2,1,False,337,200–400
3,3,True,257,200–400
3,3,True,164,<200
4,4,True,437,400–600
2,2,True,183,<200
6,6,True,428,400–600
1,1,True,317,200–400
2,2,True,293,200–400
3,1,False,290,200–400
2,2,True,294,200–400
1,3,False,302,200–400
1,1,True,226,200–400
3,3,True,209,200–400
4,4,True,318,200–400
2,1,False,371,200–400
6,6,True,938,800–1200
3,3,True,322,200–400
2,3,False,190,<200
6,6,True,932,800–1200
6,6,True,377,200–400
5,5,True,274,200–400
3,3,True,220,200–400
2,2,True,442,400–600
5,3,False,434,400–600
3,3,True,194,<200
3,3,True,446,400–600
3,2,False,338,200–400
1,1,True,435,400–600
3,3,True,320,200–400
1,1,True,209,200–400
4,4,True,454,400–600
5,5,True,838,800–1200
2,2,True,336,200–400
5,5,True,289,200–400
3,3,True,360,200–400
2,2,True,586,400–600
3,2,False,285,200–400
6,6,True,800,600–800
2,2,True,687,600–800
3,3,True,156,<200
6,6,True,430,400–600
2,2,True,850,800–1200
2,2,True,364,200–400
5,5,True,244,200–400
4,4,True,181,<200
2,2,True,318,200–400
3,3,True,294,200–400
5,5,True,453,400–600
6,6,True,721,600–800
6,6,True,525,400–600
1,1,True,364,200–400
1,1,True,501,400–600
3,3,True,93,<200
2,5,False,372,200–400
1,1,True,503,400–600
3,3,True,285,200–400
4,4,True,298,200–400
4,4,True,429,400–600
4,4,True,467,400–600
1,1,True,175,<200
2,2,True,375,200–400
2,2,True,456,400–600
6,6,True,955,800–1200
2,2,True,462,400–600
3,3,True,425,400–600
2,2,True,621,600–800
2,6,False,496,400–600
6,6,True,99,<200
2,2,True,262,200–400
2,2,True,450,400–600
1,2,False,1673,>1200
2,2,True,303,200–400
2,2,True,636,600–800
2,2,True,194,<200
2,2,True,538,400–600
3,6,False,549,400–600
2,2,True,446,400–600
3,2,False,401,400–600
2,2,True,307,200–400
6,6,True,795,600–800
2,2,True,424,400–600
3,3,True,598,400–600
6,6,True,437,400–600
3,1,False,237,200–400
2,2,True,359,200–400
3,3,True,326,200–400
6,6,True,429,400–600
2,2,True,760,600–800
4,4,True,223,200–400
2,2,True,246,200–400
2,2,True,255,200–400
2,2,True,248,200–400
2,2,True,221,200–400
2,2,True,321,200–400
3,3,True,343,200–400
2,2,True,359,200–400
5,5,True,474,400–600
2,2,True,200,<200
1,1,True,949,800–1200
3,1,False,412,400–600
6,6,True,424,400–600
3,3,True,178,<200
4,4,True,506,400–600
1,1,True,191,<200
3,3,True,188,<200
2,2,True,362,200–400
3,3,True,226,200–400
1,1,True,285,200–400
2,4,False,287,200–400
2,2,True,325,200–400
1,1,True,314,200–400
2,6,False,547,400–600
6,3,False,97,<200
5,5,True,294,200–400
2,3,False,186,<200
1,1,True,335,200–400
5,5,True,618,600–800
2,2,True,324,200–400
6,6,True,430,400–600
3,3,True,330,200–400
2,2,True,224,200–400
2,2,True,400,200–400
2,1,False,304,200–400
3,3,True,179,<200
3,2,False,239,200–400
2,2,True,546,400–600
2,2,True,339,200–400
4,5,False,262,200–400
2,4,False,295,200–400
1,1,True,236,200–400
3,3,True,1002,800–1200
2,2,True,304,200–400
6,5,False,237,200–400
5,5,True,405,400–600
6,6,True,429,400–600
2,2,True,451,400–600
2,2,True,313,200–400
1,1,True,337,200–400
3,4,False,205,200–400
2,6,False,440,400–600
1,1,True,345,200–400
4,4,True,147,<200
6,2,False,336,200–400
2,2,True,143,<200
3,3,True,444,400–600
1,1,True,363,200–400
1,1,True,213,200–400
1,1,True,351,200–400
3,3,True,767,600–800
1,1,True,586,400–600
3,3,True,331,200–400
5,5,True,555,400–600
3,3,True,781,600–800
2,2,True,139,<200
2,1,False,286,200–400
4,4,True,472,400–600
4,4,True,611,600–800
6,6,True,531,400–600
6,6,True,638,600–800
2,2,True,178,<200
3,3,True,825,800–1200
4,4,True,729,600–800
3,3,True,344,200–400
6,6,True,445,400–600
3,3,True,438,400–600
1,1,True,536,400–600
6,6,True,585,400–600
1,1,True,181,<200
2,6,False,426,400–600
3,2,False,270,200–400
2,2,True,357,200–400
2,2,True,165,<200
2,2,True,418,400–600
3,3,True,1045,800–1200
3,3,True,162,<200
2,3,False,677,600–800
5,5,True,450,400–600
2,2,True,218,200–400
3,3,True,447,400–600
3,3,True,402,400–600
3,3,True,334,200–400
3,3,True,272,200–400
2,2,True,446,400–600
3,3,True,216,200–400
6,6,True,523,400–600
4,4,True,380,200–400
2,2,True,358,200–400
3,3,True,189,<200
5,5,True,427,400–600
2,2,True,264,200–400
1,2,False,354,200–400
3,3,True,712,600–800
6,6,True,545,400–600
2,2,True,200,<200
2,2,True,310,200–400
6,6,True,892,800–1200
2,3,False,75,<200
1,1,True,750,600–800
2,2,True,347,200–400
3,3,True,285,200–400
2,2,True,413,400–600
1,1,True,381,200–400
3,3,True,3425,>1200
3,3,True,175,<200
2,2,True,341,200–400
2,2,True,377,200–400
2,6,False,488,400–600
3,3,True,187,<200
2,2,True,340,200–400
4,4,True,202,200–400
6,6,True,557,400–600
6,6,True,495,400–600
1,1,True,302,200–400
1,1,True,381,200–400
2,2,True,298,200–400
2,2,True,269,200–400
2,2,True,188,<200
2,2,True,187,<200
3,3,True,1462,>1200
2,2,True,496,400–600
1,1,True,486,400–600
6,6,True,574,400–600
6,6,True,491,400–600
2,2,True,285,200–400
2,2,True,343,200–400
3,3,True,289,200–400
3,3,True,274,200–400
2,2,True,229,200–400
3,3,True,376,200–400
1,2,False,336,200–400
4,3,False,250,200–400
4,4,True,296,200–400
4,3,False,149,<200
2,3,False,148,<200
2,2,True,1427,>1200
6,6,True,499,400–600
3,3,True,235,200–400
3,3,True,125,<200
6,6,True,314,200–400
2,2,True,311,200–400
1,1,True,450,400–600
2,1,False,384,200–400
3,6,False,481,400–600
1,1,True,284,200–400
2,2,True,369,200–400
3,1,False,465,400–600
1,1,True,206,200–400
3,3,True,778,600–800
5,5,True,194,<200
2,2,True,213,200–400
2,2,True,388,200–400
3,3,True,197,<200
3,3,True,181,<200
1,4,False,187,<200
1,1,True,199,<200
2,2,True,738,600–800
3,3,True,220,200–400
2,2,True,395,200–400
1,1,True,332,200–400
3,3,True,233,200–400
2,2,True,485,400–600
2,2,True,336,200–400
4,4,True,340,200–400
5,5,True,457,400–600
6,6,True,431,400–600
1,1,True,331,200–400
2,2,True,313,200–400
3,3,True,263,200–400
6,6,True,588,400–600
1,1,True,312,200–400
6,6,True,916,800–1200
3,3,True,633,600–800
2,2,True,367,200–400
6,6,True,346,200–400
3,5,False,302,200–400
2,1,False,308,200–400
2,2,True,735,600–800
3,3,True,93,<200
3,3,True,351,200–400
4,4,True,156,<200
3,3,True,110,<200
2,2,True,473,400–600
3,4,False,199,<200
2,3,False,180,<200
6,6,True,584,400–600
5,5,True,433,400–600
2,2,True,305,200–400
2,2,True,215,200–400
2,2,True,774,600–800
3,3,True,479,400–600
1,1,True,363,200–400
2,2,True,509,400–600
3,3,True,545,400–600
3,3,True,519,400–600
3,6,False,457,400–600
4,6,False,400,200–400
3,3,True,269,200–400
1,1,True,749,600–800
3,3,True,234,200–400
4,4,True,429,400–600
4,4,True,358,200–400
3,5,False,231,200–400
1,3,False,152,<200
5,5,True,427,400–600
1,1,True,336,200–400
6,6,True,525,400–600
6,6,True,514,400–600
3,2,False,484,400–600
1,1,True,341,200–400
2,2,True,657,600–800
4,4,True,163,<200
3,3,True,497,400–600
3,3,True,235,200–400
2,2,True,306,200–400
2,1,False,325,200–400
2,3,False,190,<200
1,1,True,295,200–400
6,6,True,493,400–600
6,6,True,444,400–600
2,2,True,208,200–400
3,3,True,598,400–600
2,1,False,519,400–600
3,4,False,207,200–400
1,3,False,528,400–600
2,2,True,452,400–600
4,4,True,145,<200
2,2,True,254,200–400
5,5,True,373,200–400
2,2,True,323,200–400
2,2,True,408,400–600
2,2,True,455,400–600
1,1,True,922,800–1200
2,2,True,434,400–600
6,6,True,428,400–600
6,6,True,490,400–600
2,1,False,608,600–800
2,2,True,359,200–400
2,2,True,414,400–600
3,3,True,123,<200
5,5,True,237,200–400
2,2,True,352,200–400
3,3,True,189,<200
2,1,False,281,200–400
1,6,False,614,600–800
1,1,True,322,200–400
2,2,True,264,200–400
3,3,True,721,600–800
2,6,False,556,400–600
4,4,True,233,200–400
3,3,True,338,200–400
5,5,True,241,200–400
2,2,True,384,200–400
2,1,False,362,200–400
5,5,True,434,400–600
1,1,True,300,200–400
1,2,False,333,200–400
2,2,True,302,200–400
6,6,True,227,200–400
2,2,True,887,800–1200
4,4,True,182,<200
4,4,True,230,200–400
3,3,True,428,400–600
6,6,True,435,400–600
3,3,True,494,400–600
3,3,True,390,200–400
3,3,True,227,200–400
1,1,True,375,200–400
2,2,True,288,200–400
1,1,True,455,400–600
3,3,True,169,<200
2,4,False,295,200–400
3,3,True,188,<200
3,3,True,172,<200
6,6,True,304,200–400
6,6,True,460,400–600
4,6,False,540,400–600
3,3,True,644,600–800
3,6,False,556,400–600
2,3,False,247,200–400
3,3,True,146,<200
6,6,True,480,400–600
1,3,False,188,<200
4,4,True,190,<200
3,3,True,120,<200
2,2,True,162,<200
6,6,True,542,400–600
2,2,True,383,200–400
1,1,True,446,400–600
3,1,False,446,400–600
3,3,True,140,<200
3,5,False,221,200–400
1,1,True,333,200–400
1,1,True,420,400–600
3,3,True,843,800–1200
1,3,False,601,600–800
2,2,True,308,200–400
1,1,True,491,400–600
1,2,False,280,200–400
2,2,True,462,400–600
3,3,True,328,200–400
5,5,True,433,400–600
2,2,True,231,200–400
2,2,True,372,200–400
2,2,True,205,200–400
3,2,False,791,600–800
2,2,True,8891,>1200
2,2,True,315,200–400
2,2,True,346,200–400
2,2,True,325,200–400
3,6,False,585,400–600
3,3,True,637,600–800
2,2,True,238,200–400
2,2,True,212,200–400
2,2,True,353,200–400
4,3,False,591,400–600
3,4,False,216,200–400
3,3,True,311,200–400
5,5,True,427,400–600
2,2,True,589,400–600
2,2,True,251,200–400
2,2,True,316,200–400
5,5,True,375,200–400
1,2,False,686,600–800
3,1,False,355,200–400
3,3,True,449,400–600
6,6,True,476,400–600
3,3,True,214,200–400
3,3,True,256,200–400
4,1,False,413,400–600
2,2,True,260,200–400
4,4,True,154,<200
5,5,True,637,600–800
3,3,True,313,200–400
2,1,False,367,200–400
2,2,True,396,200–400
1,1,True,214,200–400
1,2,False,376,200–400
3,3,True,368,200–400
1,1,True,549,400–600
4,4,True,169,<200
3,3,True,427,400–600
2,2,True,128,<200
2,2,True,405,400–600
3,3,True,461,400–600
4,4,True,536,400–600
5,5,True,232,200–400
3,5,False,231,200–400
2,2,True,518,400–600
3,2,False,350,200–400
5,5,True,266,200–400
2,2,True,456,400–600
2,2,True,337,200–400
4,4,True,495,400–600
1,1,True,332,200–400
2,2,True,487,400–600
2,1,False,280,200–400
3,1,False,467,400–600
6,2,False,601,600–800
2,6,False,485,400–600
3,3,True,276,200–400
3,3,True,284,200–400
1,1,True,334,200–400
1,1,True,263,200–400
4,4,True,217,200–400
2,5,False,234,200–400
1,1,True,388,200–400
4,4,True,431,400–600
2,3,False,249,200–400
2,2,True,331,200–400
1,1,True,148,<200
5,2,False,397,200–400
1,1,True,426,400–600
2,2,True,640,600–800
1,1,True,480,400–600
3,3,True,220,200–400
2,2,True,57,<200
2,2,True,277,200–400
3,3,True,183,<200
2,2,True,291,200–400
6,6,True,93,<200
3,3,True,301,200–400
3,3,True,374,200–400
3,3,True,335,200–400
2,2,True,478,400–600
2,2,True,240,200–400
2,2,True,1398,>1200
2,3,False,95,<200
3,3,True,385,200–400
6,6,True,466,400–600
5,5,True,461,400–600
3,3,True,224,200–400
2,6,False,446,400–600
2,2,True,417,400–600
6,6,True,937,800–1200
3,5,False,276,200–400
2,2,True,365,200–400
2,2,True,295,200–400
2,2,True,283,200–400
1,1,True,333,200–400
3,3,True,275,200–400
2,2,True,410,400–600
4,4,True,217,200–400
3,3,True,379,200–400
2,2,True,337,200–400
1,4,False,314,200–400
6,6,True,539,400–600
6,6,True,488,400–600
1,1,True,593,400–600
3,3,True,156,<200
2,2,True,327,200–400
2,3,False,214,200–400
1,1,True,295,200–400
2,2,True,209,200–400
3,3,True,817,800–1200
3,3,True,144,<200
2,2,True,406,400–600
2,2,True,255,200–400
1,1,True,370,200–400
2,2,True,398,200–400
5,5,True,237,200–400
6,6,True,623,600–800
6,6,True,820,800–1200
4,4,True,316,200–400
2,2,True,218,200–400
4,6,False,526,400–600
3,1,False,623,600–800
3,3,True,155,<200
6,6,True,542,400–600
2,2,True,366,200–400
6,6,True,842,800–1200
4,4,True,394,200–400
4,3,False,193,<200
2,2,True,398,200–400
2,2,True,289,200–400
1,1,True,394,200–400
4,4,True,228,200–400
3,3,True,377,200–400
2,2,True,352,200–400
6,6,True,394,200–400
1,1,True,368,200–400
2,2,True,230,200–400
1,1,True,550,400–600
6,6,True,305,200–400
4,6,False,512,400–600
6,6,True,221,200–400
1,1,True,338,200–400
2,2,True,530,400–600
1,5,False,259,200–400
2,2,True,401,400–600
4,4,True,272,200–400
3,3,True,145,<200
3,3,True,605,600–800
5,5,True,348,200–400
2,2,True,196,<200
3,3,True,344,200–400
2,2,True,438,400–600
3,3,True,114,<200
4,4,True,442,400–600
3,3,True,1738,>1200
3,3,True,137,<200
2,2,True,411,400–600
2,2,True,273,200–400
3,3,True,203,200–400
4,4,True,158,<200
3,3,True,1376,>1200
3,4,False,277,200–400
2,2,True,635,600–800
2,2,True,2062,>1200
1,2,False,339,200–400
6,6,True,490,400–600
3,3,True,266,200–400
3,3,True,607,600–800
3,3,True,3014,>1200
2,2,True,191,<200
2,2,True,519,400–600
3,2,False,255,200–400
2,2,True,208,200–400
3,3,True,283,200–400
3,5,False,242,200–400
3,3,True,442,400–600
3,3,True,309,200–400
2,2,True,204,200–400
2,2,True,309,200–400
2,2,True,223,200–400
2,3,False,195,<200
2,2,True,747,600–800
5,5,True,245,200–400
2,1,False,471,400–600
2,2,True,500,400–600
2,2,True,322,200–400
2,2,True,494,400–600
5,5,True,245,200–400
3,3,True,178,<200
2,2,True,258,200–400
3,3,True,519,400–600
3,6,False,491,400–600
3,3,True,207,200–400
2,2,True,254,200–400
3,3,True,258,200–400
3,2,False,483,400–600
3,1,False,545,400–600
6,6,True,718,600–800
3,3,True,290,200–400
4,4,True,172,<200
2,1,False,485,400–600
3,3,True,322,200–400
1,1,True,382,200–400
5,5,True,283,200–400
3,3,True,319,200–400
1,1,True,273,200–400
1,1,True,275,200–400
1,1,True,503,400–600
3,3,True,396,200–400
2,2,True,445,400–600
2,2,True,155,<200
5,5,True,510,400–600
5,5,True,887,800–1200
2,2,True,148,<200
5,4,False,250,200–400
1,1,True,604,600–800
2,2,True,616,600–800
3,3,True,259,200–400
2,2,True,413,400–600
1,1,True,478,400–600
5,5,True,428,400–600
2,2,True,253,200–400
3,2,False,1525,>1200
6,6,True,498,400–600
3,3,True,307,200–400
1,1,True,152,<200
2,2,True,387,200–400
4,4,True,576,400–600
3,3,True,913,800–1200
1,1,True,421,400–600
4,4,True,269,200–400
6,6,True,356,200–400
3,3,True,327,200–400
6,1,False,550,400–600
1,1,True,157,<200
1,1,True,297,200–400
1,1,True,412,400–600
2,3,False,1029,800–1200
4,3,False,272,200–400
6,1,False,453,400–600
2,2,True,230,200–400
6,6,True,431,400–600
4,4,True,199,<200
2,1,False,329,200–400
3,3,True,173,<200
2,3,False,203,200–400
2,2,True,349,200–400
5,5,True,463,400–600
3,3,True,279,200–400
2,5,False,347,200–400
2,2,True,834,800–1200
2,2,True,408,400–600
3,3,True,229,200–400
2,2,True,346,200–400
2,2,True,1377,>1200
2,2,True,515,400–600
1,1,True,493,400–600
2,2,True,260,200–400
2,2,True,419,400–600
4,4,True,118,<200
3,3,True,566,400–600
2,2,True,311,200–400
1,1,True,369,200–400
1,1,True,356,200–400
2,1,False,361,200–400
2,1,False,530,400–600
2,4,False,191,<200
4,4,True,469,400–600
3,3,True,197,<200
5,5,True,213,200–400
6,6,True,652,600–800
6,6,True,529,400–600
4,4,True,144,<200
4,4,True,362,200–400
2,2,True,318,200–400
2,4,False,254,200–400
2,4,False,319,200–400
2,1,False,385,200–400
1,6,False,430,400–600
2,1,False,408,400–600
3,3,True,188,<200
2,2,True,250,200–400
2,2,True,103,<200
3,3,True,598,400–600
3,3,True,602,600–800
3,3,True,1449,>1200
3,1,False,600,400–600
1,1,True,310,200–400
4,4,True,373,200–400
2,2,True,343,200–400
2,5,False,219,200–400
3,3,True,329,200–400
1,1,True,558,400–600
2,2,True,164,<200
4,4,True,319,200–400
2,2,True,390,200–400
6,6,True,288,200–400
1,1,True,444,400–600
1,1,True,344,200–400
2,2,True,410,400–600
2,2,True,365,200–400
6,6,True,788,600–800
3,3,True,335,200–400
2,2,True,518,400–600
3,3,True,100,<200
2,2,True,341,200–400
3,3,True,560,400–600
2,2,True,342,200–400
5,5,True,219,200–400
5,5,True,244,200–400
6,6,True,667,600–800
2,2,True,370,200–400
6,6,True,917,800–1200
4,4,True,284,200–400
6,6,True,344,200–400
3,3,True,184,<200
1,1,True,596,400–600
3,3,True,458,400–600
2,2,True,187,<200
3,3,True,141,<200
1,1,True,318,200–400
3,3,True,173,<200
4,4,True,321,200–400
1,2,False,259,200–400
6,6,True,474,400–600
3,5,False,274,200–400
2,2,True,236,200–400
3,1,False,457,400–600
2,4,False,235,200–400
3,4,False,212,200–400
2,2,True,331,200–400
4,4,True,555,400–600
2,2,True,342,200–400
2,2,True,156,<200
4,2,False,407,400–600
5,5,True,308,200–400
6,6,True,583,400–600
2,2,True,331,200–400
2,4,False,366,200–400
3,3,True,125,<200
3,3,True,845,800–1200
4,4,True,379,200–400
4,4,True,374,200–400
5,3,False,940,800–1200
2,2,True,638,600–800
3,3,True,270,200–400
2,2,True,305,200–400
3,4,False,565,400–600
2,3,False,218,200–400
1,1,True,352,200–400
2,2,True,317,200–400
3,1,False,522,400–600
4,4,True,205,200–400
2,2,True,332,200–400
6,6,True,412,400–600
2,5,False,343,200–400
2,2,True,128,<200
2,2,True,365,200–400
2,2,True,209,200–400
3,3,True,206,200–400
2,2,True,262,200–400
2,2,True,265,200–400
2,2,True,370,200–400
2,2,True,372,200–400
2,2,True,316,200–400
2,2,True,150,<200
2,2,True,255,200–400
2,3,False,260,200–400
4,4,True,291,200–400
2,2,True,319,200–400
4,4,True,138,<200
1,1,True,430,400–600
6,6,True,398,200–400
5,5,True,262,200–400
6,6,True,384,200–400
1,1,True,982,800–1200
2,2,True,293,200–400
5,5,True,426,400–600
1,1,True,315,200–400
2,2,True,407,400–600
6,6,True,308,200–400
6,6,True,444,400–600
1,1,True,337,200–400
2,2,True,1872,>1200
1,5,False,251,200–400
2,2,True,247,200–400
3,3,True,397,200–400
2,6,False,383,200–400
2,2,True,378,200–400
2,1,False,191,<200
2,2,True,134,<200
2,2,True,221,200–400
2,2,True,305,200–400
6,6,True,797,600–800
6,6,True,337,200–400
4,4,True,556,400–600
2,2,True,299,200–400
3,3,True,293,200–400
3,3,True,140,<200
6,6,True,422,400–600
6,6,True,304,200–400
6,6,True,286,200–400
2,2,True,141,<200
2,2,True,1242,>1200
4,4,True,284,200–400
2,2,True,283,200–400
2,2,True,578,400–600
3,3,True,342,200–400
2,2,True,351,200–400
5,5,True,448,400–600
3,3,True,196,<200
1,1,True,310,200–400
3,3,True,120,<200
1,6,False,693,600–800
1,5,False,371,200–400
2,2,True,413,400–600
3,3,True,254,200–400
2,2,True,742,600–800
2,6,False,491,400–600
2,2,True,424,400–600
3,3,True,1335,>1200
2,2,True,872,800–1200
1,1,True,398,200–400
6,6,True,621,600–800
3,1,False,575,400–600
3,3,True,114,<200
4,4,True,163,<200
1,6,False,555,400–600
2,2,True,212,200–400
2,2,True,180,<200
2,2,True,364,200–400
2,2,True,477,400–600
3,3,True,254,200–400
4,4,True,360,200–400
4,4,True,267,200–400
3,3,True,139,<200
3,3,True,277,200–400
4,4,True,463,400–600
2,2,True,325,200–400
2,2,True,393,200–400
3,3,True,186,<200
5,3,False,252,200–400
2,1,False,403,400–600
5,5,True,326,200–400
2,2,True,367,200–400
2,2,True,529,400–600
3,2,False,244,200–400
2,2,True,728,600–800
3,3,True,235,200–400
2,2,True,334,200–400
6,2,False,328,200–400
3,2,False,264,200–400
2,3,False,684,600–800
3,3,True,274,200–400
3,3,True,283,200–400
1,1,True,326,200–400
3,3,True,438,400–600
2,3,False,197,<200
6,6,True,491,400–600
2,2,True,417,400–600
1,1,True,353,200–400
1,1,True,831,800–1200
5,5,True,297,200–400
3,3,True,444,400–600
4,4,True,468,400–600
3,3,True,168,<200
3,3,True,758,600–800
2,2,True,358,200–400
2,2,True,334,200–400
2,2,True,232,200–400
2,3,False,852,800–1200
2,2,True,442,400–600
2,2,True,327,200–400
6,6,True,410,400–600
2,2,True,372,200–400
4,4,True,156,<200
1,1,True,329,200–400
2,2,True,687,600–800
6,6,True,430,400–600
5,5,True,225,200–400
5,5,True,232,200–400
3,6,False,466,400–600
3,3,True,317,200–400
2,2,True,552,400–600
1,1,True,364,200–400
3,3,True,234,200–400
3,3,True,306,200–400
4,5,False,221,200–400
2,2,True,250,200–400
4,4,True,418,400–600
3,2,False,349,200–400
5,5,True,435,400–600
2,5,False,285,200–400
2,2,True,525,400–600
2,2,True,267,200–400
2,2,True,1063,800–1200
3,3,True,200,<200
4,4,True,178,<200
4,4,True,707,600–800
5,5,True,218,200–400
6,6,True,874,800–1200
3,3,True,151,<200
3,3,True,210,200–400
6,6,True,453,400–600
2,2,True,254,200–400
3,2,False,609,600–800
6,6,True,916,800–1200
3,1,False,321,200–400
1,1,True,330,200–400
2,2,True,251,200–400
3,3,True,178,<200
2,2,True,1390,>1200
1,1,True,360,200–400
1,1,True,324,200–400
3,3,True,449,400–600
6,6,True,495,400–600
2,2,True,449,400–600
2,2,True,378,200–400
6,6,True,465,400–600
3,3,True,137,<200
3,5,False,234,200–400
4,4,True,346,200–400
4,4,True,98,<200
2,2,True,443,400–600
1,1,True,284,200–400
3,3,True,248,200–400
5,3,False,538,400–600
2,2,True,1072,800–1200
6,6,True,465,400–600
2,2,True,281,200–400
2,2,True,509,400–600
4,4,True,354,200–400
6,6,True,557,400–600
1,1,True,387,200–400
1,1,True,398,200–400
2,2,True,548,400–600
5,5,True,226,200–400
2,3,False,281,200–400
2,6,False,476,400–600
3,3,True,202,200–400
2,2,True,342,200–400
4,4,True,165,<200
6,6,True,862,800–1200
2,3,False,1198,800–1200
4,4,True,220,200–400
2,2,True,369,200–400
4,4,True,145,<200
3,3,True,169,<200
1,1,True,353,200–400
2,2,True,420,400–600
2,2,True,339,200–400
2,2,True,431,400–600
3,5,False,198,<200
1,1,True,345,200–400
3,3,True,110,<200
2,2,True,226,200–400
6,6,True,908,800–1200
3,3,True,967,800–1200
4,4,True,211,200–400
3,3,True,1207,>1200
4,4,True,351,200–400
1,1,True,281,200–400
1,1,True,492,400–600
4,4,True,140,<200
1,5,False,427,400–600
2,2,True,151,<200
2,2,True,544,400–600
2,2,True,417,400–600
5,5,True,345,200–400
1,1,True,377,200–400
2,2,True,513,400–600
2,2,True,383,200–400
2,2,True,90,<200
5,5,True,273,200–400
2,3,False,844,800–1200
6,6,True,649,600–800
6,6,True,409,400–600
2,2,True,295,200–400
2,2,True,295,200–400
6,6,True,428,400–600
2,2,True,317,200–400
1,3,False,344,200–400
3,3,True,203,200–400
1,6,False,488,400–600
4,5,False,221,200–400
3,3,True,349,200–400
2,1,False,369,200–400
2,2,True,404,400–600
3,3,True,968,800–1200
2,2,True,221,200–400
5,5,True,371,200–400
6,6,True,221,200–400
3,3,True,167,<200
2,2,True,155,<200
6,6,True,534,400–600
3,3,True,268,200–400
3,3,True,331,200–400
3,3,True,225,200–400
6,2,False,478,400–600
5,5,True,430,400–600
2,5,False,375,200–400
4,3,False,135,<200
3,3,True,177,<200
4,4,True,555,400–600
5,5,True,308,200–400
4,4,True,1706,>1200
5,5,True,328,200–400
1,2,False,378,200–400
2,2,True,679,600–800
2,2,True,433,400–600
3,3,True,232,200–400
2,2,True,322,200–400
6,5,False,445,400–600
3,4,False,173,<200
3,3,True,1180,800–1200
3,3,True,305,200–400
6,6,True,585,400–600
1,1,True,520,400–600
3,3,True,795,600–800
3,3,True,230,200–400
5,5,True,297,200–400
6,6,True,463,400–600
3,3,True,863,800–1200
3,1,False,362,200–400
3,2,False,216,200–400
2,2,True,385,200–400
1,2,False,214,200–400
3,3,True,340,200–400
1,1,True,421,400–600
2,2,True,432,400–600
2,2,True,321,200–400
2,4,False,208,200–400
3,1,False,500,400–600
3,3,True,383,200–400
2,1,False,436,400–600
3,5,False,455,400–600
1,1,True,483,400–600
1,1,True,193,<200
2,2,True,902,800–1200
1,1,True,214,200–400
3,3,True,456,400–600
6,6,True,473,400–600
3,3,True,100,<200
3,3,True,198,<200
1,1,True,327,200–400
1,1,True,585,400–600
3,2,False,231,200–400
1,1,True,211,200–400
3,3,True,505,400–600
2,1,False,377,200–400
4,4,True,201,200–400
1,1,True,290,200–400
3,3,True,104,<200
4,3,False,474,400–600
2,1,False,488,400–600
1,1,True,734,600–800
2,2,True,860,800–1200
1,3,False,255,200–400
2,2,True,335,200–400
2,2,True,452,400–600
2,2,True,213,200–400
2,2,True,217,200–400
6,6,True,876,800–1200
3,3,True,493,400–600
3,3,True,201,200–400
2,2,True,464,400–600
3,3,True,96,<200
3,3,True,274,200–400
3,4,False,140,<200
4,4,True,217,200–400
3,3,True,145,<200
2,2,True,1416,>1200
2,2,True,306,200–400
2,2,True,494,400–600
4,4,True,155,<200
2,2,True,373,200–400
1,2,False,379,200–400
2,2,True,680,600–800
3,3,True,686,600–800
1,1,True,934,800–1200
2,2,True,212,200–400
2,2,True,264,200–400
2,6,False,847,800–1200
2,2,True,430,400–600
2,5,False,274,200–400
6,4,False,186,<200
1,1,True,345,200–400
2,2,True,190,<200
2,3,False,226,200–400
2,1,False,406,400–600
1,1,True,493,400–600
3,3,True,976,800–1200
3,3,True,944,800–1200
2,3,False,686,600–800
2,2,True,203,200–400
6,6,True,514,400–600
3,3,True,399,200–400
3,5,False,247,200–400
2,2,True,412,400–600
2,2,True,363,200–400
5,5,True,549,400–600
4,4,True,320,200–400
1,1,True,524,400–600
3,3,True,263,200–400
4,4,True,362,200–400
1,1,True,229,200–400
1,1,True,314,200–400
6,6,True,300,200–400
6,6,True,494,400–600
2,2,True,856,800–1200
3,3,True,272,200–400
5,5,True,459,400–600
6,6,True,467,400–600
2,2,True,548,400–600
4,2,False,391,200–400
2,2,True,314,200–400
1,1,True,311,200–400
3,3,True,197,<200
2,5,False,234,200–400
2,2,True,376,200–400
2,2,True,830,800–1200
4,6,False,500,400–600
2,2,True,564,400–600
5,5,True,446,400–600
1,1,True,346,200–400
2,2,True,216,200–400
1,2,False,202,200–400
2,2,True,292,200–400
2,2,True,237,200–400
1,1,True,612,600–800
1,3,False,131,<200
3,1,False,809,800–1200
5,5,True,306,200–400
2,1,False,389,200–400
6,6,True,512,400–600
6,6,True,652,600–800
1,1,True,509,400–600
2,2,True,389,200–400
2,2,True,323,200–400
2,2,True,1358,>1200
3,3,True,420,400–600
3,3,True,268,200–400
3,3,True,226,200–400
2,2,True,302,200–400
3,3,True,158,<200
5,5,True,272,200–400
4,4,True,469,400–600
3,3,True,204,200–400
2,2,True,193,<200
2,2,True,313,200–400
3,3,True,191,<200
3,2,False,276,200–400
1,1,True,327,200–400
2,2,True,323,200–400
2,3,False,110,<200
2,2,True,262,200–400
4,1,False,337,200–400
3,3,True,177,<200
2,2,True,209,200–400
1,1,True,491,400–600
2,2,True,254,200–400
3,3,True,1035,800–1200
2,5,False,249,200–400
2,6,False,531,400–600
2,2,True,668,600–800
1,1,True,361,200–400
2,2,True,501,400–600
2,3,False,421,400–600
3,3,True,366,200–400
2,2,True,313,200–400
2,2,True,1094,800–1200
2,2,True,236,200–400
6,6,True,689,600–800
2,2,True,1489,>1200
5,5,True,242,200–400
1,2,False,1332,>1200
3,3,True,196,<200
2,2,True,369,200–400
3,3,True,258,200–400
4,4,True,475,400–600
6,6,True,578,400–600
3,2,False,626,600–800
2,2,True,808,800–1200
2,2,True,382,200–400
2,2,True,220,200–400
3,3,True,428,400–600
2,3,False,773,600–800
2,2,True,1088,800–1200
6,6,True,935,800–1200
2,2,True,380,200–400
2,2,True,1249,>1200
2,2,True,205,200–400
2,3,False,966,800–1200
4,4,True,169,<200
2,5,False,230,200–400
1,1,True,329,200–400
1,1,True,494,400–600
6,6,True,235,200–400
2,2,True,339,200–400
5,5,True,229,200–400
3,3,True,333,200–400
4,4,True,478,400–600
1,1,True,337,200–400
2,2,True,325,200–400
2,2,True,285,200–400
2,2,True,721,600–800
4,4,True,442,400–600
4,4,True,528,400–600
2,2,True,262,200–400
1,1,True,536,400–600
2,2,True,338,200–400
1,1,True,650,600–800
1,1,True,158,<200
2,2,True,141,<200
2,2,True,328,200–400
6,6,True,641,600–800
2,2,True,373,200–400
2,2,True,287,200–400
2,1,False,739,600–800
4,2,False,268,200–400
2,2,True,238,200–400
6,3,False,442,400–600
4,4,True,556,400–600
1,1,True,304,200–400
6,6,True,480,400–600
3,3,True,7126,>1200
4,4,True,320,200–400
2,2,True,180,<200
1,1,True,305,200–400
5,5,True,426,400–600
4,4,True,144,<200
4,4,True,294,200–400
1,1,True,328,200–400
2,2,True,263,200–400
1,1,True,368,200–400
3,3,True,339,200–400
2,2,True,316,200–400
2,2,True,215,200–400
4,4,True,1661,>1200
4,4,True,226,200–400
2,6,False,407,400–600
5,5,True,247,200–400
2,6,False,1024,800–1200
3,1,False,502,400–600
3,3,True,386,200–400
6,6,True,661,600–800
4,2,False,366,200–400
2,2,True,172,<200
1,1,True,361,200–400
2,2,True,503,400–600
3,3,True,145,<200
3,3,True,598,400–600
3,3,True,639,600–800
1,1,True,282,200–400
3,3,True,625,600–800
3,3,True,670,600–800
3,3,True,310,200–400
6,3,False,94,<200
1,1,True,599,400–600
3,3,True,153,<200
3,3,True,470,400–600
2,2,True,430,400–600
2,2,True,456,400–600
5,5,True,320,200–400
2,2,True,183,<200
2,2,True,256,200–400
2,2,True,283,200–400
6,6,True,502,400–600
2,2,True,632,600–800
2,2,True,319,200–400
3,3,True,276,200–400
1,1,True,604,600–800
4,4,True,256,200–400
2,3,False,562,400–600
2,3,False,295,200–400
2,2,True,274,200–400
1,1,True,326,200–400
2,2,True,415,400–600
3,3,True,252,200–400
2,4,False,191,<200
2,2,True,314,200–400
3,2,False,579,400–600
2,2,True,333,200–400
2,4,False,410,400–600
4,1,False,589,400–600
2,3,False,356,200–400
1,1,True,535,400–600
3,3,True,548,400–600
3,1,False,330,200–400
5,5,True,554,400–600
1,1,True,541,400–600
1,1,True,451,400–600
4,4,True,119,<200
3,3,True,233,200–400
3,3,True,1033,800–1200
4,4,True,341,200–400
2,3,False,885,800–1200
2,2,True,233,200–400
1,1,True,532,400–600
2,5,False,271,200–400
4,4,True,352,200–400
3,3,True,572,400–600
3,3,True,176,<200
3,3,True,308,200–400
3,3,True,611,600–800
2,2,True,403,400–600
3,6,False,358,200–400
3,3,True,523,400–600
3,3,True,396,200–400
6,6,True,283,200–400
6,6,True,660,600–800
2,2,True,493,400–600
2,5,False,215,200–400
2,2,True,357,200–400
2,2,True,322,200–400
3,3,True,211,200–400
1,1,True,338,200–400
3,1,False,357,200–400
4,4,True,505,400–600
4,4,True,399,200–400
3,3,True,503,400–600
1,1,True,254,200–400
3,3,True,322,200–400
1,1,True,335,200–400
2,1,False,320,200–400
1,1,True,416,400–600
2,2,True,283,200–400
2,2,True,442,400–600
3,3,True,443,400–600
2,2,True,367,200–400
3,3,True,168,<200
4,4,True,208,200–400
2,1,False,520,400–600
2,2,True,184,<200
2,2,True,298,200–400
3,2,False,210,200–400
1,1,True,336,200–400
2,2,True,254,200–400
1,1,True,535,400–600
6,6,True,943,800–1200
5,5,True,372,200–400
2,2,True,213,200–400
3,3,True,1485,>1200
3,3,True,337,200–400
2,2,True,237,200–400
2,2,True,126,<200
1,1,True,391,200–400
2,2,True,376,200–400
3,3,True,272,200–400
4,4,True,255,200–400
1,1,True,489,400–600
3,3,True,429,400–600
3,3,True,213,200–400
3,2,False,611,600–800
3,3,True,167,<200
5,5,True,248,200–400
3,3,True,723,600–800
2,2,True,244,200–400
2,2,True,456,400–600
6,6,True,521,400–600
2,2,True,229,200–400
3,4,False,431,400–600
1,1,True,336,200–400
6,6,True,366,200–400
1,1,True,361,200–400
6,6,True,875,800–1200
3,3,True,1917,>1200
3,1,False,327,200–400
3,3,True,270,200–400
3,1,False,315,200–400
2,1,False,323,200–400
3,3,True,434,400–600
2,2,True,279,200–400
3,3,True,152,<200
2,2,True,316,200–400
2,2,True,211,200–400
2,2,True,70,<200
2,1,False,316,200–400
2,2,True,274,200–400
2,2,True,466,400–600
1,1,True,473,400–600
1,3,False,625,600–800
1,1,True,457,400–600
2,2,True,626,600–800
3,3,True,100,<200
3,1,False,366,200–400
3,5,False,438,400–600
3,3,True,276,200–400
3,3,True,209,200–400
6,6,True,917,800–1200
2,2,True,2466,>1200
2,2,True,283,200–400
3,3,True,493,400–600
2,1,False,365,200–400
3,3,True,315,200–400
1,1,True,469,400–600
3,6,False,1090,800–1200
1,1,True,317,200–400
4,4,True,262,200–400
6,6,True,829,800–1200
3,2,False,354,200–400
2,2,True,209,200–400
2,2,True,489,400–600
1,1,True,304,200–400
3,3,True,266,200–400
3,2,False,282,200–400
6,6,True,440,400–600
2,2,True,1401,>1200
1,1,True,336,200–400
2,2,True,255,200–400
4,4,True,600,400–600
3,3,True,137,<200
6,6,True,444,400–600
3,2,False,805,800–1200
6,6,True,572,400–600
2,2,True,268,200–400
2,2,True,367,200–400
2,2,True,193,<200
6,6,True,759,600–800
1,1,True,538,400–600
2,2,True,755,600–800
3,3,True,464,400–600
2,2,True,307,200–400
3,3,True,196,<200
3,5,False,493,400–600
1,1,True,356,200–400
2,2,True,315,200–400
5,5,True,807,800–1200
2,2,True,416,400–600
2,2,True,219,200–400
2,2,True,313,200–400
2,2,True,247,200–400
6,6,True,556,400–600
5,5,True,444,400–600
3,3,True,181,<200
3,3,True,329,200–400
3,3,True,578,400–600
2,6,False,432,400–600
2,2,True,317,200–400
3,3,True,897,800–1200
6,6,True,601,600–800
3,3,True,213,200–400
4,4,True,518,400–600
4,4,True,208,200–400
2,2,True,305,200–400
6,6,True,295,200–400
2,2,True,323,200–400
2,2,True,309,200–400
3,3,True,201,200–400
2,2,True,199,<200
3,2,False,429,400–600
2,2,True,1207,>1200
3,3,True,444,400–600
2,2,True,412,400–600
6,6,True,408,400–600
3,3,True,187,<200
2,2,True,270,200–400
3,3,True,212,200–400
1,1,True,382,200–400
3,3,True,198,<200
3,3,True,154,<200
5,5,True,351,200–400
1,1,True,212,200–400
4,4,True,168,<200
6,6,True,477,400–600
4,4,True,616,600–800
6,6,True,1024,800–1200
2,2,True,410,400–600
2,2,True,156,<200
3,3,True,216,200–400
3,3,True,219,200–400
6,6,True,405,400–600
2,1,False,438,400–600
3,3,True,673,600–800
2,2,True,318,200–400
2,2,True,163,<200
3,3,True,436,400–600
2,2,True,316,200–400
4,2,False,335,200–400
2,2,True,404,400–600
4,4,True,547,400–600
2,2,True,256,200–400
1,1,True,378,200–400
6,6,True,426,400–600
4,4,True,437,400–600
2,2,True,126,<200
3,3,True,1230,>1200
2,2,True,344,200–400
3,3,True,963,800–1200
2,2,True,1357,>1200
5,6,False,391,200–400
2,2,True,458,400–600
3,3,True,812,800–1200
3,3,True,285,200–400
5,5,True,327,200–400
1,1,True,352,200–400
6,6,True,596,400–600
3,3,True,1717,>1200
3,3,True,598,400–600
5,5,True,437,400–600
2,2,True,193,<200
4,4,True,261,200–400
3,3,True,163,<200
3,3,True,660,600–800
4,4,True,622,600–800
2,2,True,375,200–400
5,5,True,638,600–800
2,2,True,384,200–400
5,5,True,450,400–600
2,2,True,351,200–400
2,1,False,324,200–400
2,2,True,187,<200
4,4,True,556,400–600
2,2,True,302,200–400
2,2,True,200,<200
2,3,False,577,400–600
2,2,True,352,200–400
1,1,True,334,200–400
2,2,True,387,200–400
1,1,True,468,400–600
4,1,False,241,200–400
2,1,False,443,400–600
3,3,True,165,<200
2,2,True,725,600–800
2,2,True,254,200–400
2,2,True,282,200–400
3,2,False,408,400–600
2,2,True,512,400–600
1,1,True,333,200–400
3,4,False,199,<200
3,3,True,147,<200
2,2,True,245,200–400
2,4,False,243,200–400
5,5,True,308,200–400
1,1,True,888,800–1200
2,2,True,385,200–400
4,4,True,430,400–600
5,5,True,445,400–600
2,3,False,204,200–400
2,2,True,746,600–800
3,3,True,381,200–400
3,3,True,149,<200
2,2,True,1036,800–1200
6,2,False,330,200–400
2,3,False,165,<200
2,2,True,233,200–400
2,5,False,528,400–600
2,2,True,699,600–800
3,3,True,197,<200
5,5,True,379,200–400
4,4,True,303,200–400
3,3,True,462,400–600
2,2,True,500,400–600
1,1,True,208,200–400
2,2,True,209,200–400
2,2,True,399,200–400
2,2,True,300,200–400
4,4,True,218,200–400
2,5,False,216,200–400
6,6,True,505,400–600
2,2,True,1327,>1200
2,2,True,346,200–400
1,1,True,238,200–400
1,1,True,288,200–400
1,1,True,327,200–400
3,5,False,422,400–600
3,2,False,278,200–400
2,2,True,314,200–400
3,3,True,1080,800–1200
4,4,True,185,<200
2,2,True,296,200–400
2,2,True,320,200–400
1,1,True,550,400–600
5,5,True,247,200–400
4,4,True,243,200–400
2,2,True,389,200–400
4,4,True,219,200–400
3,3,True,397,200–400
4,4,True,164,<200
3,3,True,198,<200
2,2,True,308,200–400
2,2,True,332,200–400
1,1,True,338,200–400
2,1,False,307,200–400
1,1,True,329,200–400
2,2,True,323,200–400
5,3,False,437,400–600
1,1,True,358,200–400
5,5,True,470,400–600
3,1,False,223,200–400
1,1,True,373,200–400
1,2,False,249,200–400
3,3,True,224,200–400
5,4,False,411,400–600
2,2,True,305,200–400
2,3,False,290,200–400
6,6,True,545,400–600
2,2,True,1022,800–1200
1,1,True,228,200–400
3,3,True,1125,800–1200
3,3,True,83,<200
3,3,True,601,600–800
2,2,True,380,200–400
2,1,False,309,200–400
6,6,True,485,400–600
4,4,True,569,400–600
6,6,True,629,600–800
3,3,True,155,<200
2,2,True,262,200–400
1,1,True,333,200–400
2,2,True,339,200–400
4,4,True,391,200–400
4,4,True,460,400–600
2,5,False,294,200–400
3,3,True,287,200–400
3,3,True,388,200–400
3,3,True,343,200–400
2,2,True,469,400–600
3,3,True,386,200–400
3,3,True,2153,>1200
3,3,True,276,200–400
6,6,True,878,800–1200
4,4,True,470,400–600
4,2,False,187,<200
2,2,True,217,200–400
2,2,True,778,600–800
2,2,True,197,<200
3,3,True,162,<200
1,1,True,341,200–400
3,2,False,480,400–600
3,3,True,875,800–1200
4,4,True,472,400–600
2,2,True,342,200–400
2,2,True,306,200–400
2,2,True,236,200–400
4,4,True,272,200–400
2,1,False,330,200–400
3,3,True,276,200–400
2,1,False,296,200–400
1,1,True,353,200–400
4,4,True,301,200–400
2,2,True,175,<200
3,3,True,188,<200
1,2,False,380,200–400
2,4,False,215,200–400
3,3,True,244,200–400
4,4,True,203,200–400
2,2,True,216,200–400
2,2,True,210,200–400
6,6,True,661,600–800
5,5,True,245,200–400
3,3,True,255,200–400
2,2,True,447,400–600
1,1,True,492,400–600
2,2,True,959,800–1200
5,5,True,261,200–400
3,3,True,336,200–400
2,2,True,453,400–600
2,2,True,359,200–400
6,6,True,967,800–1200
6,6,True,430,400–600
1,4,False,299,200–400
6,6,True,337,200–400
3,3,True,218,200–400
2,2,True,239,200–400
2,2,True,896,800–1200
2,2,True,366,200–400
6,6,True,450,400–600
3,5,False,433,400–600
3,6,False,393,200–400
3,3,True,346,200–400
6,6,True,474,400–600
2,2,True,308,200–400
1,1,True,345,200–400
3,3,True,678,600–800
2,2,True,737,600–800
5,5,True,243,200–400
1,1,True,298,200–400
6,6,True,590,400–600
3,2,False,248,200–400
4,4,True,463,400–600
6,6,True,528,400–600
1,1,True,636,600–800
6,6,True,490,400–600
2,3,False,305,200–400
2,1,False,486,400–600
3,3,True,114,<200
3,1,False,444,400–600
2,2,True,207,200–400
2,5,False,255,200–400
4,4,True,159,<200
6,6,True,283,200–400
1,1,True,570,400–600
2,2,True,317,200–400
5,5,True,439,400–600
2,2,True,213,200–400
2,2,True,294,200–400
6,6,True,460,400–600
2,2,True,765,600–800
4,4,True,370,200–400
2,6,False,421,400–600
2,2,True,742,600–800
5,5,True,196,<200
4,4,True,428,400–600
3,1,False,260,200–400
2,1,False,339,200–400
5,2,False,950,800–1200
2,2,True,197,<200
1,1,True,422,400–600
6,6,True,362,200–400
2,2,True,242,200–400
2,2,True,373,200–400
3,3,True,352,200–400
4,4,True,232,200–400
4,4,True,354,200–400
2,2,True,1031,800–1200
6,6,True,428,400–600
1,1,True,392,200–400
1,1,True,481,400–600
1,1,True,323,200–400
1,1,True,305,200–400
6,6,True,691,600–800
3,3,True,460,400–600
6,6,True,327,200–400
2,2,True,313,200–400
3,3,True,190,<200
2,2,True,236,200–400
3,3,True,348,200–400
3,5,False,242,200–400
6,6,True,322,200–400
2,2,True,252,200–400
4,4,True,214,200–400
2,2,True,416,400–600
2,2,True,419,400–600
1,1,True,312,200–400
3,3,True,513,400–600
1,1,True,364,200–400
2,1,False,395,200–400
2,2,True,525,400–600
1,1,True,336,200–400
2,2,True,538,400–600
1,1,True,954,800–1200
2,2,True,390,200–400
4,4,True,351,200–400
1,1,True,211,200–400
5,5,True,387,200–400
6,6,True,1053,800–1200
4,4,True,271,200–400
2,2,True,211,200–400
2,1,False,331,200–400
2,1,False,426,400–600
2,2,True,325,200–400
6,3,False,244,200–400
1,1,True,805,800–1200
2,2,True,445,400–600
2,2,True,236,200–400
3,3,True,292,200–400
2,2,True,740,600–800
3,3,True,204,200–400
2,2,True,449,400–600
3,3,True,601,600–800
3,3,True,201,200–400
4,3,False,475,400–600
2,6,False,397,200–400
4,4,True,478,400–600
2,2,True,273,200–400
2,2,True,710,600–800
1,1,True,535,400–600
2,2,True,489,400–600
2,3,False,645,600–800
4,4,True,239,200–400
3,3,True,345,200–400
2,1,False,332,200–400
3,3,True,1538,>1200
3,3,True,197,<200
4,4,True,1569,>1200
2,2,True,396,200–400
3,3,True,602,600–800
3,3,True,166,<200
5,5,True,430,400–600
2,5,False,239,200–400
2,2,True,267,200–400
6,6,True,465,400–600
2,2,True,421,400–600
2,3,False,293,200–400
5,5,True,245,200–400
2,2,True,165,<200
1,1,True,521,400–600
3,3,True,97,<200
2,6,False,427,400–600
3,3,True,333,200–400
3,3,True,429,400–600
2,2,True,292,200–400
3,2,False,1429,>1200
3,3,True,435,400–600
3,3,True,97,<200
5,6,False,437,400–600
4,4,True,152,<200
6,6,True,425,400–600
6,6,True,485,400–600
2,2,True,317,200–400
3,3,True,220,200–400
5,5,True,211,200–400
1,1,True,623,600–800
1,1,True,427,400–600
5,5,True,505,400–600
3,1,False,541,400–600
1,1,True,568,400–600
3,3,True,290,200–400
2,2,True,378,200–400
3,2,False,425,400–600
2,2,True,479,400–600
1,1,True,507,400–600
2,1,False,404,400–600
2,2,True,257,200–400
3,3,True,217,200–400
2,2,True,264,200–400
2,2,True,371,200–400
2,2,True,242,200–400
6,6,True,672,600–800
1,5,False,265,200–400
4,4,True,437,400–600
6,6,True,886,800–1200
1,1,True,329,200–400
2,2,True,262,200–400
2,3,False,533,400–600
2,3,False,470,400–600
1,1,True,332,200–400
3,3,True,377,200–400
2,6,False,424,400–600
2,2,True,173,<200
4,4,True,382,200–400
4,4,True,302,200–400
2,2,True,378,200–400
2,2,True,416,400–600
3,3,True,185,<200
6,3,False,165,<200
4,1,False,302,200–400
6,6,True,875,800–1200
5,5,True,385,200–400
3,3,True,121,<200
2,2,True,301,200–400
3,3,True,494,400–600
4,4,True,194,<200
2,2,True,141,<200
3,3,True,1154,800–1200
3,3,True,336,200–400
6,6,True,272,200–400
2,2,True,399,200–400
3,3,True,226,200–400
3,3,True,356,200–400
1,1,True,483,400–600
2,2,True,1368,>1200
1,1,True,336,200–400
1,1,True,482,400–600
2,2,True,192,<200
2,2,True,943,800–1200
3,3,True,187,<200
3,3,True,566,400–600
2,2,True,379,200–400
4,4,True,357,200–400
1,1,True,376,200–400
2,2,True,391,200–400
3,3,True,449,400–600
6,1,False,396,200–400
2,2,True,285,200–400
1,1,True,357,200–400
2,3,False,822,800–1200
3,3,True,421,400–600
3,3,True,107,<200
2,2,True,345,200–400
1,1,True,323,200–400
1,1,True,183,<200
5,5,True,436,400–600
1,2,False,663,600–800
3,3,True,252,200–400
6,6,True,432,400–600
1,1,True,527,400–600
6,6,True,881,800–1200
3,4,False,349,200–400
1,1,True,410,400–600
3,3,True,336,200–400
6,6,True,470,400–600
2,5,False,206,200–400
6,1,False,338,200–400
2,2,True,63,<200
3,3,True,210,200–400
2,2,True,414,400–600
2,5,False,217,200–400
3,3,True,203,200–400
6,4,False,232,200–400
2,2,True,416,400–600
5,5,True,547,400–600
2,2,True,313,200–400
3,3,True,160,<200
4,2,False,258,200–400
1,1,True,491,400–600
2,2,True,377,200–400
4,4,True,450,400–600
1,1,True,743,600–800
3,4,False,324,200–400
2,1,False,412,400–600
3,3,True,218,200–400
4,4,True,232,200–400
3,3,True,255,200–400
4,4,True,729,600–800
2,1,False,545,400–600
2,2,True,349,200–400
1,1,True,488,400–600
2,1,False,463,400–600
4,4,True,229,200–400
2,2,True,289,200–400
4,1,False,525,400–600
2,2,True,319,200–400
4,1,False,344,200–400
1,1,True,362,200–400
2,2,True,217,200–400
3,3,True,983,800–1200
1,2,False,358,200–400
2,2,True,258,200–400
1,1,True,352,200–400
2,1,False,285,200–400
2,1,False,335,200–400
2,2,True,211,200–400
3,6,False,410,400–600
2,6,False,903,800–1200
2,2,True,359,200–400
3,3,True,4391,>1200
2,2,True,347,200–400
3,3,True,210,200–400
2,2,True,364,200–400
1,1,True,267,200–400
1,2,False,297,200–400
2,2,True,614,600–800
6,6,True,232,200–400
5,5,True,800,600–800
2,1,False,529,400–600
3,4,False,329,200–400
2,2,True,303,200–400
1,1,True,364,200–400
2,3,False,2059,>1200
1,2,False,412,400–600
2,2,True,377,200–400
2,4,False,566,400–600
6,6,True,502,400–600
2,2,True,687,600–800
2,3,False,348,200–400
1,1,True,277,200–400
2,2,True,337,200–400
6,6,True,486,400–600
2,3,False,200,<200
2,2,True,453,400–600
1,1,True,294,200–400
3,3,True,286,200–400
4,4,True,447,400–600
5,6,False,581,400–600
4,4,True,467,400–600
4,4,True,471,400–600
3,3,True,495,400–600
4,4,True,557,400–600
4,4,True,252,200–400
1,1,True,197,<200
1,1,True,518,400–600
2,2,True,399,200–400
2,1,False,292,200–400
6,6,True,587,400–600
1,1,True,202,200–400
1,3,False,163,<200
2,3,False,420,400–600
6,6,True,432,400–600
6,6,True,940,800–1200
2,2,True,217,200–400
2,6,False,571,400–600
2,2,True,785,600–800
3,3,True,599,400–600
6,6,True,461,400–600
2,2,True,1053,800–1200
2,2,True,219,200–400
4,4,True,263,200–400
3,3,True,455,400–600
3,1,False,493,400–600
1,1,True,316,200–400
3,3,True,494,400–600
3,3,True,460,400–600
6,6,True,589,400–600
3,3,True,319,200–400
2,2,True,396,200–400
2,4,False,269,200–400
3,3,True,1377,>1200
4,4,True,549,400–600
3,3,True,249,200–400
2,2,True,275,200–400
2,2,True,328,200–400
3,3,True,1019,800–1200
6,6,True,360,200–400
4,4,True,269,200–400
2,2,True,346,200–400
3,3,True,178,<200
1,1,True,414,400–600
1,1,True,553,400–600
2,2,True,248,200–400
1,1,True,331,200–400
3,3,True,268,200–400
2,2,True,516,400–600
2,2,True,721,600–800
3,3,True,118,<200
3,3,True,149,<200
6,6,True,466,400–600
2,4,False,265,200–400
2,2,True,321,200–400
4,4,True,359,200–400
1,1,True,212,200–400
1,1,True,728,600–800
2,2,True,339,200–400
5,2,False,366,200–400
3,3,True,295,200–400
6,6,True,558,400–600
6,6,True,475,400–600
2,2,True,461,400–600
3,3,True,193,<200
2,5,False,248,200–400
6,6,True,890,800–1200
2,2,True,313,200–400
3,1,False,304,200–400
2,3,False,548,400–600
1,1,True,280,200–400
2,1,False,525,400–600
2,2,True,376,200–400
1,1,True,440,400–600
3,3,True,203,200–400
2,1,False,411,400–600
2,2,True,447,400–600
6,6,True,503,400–600
6,6,True,432,400–600
2,1,False,371,200–400
6,6,True,481,400–600
3,3,True,275,200–400
1,1,True,596,400–600
2,5,False,287,200–400
2,2,True,289,200–400
3,2,False,507,400–600
3,3,True,735,600–800
4,4,True,375,200–400
3,5,False,219,200–400
2,2,True,1088,800–1200
6,6,True,423,400–600
2,2,True,367,200–400
3,3,True,450,400–600
4,4,True,898,800–1200
2,2,True,223,200–400
6,6,True,425,400–600
3,3,True,623,600–800
3,1,False,342,200–400
2,5,False,199,<200
1,1,True,321,200–400
2,6,False,439,400–600
3,6,False,717,600–800
3,3,True,495,400–600
2,2,True,362,200–400
2,2,True,519,400–600
6,6,True,1295,>1200
1,1,True,245,200–400
3,3,True,633,600–800
3,3,True,410,400–600
2,3,False,259,200–400
1,1,True,552,400–600
2,2,True,756,600–800
1,1,True,169,<200
5,1,False,359,200–400
4,4,True,319,200–400
1,1,True,372,200–400
3,3,True,356,200–400
2,2,True,762,600–800
3,3,True,527,400–600
2,2,True,225,200–400
2,2,True,206,200–400
4,4,True,272,200–400
1,1,True,311,200–400
2,2,True,1053,800–1200
2,2,True,328,200–400
6,6,True,345,200–400
3,3,True,3033,>1200
2,5,False,1016,800–1200
6,6,True,566,400–600
2,1,False,279,200–400
2,2,True,220,200–400
3,3,True,197,<200
2,2,True,273,200–400
5,2,False,225,200–400
4,2,False,300,200–400
2,4,False,157,<200
3,3,True,277,200–400
2,3,False,225,200–400
2,2,True,395,200–400
3,3,True,366,200–400
6,2,False,583,400–600
2,2,True,372,200–400
1,1,True,333,200–400
2,2,True,392,200–400
4,4,True,361,200–400
4,4,True,430,400–600
2,3,False,178,<200
2,3,False,1759,>1200
5,1,False,483,400–600
2,5,False,313,200–400
3,3,True,121,<200
4,4,True,514,400–600
3,5,False,263,200–400
3,3,True,212,200–400
2,2,True,420,400–600
3,2,False,961,800–1200
1,4,False,199,<200
2,4,False,256,200–400
4,4,True,133,<200
5,5,True,339,200–400
3,3,True,260,200–400
5,2,False,420,400–600
2,2,True,301,200–400
2,1,False,332,200–400
5,5,True,590,400–600
2,5,False,245,200–400
6,6,True,220,200–400
2,2,True,304,200–400
1,1,True,781,600–800
2,2,True,304,200–400
2,2,True,733,600–800
2,2,True,449,400–600
2,2,True,305,200–400
5,5,True,284,200–400
2,5,False,456,400–600
2,2,True,464,400–600
3,3,True,783,600–800
2,2,True,312,200–400
2,2,True,501,400–600
3,3,True,269,200–400
2,4,False,214,200–400
2,3,False,691,600–800
2,2,True,1399,>1200
2,2,True,287,200–400
2,2,True,1338,>1200
3,3,True,271,200–400
3,6,False,430,400–600
6,6,True,498,400–600
1,1,True,299,200–400
2,2,True,239,200–400
2,2,True,214,200–400
4,4,True,258,200–400
4,4,True,497,400–600
5,4,False,190,<200
2,2,True,250,200–400
3,1,False,305,200–400
2,2,True,971,800–1200
3,3,True,197,<200
4,1,False,351,200–400
1,1,True,326,200–400
6,6,True,489,400–600
2,2,True,178,<200
3,3,True,147,<200
5,5,True,279,200–400
1,1,True,382,200–400
2,2,True,307,200–400
6,6,True,581,400–600
3,3,True,433,400–600
2,2,True,378,200–400
5,5,True,250,200–400
2,2,True,3739,>1200
2,2,True,287,200–400
3,3,True,642,600–800
2,2,True,1378,>1200
2,2,True,314,200–400
6,6,True,609,600–800
3,6,False,366,200–400
6,6,True,237,200–400
3,3,True,150,<200
2,2,True,359,200–400
2,1,False,559,400–600
2,2,True,2948,>1200
2,2,True,389,200–400
2,2,True,307,200–400
2,2,True,389,200–400
2,2,True,359,200–400
2,2,True,485,400–600
3,3,True,260,200–400
2,2,True,174,<200
4,4,True,532,400–600
6,6,True,340,200–400
2,2,True,427,400–600
2,5,False,273,200–400
2,2,True,380,200–400
3,3,True,525,400–600
5,5,True,270,200–400
2,2,True,352,200–400
2,2,True,262,200–400
2,2,True,376,200–400
2,4,False,371,200–400
3,3,True,291,200–400
4,4,True,331,200–400
5,5,True,372,200–400
3,3,True,219,200–400
2,1,False,932,800–1200
3,1,False,639,600–800
1,3,False,826,800–1200
3,3,True,179,<200
2,2,True,303,200–400
3,2,False,295,200–400
3,3,True,1062,800–1200
2,2,True,375,200–400
2,2,True,331,200–400
6,6,True,348,200–400
1,1,True,485,400–600
1,1,True,969,800–1200
4,5,False,295,200–400
6,6,True,340,200–400
4,4,True,474,400–600
6,6,True,888,800–1200
2,6,False,1070,800–1200
2,2,True,319,200–400
3,3,True,255,200–400
2,2,True,806,800–1200
2,2,True,263,200–400
6,6,True,390,200–400
6,6,True,578,400–600
3,3,True,165,<200
1,1,True,278,200–400
5,5,True,435,400–600
2,2,True,217,200–400
3,3,True,202,200–400
2,2,True,325,200–400
3,3,True,866,800–1200
3,5,False,225,200–400
3,5,False,258,200–400
1,1,True,333,200–400
2,3,False,212,200–400
4,4,True,362,200–400
3,2,False,206,200–400
3,3,True,690,600–800
4,4,True,255,200–400
3,3,True,173,<200
3,2,False,203,200–400
6,6,True,675,600–800
3,3,True,635,600–800
3,3,True,494,400–600
3,3,True,211,200–400
3,3,True,1074,800–1200
4,4,True,362,200–400
6,6,True,476,400–600
3,3,True,497,400–600
4,4,True,236,200–400
1,1,True,215,200–400
2,4,False,167,<200
1,3,False,197,<200
1,1,True,316,200–400
4,4,True,719,600–800
2,4,False,169,<200
3,3,True,459,400–600
6,6,True,434,400–600
2,6,False,592,400–600
3,3,True,822,800–1200
1,3,False,457,400–600
1,1,True,329,200–400
3,3,True,198,<200
5,5,True,104,<200
3,3,True,1336,>1200
2,2,True,318,200–400
6,6,True,724,600–800
2,3,False,177,<200
3,3,True,3582,>1200
6,6,True,338,200–400
2,2,True,279,200–400
6,6,True,430,400–600
4,4,True,268,200–400
4,4,True,161,<200
6,6,True,460,400–600
3,1,False,471,400–600
5,5,True,215,200–400
3,3,True,435,400–600
5,5,True,448,400–600
3,3,True,149,<200
2,2,True,337,200–400
6,6,True,435,400–600
3,3,True,220,200–400
3,4,False,306,200–400
2,3,False,533,400–600
2,2,True,310,200–400
6,3,False,207,200–400
3,2,False,298,200–400
6,6,True,281,200–400
3,3,True,187,<200
3,3,True,404,400–600
2,2,True,337,200–400
2,2,True,402,400–600
2,1,False,310,200–400
3,4,False,409,400–600
2,2,True,244,200–400
6,6,True,433,400–600
3,3,True,201,200–400
3,3,True,213,200–400
2,2,True,214,200–400
2,5,False,248,200–400
2,2,True,219,200–400
4,4,True,484,400–600
2,2,True,316,200–400
1,1,True,485,400–600
3,6,False,708,600–800
1,1,True,194,<200
3,3,True,254,200–400
3,3,True,198,<200
3,2,False,382,200–400
2,2,True,206,200–400
2,2,True,398,200–400
1,1,True,320,200–400
2,2,True,207,200–400
1,1,True,828,800–1200
6,2,False,383,200–400
2,2,True,753,600–800
5,5,True,279,200–400
1,4,False,385,200–400
5,3,False,271,200–400
2,2,True,303,200–400
3,3,True,275,200–400
4,4,True,258,200–400
2,2,True,198,<200
3,3,True,256,200–400
2,1,False,315,200–400
6,6,True,388,200–400
2,2,True,337,200–400
6,6,True,928,800–1200
3,3,True,300,200–400
3,2,False,283,200–400
3,3,True,590,400–600
2,2,True,289,200–400
6,6,True,300,200–400
1,1,True,284,200–400
4,4,True,272,200–400
5,5,True,224,200–400
6,2,False,618,600–800
2,2,True,489,400–600
1,1,True,374,200–400
2,2,True,321,200–400
2,2,True,763,600–800
2,3,False,1005,800–1200
2,2,True,225,200–400
3,3,True,278,200–400
6,6,True,1042,800–1200
6,2,False,318,200–400
3,3,True,93,<200
3,2,False,667,600–800
1,1,True,291,200–400
2,1,False,459,400–600
2,2,True,144,<200
2,2,True,391,200–400
3,1,False,296,200–400
6,6,True,457,400–600
3,3,True,240,200–400
3,3,True,212,200–400
3,4,False,136,<200
6,6,True,484,400–600
2,2,True,313,200–400
4,4,True,446,400–600
4,4,True,403,400–600
2,1,False,273,200–400
2,4,False,336,200–400
3,4,False,279,200–400
1,1,True,392,200–400
2,3,False,153,<200
3,3,True,269,200–400
2,2,True,892,800–1200
2,2,True,156,<200
3,3,True,269,200–400
1,2,False,302,200–400
1,1,True,345,200–400
6,6,True,892,800–1200
3,3,True,780,600–800
6,6,True,379,200–400
1,1,True,553,400–600
2,2,True,181,<200
6,1,False,392,200–400
1,1,True,130,<200
2,5,False,372,200–400
3,3,True,148,<200
1,1,True,565,400–600
1,1,True,271,200–400
3,3,True,206,200–400
6,6,True,414,400–600
2,2,True,315,200–400
2,1,False,271,200–400
2,1,False,534,400–600
2,4,False,192,<200
3,3,True,445,400–600
4,4,True,427,400–600
6,6,True,462,400–600
3,1,False,323,200–400
2,4,False,331,200–400
6,6,True,451,400–600
3,3,True,150,<200
2,1,False,392,200–400
2,2,True,335,200–400
2,2,True,258,200–400
2,2,True,1319,>1200
2,2,True,420,400–600
3,5,False,226,200–400
6,6,True,447,400–600
2,2,True,217,200–400
1,1,True,280,200–400
3,3,True,221,200–400
6,6,True,432,400–600
2,2,True,326,200–400
6,3,False,488,400–600
2,2,True,286,200–400
2,2,True,283,200–400
6,6,True,514,400–600
2,2,True,309,200–400
4,2,False,276,200–400
3,3,True,231,200–400
3,6,False,645,600–800
3,3,True,340,200–400
2,2,True,139,<200
1,1,True,254,200–400
3,3,True,468,400–600
2,2,True,640,600–800
2,2,True,454,400–600
2,2,True,291,200–400
2,2,True,210,200–400
2,2,True,231,200–400
5,5,True,212,200–400
2,2,True,315,200–400
6,6,True,1293,>1200
2,2,True,363,200–400
2,2,True,768,600–800
3,3,True,450,400–600
1,1,True,307,200–400
3,3,True,246,200–400
2,2,True,363,200–400
6,6,True,348,200–400
3,3,True,614,600–800
6,6,True,635,600–800
2,2,True,156,<200
2,2,True,242,200–400
6,6,True,876,800–1200
2,2,True,190,<200
2,1,False,268,200–400
6,6,True,688,600–800
6,6,True,880,800–1200
2,2,True,503,400–600
2,2,True,393,200–400
2,2,True,701,600–800
2,2,True,696,600–800
2,2,True,357,200–400
1,1,True,937,800–1200
2,2,True,335,200–400
2,2,True,240,200–400
2,2,True,311,200–400
2,2,True,407,400–600
6,6,True,925,800–1200
2,2,True,1342,>1200
1,1,True,369,200–400
1,1,True,527,400–600
1,1,True,339,200–400
3,3,True,948,800–1200
1,1,True,231,200–400
5,5,True,319,200–400
1,3,False,219,200–400
5,5,True,274,200–400
3,3,True,385,200–400
5,2,False,472,400–600
4,4,True,457,400–600
1,1,True,359,200–400
2,3,False,748,600–800
2,2,True,332,200–400
2,5,False,193,<200
3,6,False,574,400–600
2,3,False,196,<200
6,2,False,2280,>1200
1,1,True,478,400–600
1,2,False,141,<200
5,5,True,456,400–600
2,1,False,583,400–600
1,1,True,486,400–600
4,4,True,404,400–600
2,2,True,149,<200
1,1,True,329,200–400
2,2,True,212,200–400
3,2,False,622,600–800
2,2,True,641,600–800
3,3,True,468,400–600
1,1,True,361,200–400
2,3,False,654,600–800
2,2,True,303,200–400
2,2,True,429,400–600
6,6,True,960,800–1200
2,2,True,1164,800–1200
1,1,True,647,600–800
6,6,True,702,600–800
3,1,False,500,400–600
6,6,True,335,200–400
1,1,True,413,400–600
5,5,True,407,400–600
6,6,True,422,400–600
2,2,True,403,400–600
2,1,False,391,200–400
1,1,True,392,200–400
6,3,False,80,<200
5,5,True,445,400–600
1,1,True,269,200–400
1,1,True,1343,>1200
2,2,True,267,200–400
3,3,True,91,<200
1,1,True,340,200–400
2,2,True,257,200–400
1,1,True,299,200–400
1,1,True,360,200–400
6,6,True,882,800–1200
4,4,True,430,400–600
2,2,True,885,800–1200
5,5,True,435,400–600
2,2,True,209,200–400
1,1,True,1079,800–1200
2,2,True,636,600–800
2,5,False,224,200–400
2,1,False,474,400–600
1,1,True,490,400–600
1,1,True,398,200–400
2,2,True,351,200–400
1,1,True,442,400–600
2,2,True,684,600–800
2,2,True,363,200–400
2,5,False,377,200–400
3,3,True,126,<200
2,2,True,292,200–400
6,6,True,428,400–600
2,2,True,248,200–400
3,2,False,288,200–400
1,1,True,385,200–400
2,2,True,249,200–400
2,2,True,320,200–400
3,3,True,270,200–400
1,1,True,377,200–400
3,1,False,545,400–600
6,6,True,523,400–600
6,6,True,227,200–400
2,2,True,382,200–400
3,3,True,153,<200
2,4,False,421,400–600
6,1,False,428,400–600
3,4,False,296,200–400
1,1,True,326,200–400
1,1,True,227,200–400
1,1,True,341,200–400
2,6,False,390,200–400
1,1,True,304,200–400
1,3,False,465,400–600
1,1,True,282,200–400
2,1,False,441,400–600
2,3,False,210,200–400
3,6,False,648,600–800
2,2,True,247,200–400
5,5,True,217,200–400
4,2,False,326,200–400
2,2,True,310,200–400
1,1,True,503,400–600
1,1,True,466,400–600
3,3,True,456,400–600
1,1,True,485,400–600
3,4,False,162,<200
3,3,True,473,400–600
3,3,True,501,400–600
1,2,False,365,200–400
3,3,True,408,400–600
6,6,True,640,600–800
2,2,True,355,200–400
4,4,True,171,<200
1,1,True,424,400–600
1,1,True,591,400–600
6,3,False,225,200–400
1,1,True,412,400–600
6,6,True,423,400–600
3,5,False,255,200–400
3,4,False,151,<200
2,2,True,225,200–400
3,3,True,962,800–1200
6,6,True,415,400–600
4,4,True,426,400–600
4,4,True,112,<200
2,3,False,459,400–600
3,3,True,233,200–400
2,2,True,94,<200
2,5,False,408,400–600
3,3,True,439,400–600
2,2,True,432,400–600
2,2,True,293,200–400
5,5,True,549,400–600
2,2,True,250,200–400
1,1,True,515,400–600
5,5,True,215,200–400
3,3,True,154,<200
2,2,True,146,<200
2,2,True,367,200–400
2,2,True,315,200–400
3,3,True,264,200–400
6,6,True,481,400–600
2,2,True,212,200–400
6,5,False,379,200–400
5,5,True,293,200–400
3,3,True,607,600–800
3,3,True,360,200–400
3,3,True,100,<200
4,4,True,196,<200
2,2,True,239,200–400
2,2,True,262,200–400
2,2,True,299,200–400
5,5,True,245,200–400
2,6,False,930,800–1200
2,1,False,409,400–600
4,4,True,164,<200
1,5,False,436,400–600
2,1,False,363,200–400
2,3,False,978,800–1200
3,4,False,148,<200
2,3,False,972,800–1200
2,2,True,366,200–400
2,1,False,339,200–400
6,6,True,919,800–1200
2,2,True,753,600–800
1,1,True,284,200–400
2,2,True,388,200–400
6,6,True,389,200–400
2,2,True,334,200–400
3,2,False,204,200–400
2,5,False,310,200–400
3,3,True,90,<200
2,2,True,236,200–400
3,3,True,263,200–400
6,2,False,335,200–400
1,1,True,340,200–400
2,2,True,337,200–400
4,2,False,478,400–600
1,1,True,445,400–600
4,4,True,373,200–400
3,2,False,369,200–400
3,3,True,192,<200
2,2,True,534,400–600
2,2,True,498,400–600
1,3,False,164,<200
1,1,True,734,600–800
1,1,True,599,400–600
2,2,True,329,200–400
2,2,True,196,<200
2,2,True,319,200–400
6,6,True,418,400–600
3,3,True,826,800–1200
4,5,False,766,600–800
2,5,False,261,200–400
1,1,True,738,600–800
3,1,False,373,200–400
3,2,False,324,200–400
2,2,True,295,200–400
4,4,True,150,<200
4,4,True,258,200–400
3,3,True,298,200–400
2,2,True,190,<200
2,5,False,446,400–600
3,3,True,397,200–400
3,3,True,374,200–400
6,6,True,357,200–400
1,1,True,229,200–400
1,1,True,317,200–400
3,3,True,1025,800–1200
6,6,True,476,400–600
2,3,False,185,<200
2,2,True,377,200–400
6,6,True,382,200–400
3,3,True,213,200–400
1,1,True,316,200–400
6,6,True,588,400–600
2,2,True,360,200–400
2,2,True,370,200–400
5,5,True,431,400–600
5,5,True,276,200–400
1,4,False,301,200–400
4,4,True,876,800–1200
2,2,True,375,200–400
6,6,True,487,400–600
2,2,True,316,200–400
2,2,True,312,200–400
3,3,True,158,<200
2,3,False,275,200–400
6,1,False,345,200–400
2,4,False,100,<200
3,3,True,361,200–400
2,2,True,349,200–400
2,2,True,276,200–400
1,1,True,388,200–400
3,3,True,386,200–400
3,6,False,647,600–800
2,3,False,164,<200
6,6,True,434,400–600
3,3,True,147,<200
5,5,True,248,200–400
3,3,True,779,600–800
3,2,False,314,200–400
3,1,False,408,400–600
2,5,False,270,200–400
2,2,True,468,400–600
4,2,False,314,200–400
3,5,False,302,200–400
3,3,True,119,<200
2,2,True,836,800–1200
3,3,True,454,400–600
1,1,True,315,200–400
6,6,True,634,600–800
2,2,True,156,<200
1,3,False,558,400–600
1,1,True,276,200–400
3,1,False,431,400–600
3,3,True,1240,>1200
3,3,True,194,<200
2,3,False,2129,>1200
2,2,True,487,400–600
4,3,False,231,200–400
6,6,True,438,400–600
3,3,True,439,400–600
3,3,True,281,200–400
3,3,True,276,200–400
3,3,True,201,200–400
2,2,True,274,200–400
2,1,False,390,200–400
2,2,True,253,200–400
2,2,True,619,600–800
3,3,True,432,400–600
4,4,True,293,200–400
2,2,True,402,400–600
2,2,True,684,600–800
6,6,True,425,400–600
6,6,True,590,400–600
6,6,True,903,800–1200
6,6,True,887,800–1200
2,5,False,255,200–400
6,6,True,234,200–400
6,6,True,492,400–600
3,3,True,450,400–600
3,3,True,330,200–400
2,2,True,253,200–400
6,6,True,533,400–600
1,6,False,449,400–600
3,3,True,149,<200
2,3,False,261,200–400
5,5,True,202,200–400
2,2,True,278,200–400
2,2,True,347,200–400
2,2,True,310,200–400
3,3,True,280,200–400
4,4,True,195,<200
3,3,True,145,<200
1,1,True,486,400–600
2,2,True,311,200–400
2,3,False,386,200–400
2,2,True,950,800–1200
2,2,True,214,200–400
3,3,True,306,200–400
2,4,False,329,200–400
3,3,True,103,<200
2,2,True,320,200–400
4,4,True,267,200–400
3,4,False,290,200–400
3,3,True,485,400–600
2,2,True,174,<200
2,2,True,317,200–400
3,3,True,300,200–400
4,4,True,315,200–400
2,2,True,316,200–400
3,1,False,566,400–600
1,6,False,441,400–600
4,2,False,386,200–400
6,6,True,100,<200
3,5,False,250,200–400
3,3,True,314,200–400
3,3,True,648,600–800
2,2,True,405,400–600
6,6,True,452,400–600
3,3,True,120,<200
6,6,True,432,400–600
2,2,True,277,200–400
3,1,False,657,600–800
2,1,False,570,400–600
1,1,True,199,<200
2,2,True,367,200–400
3,3,True,246,200–400
4,2,False,512,400–600
3,6,False,792,600–800
3,3,True,498,400–600
4,4,True,171,<200
3,3,True,527,400–600
2,2,True,376,200–400
2,2,True,378,200–400
2,2,True,294,200–400
4,6,False,547,400–600
2,2,True,262,200–400
6,6,True,472,400–600
2,6,False,427,400–600
2,2,True,296,200–400
4,4,True,397,200–400
2,5,False,308,200–400
2,2,True,153,<200
3,3,True,752,600–800
1,1,True,144,<200
4,4,True,616,600–800
2,2,True,366,200–400
4,4,True,393,200–400
4,4,True,253,200–400
3,3,True,126,<200
1,1,True,426,400–600
2,2,True,246,200–400
2,2,True,318,200–400
3,1,False,551,400–600
2,2,True,421,400–600
4,6,False,420,400–600
6,1,False,386,200–400
2,2,True,214,200–400
2,2,True,199,<200
6,6,True,306,200–400
1,1,True,494,400–600
1,1,True,183,<200
2,4,False,213,200–400
2,2,True,372,200–400
1,1,True,347,200–400
3,3,True,150,<200
2,2,True,180,<200
3,3,True,336,200–400
6,1,False,506,400–600
6,6,True,369,200–400
1,1,True,368,200–400
2,4,False,197,<200
1,1,True,489,400–600
3,5,False,261,200–400
2,2,True,1707,>1200
1,1,True,339,200–400
3,3,True,209,200–400
6,6,True,513,400–600
6,4,False,453,400–600
3,3,True,266,200–400
1,2,False,272,200–400
3,3,True,273,200–400
3,3,True,205,200–400
6,6,True,589,400–600
1,1,True,254,200–400
2,6,False,444,400–600
2,2,True,370,200–400
2,2,True,501,400–600
2,2,True,395,200–400
3,4,False,468,400–600
3,3,True,1021,800–1200
2,1,False,344,200–400
2,1,False,509,400–600
2,2,True,694,600–800
4,4,True,345,200–400
6,6,True,379,200–400
3,2,False,328,200–400
1,1,True,192,<200
6,6,True,973,800–1200
2,1,False,526,400–600
6,2,False,287,200–400
3,3,True,348,200–400
5,5,True,548,400–600
3,2,False,432,400–600
1,1,True,268,200–400
2,2,True,821,800–1200
4,4,True,252,200–400
3,3,True,278,200–400
5,5,True,245,200–400
4,3,False,374,200–400
2,2,True,369,200–400
2,2,True,265,200–400
4,4,True,729,600–800
3,3,True,269,200–400
1,3,False,228,200–400
6,6,True,834,800–1200
3,5,False,249,200–400
6,6,True,496,400–600
3,1,False,616,600–800
3,3,True,383,200–400
1,1,True,508,400–600
6,6,True,808,800–1200
2,2,True,368,200–400
2,2,True,284,200–400
6,1,False,324,200–400
2,5,False,227,200–400
3,4,False,179,<200
2,2,True,489,400–600
6,6,True,427,400–600
3,3,True,246,200–400
3,3,True,200,<200
1,1,True,340,200–400
3,3,True,741,600–800
2,2,True,384,200–400
1,2,False,367,200–400
6,6,True,669,600–800
1,1,True,358,200–400
3,3,True,571,400–600
1,3,False,298,200–400
3,5,False,244,200–400
3,3,True,601,600–800
4,4,True,118,<200
2,6,False,698,600–800
3,2,False,428,400–600
2,2,True,828,800–1200
6,6,True,572,400–600
4,4,True,346,200–400
1,1,True,334,200–400
2,2,True,323,200–400
2,2,True,336,200–400
1,1,True,386,200–400
2,1,False,672,600–800
6,6,True,762,600–800
3,3,True,273,200–400
1,1,True,330,200–400
3,3,True,80,<200
2,5,False,197,<200
3,3,True,217,200–400
2,2,True,431,400–600
1,1,True,723,600–800
1,1,True,305,200–400
2,1,False,388,200–400
2,2,True,423,400–600
3,3,True,511,400–600
2,2,True,132,<200
5,5,True,264,200–400
2,2,True,341,200–400
2,2,True,376,200–400
1,1,True,329,200–400
3,3,True,816,800–1200
1,1,True,228,200–400
3,3,True,229,200–400
2,2,True,262,200–400
4,4,True,433,400–600
3,3,True,231,200–400
1,1,True,357,200–400
3,3,True,229,200–400
2,2,True,310,200–400
1,1,True,342,200–400
2,6,False,434,400–600
3,3,True,366,200–400
2,2,True,339,200–400
3,3,True,379,200–400
1,1,True,286,200–400
3,3,True,737,600–800
2,2,True,385,200–400
1,1,True,371,200–400
2,6,False,434,400–600
2,2,True,310,200–400
3,3,True,270,200–400
2,2,True,371,200–400
3,3,True,201,200–400
3,2,False,312,200–400
4,4,True,293,200–400
3,3,True,227,200–400
3,3,True,241,200–400
2,2,True,383,200–400
1,1,True,943,800–1200
6,6,True,276,200–400
2,1,False,342,200–400
2,3,False,251,200–400
3,3,True,76,<200
5,5,True,330,200–400
3,3,True,449,400–600
3,3,True,184,<200
2,6,False,573,400–600
6,6,True,915,800–1200
3,6,False,488,400–600
4,4,True,511,400–600
1,1,True,398,200–400
3,3,True,610,600–800
6,6,True,492,400–600
1,1,True,336,200–400
1,1,True,385,200–400
3,2,False,386,200–400
6,6,True,643,600–800
3,3,True,236,200–400
2,2,True,328,200–400
2,3,False,1019,800–1200
2,2,True,559,400–600
4,4,True,150,<200
1,1,True,488,400–600
2,2,True,620,600–800
2,2,True,532,400–600
1,1,True,365,200–400
2,3,False,260,200–400
6,6,True,291,200–400
1,1,True,170,<200
2,2,True,344,200–400
2,2,True,407,400–600
6,6,True,234,200–400
4,4,True,251,200–400
3,3,True,174,<200
5,5,True,282,200–400
3,3,True,658,600–800
3,2,False,419,400–600
3,6,False,587,400–600
3,3,True,143,<200
3,3,True,213,200–400
1,3,False,260,200–400
6,6,True,387,200–400
2,2,True,378,200–400
1,1,True,247,200–400
2,2,True,764,600–800
2,2,True,758,600–800
1,1,True,505,400–600
4,1,False,500,400–600
2,1,False,420,400–600
2,2,True,348,200–400
3,3,True,349,200–400
4,4,True,425,400–600
4,4,True,666,600–800
3,3,True,533,400–600
3,3,True,256,200–400
1,1,True,254,200–400
2,2,True,497,400–600
3,3,True,153,<200
6,6,True,484,400–600
2,2,True,234,200–400
2,2,True,217,200–400
3,6,False,349,200–400
3,3,True,341,200–400
3,3,True,228,200–400
2,2,True,255,200–400
2,2,True,1388,>1200
6,6,True,351,200–400
2,2,True,166,<200
6,6,True,545,400–600
2,2,True,390,200–400
2,2,True,469,400–600
1,1,True,329,200–400
3,2,False,330,200–400
1,1,True,284,200–400
1,1,True,752,600–800
2,2,True,401,400–600
2,4,False,280,200–400
1,1,True,309,200–400
5,5,True,129,<200
3,2,False,637,600–800
3,3,True,834,800–1200
1,1,True,346,200–400
2,2,True,329,200–400
2,2,True,412,400–600
3,3,True,147,<200
2,5,False,405,400–600
6,6,True,495,400–600
2,2,True,2058,>1200
4,4,True,146,<200
6,6,True,430,400–600
2,2,True,273,200–400
3,3,True,554,400–600
1,1,True,919,800–1200
2,2,True,380,200–400
2,2,True,358,200–400
6,6,True,566,400–600
3,3,True,211,200–400
4,4,True,574,400–600
2,2,True,328,200–400
5,1,False,286,200–400
4,4,True,363,200–400
3,3,True,860,800–1200
3,3,True,439,400–600
2,2,True,354,200–400
2,3,False,178,<200
2,4,False,184,<200
1,1,True,215,200–400
3,5,False,458,400–600
3,2,False,617,600–800
2,2,True,529,400–600
2,2,True,243,200–400
2,2,True,152,<200
5,5,True,454,400–600
3,1,False,850,800–1200
4,4,True,196,<200
3,3,True,291,200–400
4,4,True,292,200–400
1,1,True,116,<200
2,2,True,419,400–600
2,2,True,64,<200
2,2,True,763,600–800
2,2,True,382,200–400
2,6,False,404,400–600
4,4,True,255,200–400
1,1,True,327,200–400
3,3,True,1111,800–1200
6,6,True,348,200–400
2,2,True,251,200–400
3,3,True,588,400–600
2,2,True,360,200–400
2,2,True,452,400–600
2,2,True,424,400–600
2,2,True,707,600–800
1,1,True,415,400–600
3,3,True,216,200–400
1,1,True,528,400–600
2,2,True,298,200–400
6,2,False,239,200–400
1,1,True,466,400–600
1,1,True,322,200–400
1,1,True,975,800–1200
3,2,False,644,600–800
1,6,False,600,400–600
2,2,True,1187,800–1200
3,3,True,598,400–600
3,3,True,311,200–400
2,2,True,459,400–600
4,4,True,158,<200
6,2,False,2176,>1200
2,2,True,275,200–400
2,2,True,213,200–400
4,4,True,561,400–600
2,2,True,606,600–800
6,6,True,341,200–400
6,6,True,689,600–800
2,2,True,397,200–400
4,4,True,300,200–400
3,3,True,282,200–400
6,6,True,545,400–600
2,2,True,283,200–400
3,6,False,542,400–600
2,2,True,369,200–400
4,5,False,234,200–400
5,5,True,439,400–600
6,6,True,225,200–400
5,5,True,500,400–600
6,6,True,481,400–600
2,3,False,551,400–600
1,1,True,570,400–600
2,2,True,180,<200
2,2,True,191,<200
2,2,True,264,200–400
3,3,True,146,<200
2,2,True,405,400–600
4,4,True,97,<200
1,6,False,581,400–600
1,1,True,488,400–600
6,6,True,463,400–600
6,6,True,428,400–600
2,2,True,289,200–400
2,2,True,241,200–400
2,2,True,1874,>1200
2,2,True,666,600–800
4,4,True,362,200–400
5,5,True,432,400–600
2,2,True,384,200–400
3,2,False,3342,>1200
6,6,True,552,400–600
3,3,True,215,200–400
2,2,True,278,200–400
3,6,False,374,200–400
6,6,True,690,600–800
2,6,False,306,200–400
2,2,True,453,400–600
3,3,True,478,400–600
2,2,True,397,200–400
6,6,True,642,600–800
2,2,True,291,200–400
2,2,True,1770,>1200
2,2,True,512,400–600
5,5,True,67,<200
3,3,True,483,400–600
4,4,True,891,800–1200
4,3,False,67,<200
3,3,True,150,<200
2,2,True,324,200–400
2,2,True,722,600–800
2,5,False,445,400–600
2,2,True,317,200–400
2,5,False,512,400–600
2,2,True,256,200–400
4,4,True,365,200–400
4,1,False,324,200–400
3,3,True,220,200–400
3,3,True,167,<200
5,3,False,934,800–1200
1,1,True,502,400–600
3,3,True,240,200–400
1,1,True,376,200–400
2,5,False,213,200–400
4,4,True,475,400–600
4,4,True,417,400–600
2,2,True,392,200–400
2,2,True,750,600–800
3,3,True,385,200–400
1,1,True,331,200–400
5,5,True,445,400–600
1,1,True,663,600–800
2,2,True,329,200–400
1,1,True,525,400–600
3,3,True,461,400–600
6,6,True,586,400–600
6,6,True,943,800–1200
2,6,False,611,600–800
2,2,True,299,200–400
3,6,False,438,400–600
1,1,True,338,200–400
2,2,True,94,<200
4,2,False,196,<200
3,3,True,459,400–600
2,2,True,66,<200
2,2,True,240,200–400
2,2,True,343,200–400
1,1,True,502,400–600
6,6,True,650,600–800
6,1,False,529,400–600
3,3,True,186,<200
3,1,False,175,<200
4,2,False,351,200–400
6,6,True,574,400–600
3,3,True,554,400–600
1,1,True,902,800–1200
6,6,True,302,200–400
2,2,True,2325,>1200
3,1,False,310,200–400
3,3,True,308,200–400
2,1,False,552,400–600
1,1,True,507,400–600
2,4,False,461,400–600
3,3,True,273,200–400
3,3,True,486,400–600
3,3,True,346,200–400
3,2,False,296,200–400
2,2,True,1863,>1200
6,6,True,504,400–600
3,4,False,292,200–400
2,2,True,343,200–400
3,5,False,292,200–400
4,4,True,552,400–600
5,1,False,397,200–400
6,6,True,486,400–600
6,6,True,473,400–600
3,3,True,501,400–600
3,3,True,149,<200
2,2,True,429,400–600
3,2,False,603,600–800
3,3,True,234,200–400
2,2,True,421,400–600
6,6,True,493,400–600
2,2,True,335,200–400
5,5,True,403,400–600
4,4,True,252,200–400
2,1,False,603,600–800
4,4,True,441,400–600
2,3,False,182,<200
2,2,True,2102,>1200
2,2,True,172,<200
1,1,True,234,200–400
6,6,True,545,400–600
3,3,True,165,<200
1,1,True,387,200–400
3,3,True,219,200–400
3,2,False,289,200–400
2,2,True,186,<200
2,2,True,315,200–400
4,4,True,239,200–400
1,1,True,353,200–400
2,2,True,285,200–400
6,6,True,347,200–400
2,5,False,252,200–400
2,2,True,500,400–600
2,5,False,284,200–400
1,1,True,315,200–400
2,1,False,340,200–400
2,2,True,311,200–400
3,3,True,334,200–400
6,6,True,579,400–600
5,5,True,750,600–800
5,3,False,336,200–400
6,6,True,920,800–1200
2,2,True,672,600–800
1,1,True,154,<200
1,1,True,272,200–400
2,2,True,299,200–400
3,3,True,170,<200
6,6,True,375,200–400
1,1,True,314,200–400
5,4,False,130,<200
2,2,True,311,200–400
4,4,True,156,<200
2,2,True,195,<200
3,3,True,461,400–600
2,2,True,420,400–600
2,2,True,737,600–800
2,1,False,574,400–600
2,2,True,287,200–400
2,5,False,255,200–400
3,3,True,350,200–400
1,1,True,352,200–400
3,3,True,662,600–800
3,3,True,349,200–400
3,5,False,253,200–400
2,2,True,780,600–800
4,4,True,261,200–400
5,5,True,377,200–400
5,5,True,455,400–600
3,3,True,152,<200
1,1,True,206,200–400
1,3,False,167,<200
3,2,False,265,200–400
2,2,True,367,200–400
3,5,False,229,200–400
3,2,False,413,400–600
2,2,True,497,400–600
6,6,True,539,400–600
1,1,True,339,200–400
4,4,True,297,200–400
5,5,True,355,200–400
1,1,True,331,200–400
2,3,False,254,200–400
2,2,True,1106,800–1200
2,2,True,423,400–600
4,4,True,264,200–400
5,5,True,235,200–400
3,1,False,338,200–400
2,2,True,382,200–400
2,2,True,332,200–400
4,4,True,303,200–400
3,6,False,1711,>1200
4,4,True,334,200–400
1,1,True,423,400–600
2,2,True,341,200–400
4,4,True,461,400–600
3,3,True,154,<200
2,2,True,417,400–600
1,1,True,482,400–600
2,2,True,228,200–400
4,4,True,189,<200
4,1,False,264,200–400
2,2,True,300,200–400
5,5,True,452,400–600
1,1,True,404,400–600
4,4,True,473,400–600
1,1,True,288,200–400
3,3,True,713,600–800
3,2,False,700,600–800
3,3,True,811,800–1200
2,2,True,378,200–400
1,1,True,340,200–400
3,3,True,165,<200
5,5,True,436,400–600
2,2,True,259,200–400
5,5,True,444,400–600
2,2,True,347,200–400
2,2,True,1969,>1200
6,6,True,233,200–400
2,2,True,163,<200
1,2,False,323,200–400
2,2,True,362,200–400
6,3,False,260,200–400
3,3,True,992,800–1200
2,3,False,146,<200
2,2,True,211,200–400
1,1,True,349,200–400
1,1,True,360,200–400
5,5,True,549,400–600
2,2,True,341,200–400
6,6,True,653,600–800
2,2,True,342,200–400
3,3,True,986,800–1200
2,2,True,303,200–400
1,1,True,333,200–400
3,3,True,1017,800–1200
3,3,True,288,200–400
2,3,False,125,<200
3,5,False,218,200–400
6,1,False,580,400–600
1,1,True,560,400–600
2,4,False,520,400–600
4,4,True,554,400–600
3,2,False,437,400–600
2,6,False,721,600–800
5,5,True,407,400–600
2,2,True,277,200–400
5,5,True,471,400–600
1,1,True,328,200–400
6,6,True,491,400–600
1,1,True,299,200–400
1,1,True,346,200–400
1,1,True,445,400–600
5,5,True,248,200–400
1,3,False,288,200–400
6,6,True,437,400–600
3,3,True,376,200–400
2,3,False,184,<200
6,6,True,333,200–400
2,2,True,243,200–400
2,2,True,1083,800–1200
2,2,True,299,200–400
3,2,False,397,200–400
2,3,False,641,600–800
1,1,True,272,200–400
1,1,True,957,800–1200
3,2,False,236,200–400
4,2,False,226,200–400
4,4,True,319,200–400
2,2,True,890,800–1200
2,2,True,260,200–400
2,2,True,332,200–400
2,2,True,465,400–600
2,2,True,321,200–400
3,3,True,626,600–800
1,1,True,741,600–800
6,2,False,352,200–400
3,3,True,205,200–400
3,3,True,399,200–400
2,3,False,191,<200
2,6,False,1061,800–1200
2,2,True,736,600–800
3,3,True,224,200–400
3,3,True,343,200–400
5,5,True,241,200–400
1,1,True,261,200–400
1,1,True,334,200–400
2,5,False,211,200–400
2,2,True,236,200–400
4,4,True,848,800–1200
2,2,True,304,200–400
1,1,True,215,200–400
2,2,True,143,<200
2,2,True,317,200–400
3,3,True,122,<200
3,5,False,236,200–400
4,4,True,429,400–600
6,6,True,550,400–600
3,3,True,453,400–600
2,1,False,741,600–800
1,1,True,396,200–400
2,2,True,559,400–600
5,5,True,663,600–800
1,5,False,520,400–600
4,1,False,415,400–600
4,4,True,292,200–400
2,2,True,377,200–400
6,1,False,469,400–600
2,2,True,454,400–600
6,6,True,542,400–600
2,2,True,364,200–400
2,2,True,161,<200
4,4,True,463,400–600
4,4,True,533,400–600
1,1,True,281,200–400
2,2,True,362,200–400
2,3,False,354,200–400
2,2,True,319,200–400
3,3,True,105,<200
3,5,False,294,200–400
2,1,False,624,600–800
2,4,False,280,200–400
1,1,True,405,400–600
1,1,True,282,200–400
3,4,False,303,200–400
6,6,True,425,400–600
1,1,True,405,400–600
2,2,True,378,200–400
2,2,True,323,200–400
2,1,False,340,200–400
2,1,False,519,400–600
6,3,False,165,<200
1,1,True,339,200–400
2,2,True,611,600–800
2,2,True,390,200–400
1,3,False,1106,800–1200
1,1,True,276,200–400
2,2,True,326,200–400
4,4,True,177,<200
1,1,True,332,200–400
3,3,True,840,800–1200
2,1,False,533,400–600
1,1,True,283,200–400
3,1,False,1042,800–1200
3,2,False,321,200–400
2,2,True,405,400–600
6,6,True,239,200–400
3,1,False,349,200–400
2,2,True,236,200–400
2,2,True,2389,>1200
3,3,True,1054,800–1200
6,6,True,505,400–600
2,2,True,137,<200
3,1,False,577,400–600
2,2,True,825,800–1200
6,6,True,601,600–800
6,6,True,965,800–1200
1,1,True,568,400–600
6,4,False,511,400–600
4,2,False,1067,800–1200
6,6,True,514,400–600
4,4,True,272,200–400
6,6,True,339,200–400
2,2,True,276,200–400
6,6,True,639,600–800
5,5,True,551,400–600
2,2,True,394,200–400
3,2,False,499,400–600
1,1,True,428,400–600
3,3,True,902,800–1200
5,3,False,186,<200
3,3,True,193,<200
2,2,True,660,600–800
4,4,True,360,200–400
2,2,True,213,200–400
2,2,True,342,200–400
4,4,True,294,200–400
3,3,True,224,200–400
2,2,True,307,200–400
5,5,True,268,200–400
3,3,True,344,200–400
2,2,True,417,400–600
1,1,True,243,200–400
5,5,True,313,200–400
3,3,True,146,<200
6,6,True,478,400–600
2,2,True,340,200–400
2,1,False,322,200–400
3,2,False,376,200–400
6,6,True,436,400–600
2,2,True,306,200–400
6,6,True,423,400–600
6,6,True,435,400–600
5,4,False,297,200–400
3,3,True,311,200–400
3,3,True,185,<200
3,1,False,307,200–400
6,6,True,333,200–400
4,4,True,539,400–600
1,1,True,211,200–400
1,1,True,353,200–400
2,2,True,198,<200
6,6,True,226,200–400
4,4,True,390,200–400
2,2,True,857,800–1200
3,3,True,490,400–600
1,1,True,492,400–600
6,6,True,671,600–800
2,2,True,272,200–400
3,3,True,289,200–400
2,2,True,493,400–600
2,2,True,430,400–600
2,2,True,393,200–400
2,2,True,3038,>1200
2,2,True,1269,>1200
3,3,True,92,<200
3,3,True,3432,>1200
1,1,True,536,400–600
6,6,True,552,400–600
2,2,True,315,200–400
2,2,True,344,200–400
3,3,True,293,200–400
6,6,True,854,800–1200
5,5,True,436,400–600
6,5,False,257,200–400
2,2,True,480,400–600
6,6,True,556,400–600
1,1,True,423,400–600
2,2,True,239,200–400
2,2,True,788,600–800
2,5,False,165,<200
6,6,True,342,200–400
5,5,True,440,400–600
2,6,False,540,400–600
2,1,False,393,200–400
2,2,True,408,400–600
3,3,True,178,<200
3,3,True,143,<200
5,5,True,265,200–400
3,1,False,503,400–600
1,1,True,373,200–400
2,2,True,419,400–600
1,1,True,274,200–400
5,5,True,215,200–400
4,4,True,878,800–1200
2,2,True,255,200–400
4,4,True,779,600–800
5,5,True,381,200–400
6,6,True,769,600–800
6,6,True,277,200–400
2,3,False,650,600–800
2,3,False,188,<200
3,1,False,369,200–400
5,5,True,207,200–400
1,1,True,568,400–600
3,3,True,815,800–1200
1,1,True,358,200–400
4,4,True,197,<200
2,3,False,474,400–600
2,2,True,315,200–400
2,1,False,373,200–400
2,2,True,211,200–400
1,1,True,596,400–600
2,2,True,243,200–400
6,6,True,426,400–600
3,3,True,225,200–400
4,4,True,168,<200
2,2,True,643,600–800
2,3,False,714,600–800
1,1,True,244,200–400
3,6,False,509,400–600
2,3,False,872,800–1200
2,2,True,433,400–600
6,6,True,651,600–800
2,2,True,332,200–400
2,3,False,226,200–400
3,2,False,251,200–400
2,2,True,274,200–400
2,2,True,1970,>1200
2,2,True,377,200–400
2,2,True,240,200–400
4,6,False,494,400–600
3,3,True,155,<200
3,3,True,582,400–600
2,2,True,379,200–400
2,3,False,630,600–800
2,2,True,238,200–400
3,3,True,143,<200
4,4,True,714,600–800
1,1,True,984,800–1200
3,3,True,376,200–400
1,1,True,164,<200
2,2,True,516,400–600
3,3,True,138,<200
2,1,False,309,200–400
4,4,True,308,200–400
4,4,True,164,<200
3,4,False,200,<200
2,2,True,239,200–400
5,5,True,404,400–600
3,3,True,323,200–400
4,4,True,460,400–600
1,1,True,380,200–400
3,3,True,148,<200
6,6,True,428,400–600
4,4,True,662,600–800
6,2,False,267,200–400
1,1,True,432,400–600
1,1,True,324,200–400
6,6,True,382,200–400
2,2,True,160,<200
2,2,True,496,400–600
4,3,False,452,400–600
1,1,True,304,200–400
3,3,True,142,<200
3,2,False,442,400–600
6,6,True,330,200–400
2,3,False,187,<200
6,6,True,816,800–1200
2,1,False,360,200–400
3,1,False,457,400–600
1,1,True,739,600–800
2,2,True,369,200–400
6,6,True,391,200–400
4,4,True,195,<200
2,2,True,171,<200
2,2,True,342,200–400
2,5,False,265,200–400
1,1,True,415,400–600
6,6,True,477,400–600
2,2,True,362,200–400
1,1,True,370,200–400
3,3,True,204,200–400
3,3,True,240,200–400
2,2,True,339,200–400
2,2,True,285,200–400
5,5,True,591,400–600
2,2,True,276,200–400
6,6,True,794,600–800
2,3,False,244,200–400
3,3,True,230,200–400
3,2,False,559,400–600
4,4,True,354,200–400
4,4,True,354,200–400
2,2,True,369,200–400
1,1,True,334,200–400
2,2,True,284,200–400
3,3,True,311,200–400
4,4,True,442,400–600
2,2,True,396,200–400
2,2,True,332,200–400
1,1,True,432,400–600
3,3,True,610,600–800
2,2,True,369,200–400
3,3,True,606,600–800
6,2,False,3770,>1200
6,5,False,345,200–400
2,2,True,1606,>1200
5,5,True,366,200–400
3,3,True,1422,>1200
6,6,True,420,400–600
1,1,True,516,400–600
2,2,True,271,200–400
2,1,False,515,400–600
6,6,True,589,400–600
2,2,True,243,200–400
3,3,True,542,400–600
3,3,True,276,200–400
2,2,True,314,200–400
2,2,True,305,200–400
2,6,False,476,400–600
5,5,True,436,400–600
2,2,True,391,200–400
2,2,True,238,200–400
1,1,True,435,400–600
3,3,True,232,200–400
2,2,True,1162,800–1200
4,4,True,257,200–400
2,2,True,436,400–600
2,2,True,278,200–400
2,2,True,299,200–400
2,2,True,370,200–400
3,3,True,654,600–800
2,1,False,561,400–600
2,1,False,522,400–600
3,3,True,1154,800–1200
2,2,True,298,200–400
4,4,True,326,200–400
1,1,True,500,400–600
1,1,True,324,200–400
4,4,True,144,<200
1,1,True,309,200–400
6,6,True,690,600–800
4,4,True,153,<200
6,3,False,758,600–800
5,5,True,427,400–600
2,2,True,420,400–600
3,4,False,350,200–400
4,4,True,179,<200
1,2,False,728,600–800
4,4,True,253,200–400
2,2,True,434,400–600
3,3,True,203,200–400
3,3,True,434,400–600
2,2,True,269,200–400
1,2,False,342,200–400
1,2,False,241,200–400
2,2,True,412,400–600
3,3,True,608,600–800
1,1,True,435,400–600
2,2,True,325,200–400
1,1,True,274,200–400
4,4,True,192,<200
4,4,True,295,200–400
1,2,False,316,200–400
4,4,True,267,200–400
2,2,True,196,<200
3,3,True,568,400–600
2,2,True,205,200–400
4,4,True,571,400–600
2,2,True,319,200–400
2,2,True,237,200–400
3,3,True,318,200–400
2,2,True,715,600–800
4,4,True,382,200–400
6,6,True,480,400–600
1,1,True,398,200–400
3,2,False,217,200–400
6,6,True,590,400–600
6,6,True,674,600–800
2,2,True,208,200–400
2,2,True,328,200–400
6,6,True,676,600–800
3,3,True,946,800–1200
1,1,True,500,400–600
3,6,False,474,400–600
3,3,True,246,200–400
1,1,True,288,200–400
2,2,True,690,600–800
3,3,True,166,<200
2,2,True,439,400–600
2,3,False,498,400–600
1,1,True,751,600–800
6,6,True,392,200–400
4,4,True,273,200–400
6,2,False,365,200–400
2,2,True,372,200–400
3,3,True,436,400–600
2,3,False,986,800–1200
4,4,True,585,400–600
2,2,True,366,200–400
6,6,True,656,600–800
6,6,True,432,400–600
3,5,False,540,400–600
1,1,True,311,200–400
6,6,True,431,400–600
3,3,True,616,600–800
4,4,True,561,400–600
2,2,True,1412,>1200
6,6,True,430,400–600
2,6,False,587,400–600
3,3,True,206,200–400
2,2,True,292,200–400
3,3,True,160,<200
4,4,True,609,600–800
1,1,True,455,400–600
4,4,True,464,400–600
5,5,True,570,400–600
1,1,True,312,200–400
3,3,True,1193,800–1200
3,3,True,356,200–400
4,4,True,331,200–400
2,2,True,130,<200
2,2,True,429,400–600
1,1,True,467,400–600
3,3,True,174,<200
2,2,True,1438,>1200
3,3,True,238,200–400
2,1,False,662,600–800
1,1,True,602,600–800
2,2,True,1376,>1200
6,6,True,416,400–600
3,3,True,387,200–400
2,3,False,903,800–1200
5,5,True,267,200–400
5,5,True,236,200–400
2,2,True,566,400–600
3,6,False,443,400–600
3,2,False,879,800–1200
2,3,False,219,200–400
2,2,True,395,200–400
3,3,True,479,400–600
4,4,True,158,<200
2,2,True,172,<200
3,3,True,1104,800–1200
2,2,True,393,200–400
2,2,True,371,200–400
5,5,True,185,<200
2,3,False,364,200–400
2,2,True,1745,>1200
2,2,True,1071,800–1200
6,6,True,388,200–400
3,1,False,509,400–600
2,2,True,227,200–400
6,2,False,448,400–600
3,3,True,593,400–600
3,3,True,269,200–400
1,1,True,251,200–400
1,2,False,359,200–400
3,3,True,1428,>1200
3,3,True,937,800–1200
2,2,True,269,200–400
1,4,False,473,400–600
3,3,True,227,200–400
1,1,True,406,400–600
2,3,False,274,200–400
1,1,True,1149,800–1200
1,2,False,281,200–400
1,1,True,490,400–600
2,2,True,481,400–600
2,4,False,664,600–800
1,1,True,438,400–600
2,2,True,161,<200
2,2,True,372,200–400
4,4,True,156,<200
3,3,True,427,400–600
6,6,True,457,400–600
2,3,False,465,400–600
4,6,False,461,400–600
3,6,False,721,600–800
3,3,True,184,<200
2,2,True,471,400–600
2,2,True,477,400–600
6,6,True,570,400–600
2,2,True,443,400–600
3,3,True,197,<200
2,2,True,226,200–400
4,4,True,262,200–400
2,5,False,233,200–400
2,2,True,521,400–600
2,2,True,157,<200
1,1,True,341,200–400
2,2,True,288,200–400
1,1,True,385,200–400
3,3,True,286,200–400
1,1,True,493,400–600
6,6,True,647,600–800
1,2,False,244,200–400
2,2,True,208,200–400
3,3,True,419,400–600
2,2,True,196,<200
6,6,True,496,400–600
1,1,True,171,<200
4,3,False,216,200–400
2,2,True,505,400–600
3,2,False,233,200–400
3,3,True,266,200–400
3,3,True,345,200–400
6,6,True,212,200–400
6,6,True,333,200–400
3,6,False,507,400–600
2,2,True,1177,800–1200
3,3,True,227,200–400
6,6,True,569,400–600
5,5,True,106,<200
3,3,True,138,<200
4,1,False,397,200–400
2,2,True,719,600–800
2,1,False,508,400–600
4,4,True,217,200–400
2,2,True,336,200–400
2,5,False,248,200–400
2,2,True,241,200–400
2,1,False,320,200–400
6,6,True,768,600–800
2,2,True,252,200–400
2,2,True,237,200–400
3,3,True,212,200–400
1,1,True,194,<200
2,2,True,359,200–400
1,1,True,297,200–400
5,5,True,952,800–1200
1,1,True,262,200–400
2,3,False,770,600–800
2,2,True,757,600–800
1,3,False,262,200–400
2,3,False,181,<200
1,1,True,472,400–600
3,1,False,589,400–600
2,2,True,398,200–400
1,3,False,163,<200
2,3,False,583,400–600
3,5,False,249,200–400
2,2,True,460,400–600
2,3,False,276,200–400
3,3,True,154,<200
1,1,True,533,400–600
2,4,False,222,200–400
2,2,True,280,200–400
3,2,False,224,200–400
6,6,True,486,400–600
3,3,True,207,200–400
2,1,False,457,400–600
3,3,True,189,<200
2,2,True,334,200–400
2,2,True,241,200–400
2,2,True,400,200–400
1,1,True,307,200–400
6,6,True,476,400–600
3,3,True,218,200–400
1,1,True,348,200–400
1,1,True,418,400–600
3,3,True,214,200–400
3,3,True,168,<200
3,3,True,720,600–800
3,3,True,274,200–400
2,2,True,989,800–1200
2,2,True,131,<200
6,6,True,460,400–600
3,3,True,336,200–400
1,1,True,490,400–600
2,1,False,584,400–600
2,2,True,185,<200
2,2,True,739,600–800
1,1,True,339,200–400
2,2,True,303,200–400
2,2,True,843,800–1200
2,2,True,479,400–600
2,2,True,353,200–400
2,1,False,436,400–600
2,2,True,547,400–600
3,3,True,352,200–400
1,1,True,489,400–600
1,2,False,388,200–400
3,1,False,336,200–400
2,6,False,566,400–600
1,1,True,281,200–400
2,5,False,246,200–400
4,4,True,350,200–400
5,5,True,372,200–400
3,3,True,136,<200
2,3,False,363,200–400
4,4,True,471,400–600
3,4,False,431,400–600
2,2,True,286,200–400
2,2,True,242,200–400
2,2,True,1220,>1200
3,3,True,233,200–400
4,4,True,176,<200
4,4,True,486,400–600
2,1,False,346,200–400
2,2,True,384,200–400
2,5,False,274,200–400
4,4,True,126,<200
2,2,True,206,200–400
2,1,False,675,600–800
2,1,False,517,400–600
1,1,True,354,200–400
6,6,True,501,400–600
1,1,True,291,200–400
4,3,False,134,<200
3,3,True,156,<200
4,4,True,347,200–400
1,1,True,137,<200
4,4,True,342,200–400
6,6,True,100,<200
4,4,True,263,200–400
1,4,False,374,200–400
3,3,True,229,200–400
2,2,True,327,200–400
2,1,False,452,400–600
5,5,True,441,400–600
3,2,False,399,200–400
1,1,True,418,400–600
2,2,True,313,200–400
4,4,True,202,200–400
4,4,True,449,400–600
3,3,True,525,400–600
3,3,True,459,400–600
2,2,True,330,200–400
5,5,True,197,<200
1,1,True,364,200–400
1,1,True,422,400–600
2,2,True,1085,800–1200
2,2,True,609,600–800
3,3,True,242,200–400
2,2,True,206,200–400
2,2,True,156,<200
5,5,True,456,400–600
3,3,True,1632,>1200
2,2,True,367,200–400
2,2,True,665,600–800
6,2,False,416,400–600
3,3,True,146,<200
2,6,False,478,400–600
2,3,False,174,<200
1,1,True,341,200–400
3,3,True,844,800–1200
2,2,True,972,800–1200
2,2,True,273,200–400
3,6,False,686,600–800
1,1,True,503,400–600
2,4,False,158,<200
1,1,True,286,200–400
2,2,True,343,200–400
3,3,True,269,200–400
4,4,True,252,200–400
3,5,False,239,200–400
2,5,False,253,200–400
3,3,True,1435,>1200
6,6,True,234,200–400
4,4,True,197,<200
2,2,True,393,200–400
6,6,True,425,400–600
2,2,True,346,200–400
6,6,True,404,400–600
2,2,True,340,200–400
3,3,True,267,200–400
2,2,True,265,200–400
1,1,True,478,400–600
2,4,False,156,<200
3,3,True,322,200–400
2,2,True,290,200–400
2,2,True,757,600–800
2,2,True,207,200–400
2,2,True,213,200–400
2,2,True,4146,>1200
3,5,False,209,200–400
3,3,True,208,200–400
6,6,True,670,600–800
2,2,True,431,400–600
2,2,True,240,200–400
3,3,True,770,600–800
2,5,False,531,400–600
2,1,False,307,200–400
2,2,True,280,200–400
2,2,True,711,600–800
1,2,False,661,600–800
4,4,True,257,200–400
3,3,True,224,200–400
2,1,False,792,600–800
3,2,False,442,400–600
2,2,True,386,200–400
3,3,True,250,200–400
6,6,True,937,800–1200
2,2,True,256,200–400
2,4,False,255,200–400
2,2,True,182,<200
2,5,False,562,400–600
3,3,True,339,200–400
2,2,True,281,200–400
3,3,True,194,<200
3,1,False,422,400–600
3,3,True,277,200–400
4,4,True,292,200–400
2,4,False,162,<200
6,6,True,484,400–600
4,4,True,467,400–600
2,2,True,302,200–400
3,3,True,781,600–800
6,6,True,594,400–600
1,1,True,278,200–400
2,2,True,918,800–1200
5,5,True,448,400–600
4,4,True,230,200–400
3,3,True,150,<200
2,2,True,318,200–400
2,2,True,191,<200
2,2,True,387,200–400
4,4,True,325,200–400
3,3,True,102,<200
3,5,False,249,200–400
2,2,True,620,600–800
2,2,True,291,200–400
1,1,True,341,200–400
2,6,False,366,200–400
2,2,True,568,400–600
5,5,True,426,400–600
3,3,True,364,200–400
2,3,False,194,<200
3,3,True,383,200–400
5,5,True,249,200–400
2,1,False,263,200–400
2,2,True,699,600–800
6,6,True,488,400–600
3,3,True,343,200–400
2,2,True,180,<200
6,6,True,340,200–400
1,1,True,968,800–1200
1,1,True,203,200–400
3,3,True,518,400–600
1,1,True,420,400–600
2,2,True,419,400–600
2,2,True,353,200–400
6,6,True,561,400–600
2,2,True,372,200–400
3,3,True,293,200–400
3,3,True,931,800–1200
4,4,True,263,200–400
4,4,True,157,<200
4,4,True,627,600–800
3,3,True,261,200–400
4,4,True,172,<200
2,2,True,365,200–400
6,6,True,670,600–800
2,2,True,374,200–400
4,4,True,352,200–400
3,1,False,335,200–400
1,1,True,148,<200
1,1,True,339,200–400
3,1,False,311,200–400
2,6,False,510,400–600
6,6,True,491,400–600
3,3,True,150,<200
6,2,False,328,200–400
3,3,True,256,200–400
3,1,False,634,600–800
2,5,False,418,400–600
1,1,True,296,200–400
2,2,True,670,600–800
2,2,True,209,200–400
6,6,True,397,200–400
2,2,True,418,400–600
2,2,True,254,200–400
1,1,True,451,400–600
5,5,True,504,400–600
2,2,True,214,200–400
2,2,True,254,200–400
2,2,True,323,200–400
2,2,True,399,200–400
2,2,True,284,200–400
1,2,False,695,600–800
4,4,True,430,400–600
6,6,True,1079,800–1200
2,4,False,165,<200
2,1,False,323,200–400
6,6,True,8892,>1200
2,2,True,387,200–400
3,3,True,264,200–400
2,6,False,698,600–800
2,2,True,237,200–400
2,6,False,578,400–600
3,3,True,493,400–600
6,6,True,652,600–800
5,5,True,61,<200
4,4,True,514,400–600
2,1,False,269,200–400
4,4,True,505,400–600
2,3,False,414,400–600
2,3,False,103,<200
2,2,True,454,400–600
6,6,True,736,600–800
1,1,True,303,200–400
1,1,True,333,200–400
6,6,True,281,200–400
2,2,True,219,200–400
2,2,True,316,200–400
1,1,True,186,<200
6,6,True,882,800–1200
3,3,True,201,200–400
2,2,True,190,<200
3,4,False,493,400–600
3,3,True,536,400–600
2,5,False,268,200–400
2,2,True,431,400–600
4,4,True,158,<200
2,2,True,286,200–400
5,5,True,477,400–600
4,4,True,438,400–600
2,2,True,295,200–400
3,3,True,122,<200
3,3,True,232,200–400
2,2,True,749,600–800
1,1,True,283,200–400
2,2,True,374,200–400
2,2,True,254,200–400
3,3,True,191,<200
6,6,True,302,200–400
6,1,False,478,400–600
3,3,True,273,200–400
1,5,False,261,200–400
3,3,True,549,400–600
6,6,True,325,200–400
2,2,True,1270,>1200
3,3,True,272,200–400
2,2,True,1394,>1200
2,2,True,238,200–400
2,2,True,442,400–600
5,6,False,633,600–800
5,5,True,268,200–400
1,3,False,244,200–400
2,2,True,314,200–400
2,3,False,477,400–600
2,2,True,1368,>1200
5,5,True,345,200–400
2,2,True,483,400–600
3,2,False,186,<200
3,3,True,336,200–400
4,4,True,269,200–400
2,2,True,141,<200
4,4,True,223,200–400
4,4,True,613,600–800
1,1,True,337,200–400
1,1,True,339,200–400
3,3,True,260,200–400
4,1,False,563,400–600
2,2,True,216,200–400
3,3,True,303,200–400
3,3,True,187,<200
2,3,False,195,<200
3,3,True,141,<200
3,2,False,501,400–600
2,2,True,556,400–600
2,2,True,209,200–400
3,3,True,154,<200
2,1,False,356,200–400
6,2,False,685,600–800
3,3,True,324,200–400
4,4,True,328,200–400
6,6,True,894,800–1200
3,3,True,489,400–600
6,6,True,340,200–400
2,3,False,648,600–800
3,3,True,257,200–400
6,6,True,240,200–400
3,3,True,591,400–600
2,2,True,370,200–400
3,3,True,509,400–600
2,2,True,376,200–400
2,2,True,273,200–400
4,4,True,479,400–600
6,6,True,874,800–1200
2,2,True,319,200–400
4,1,False,461,400–600
3,3,True,628,600–800
6,6,True,283,200–400
1,1,True,415,400–600
1,1,True,360,200–400
6,6,True,279,200–400
4,4,True,162,<200
3,2,False,342,200–400
2,2,True,759,600–800
3,5,False,650,600–800
3,1,False,376,200–400
4,2,False,257,200–400
1,1,True,389,200–400
6,6,True,427,400–600
1,6,False,370,200–400
2,4,False,269,200–400
2,2,True,202,200–400
2,2,True,308,200–400
4,4,True,359,200–400
2,2,True,153,<200
2,2,True,391,200–400
2,2,True,222,200–400
4,4,True,360,200–400
2,2,True,340,200–400
1,1,True,323,200–400
2,2,True,288,200–400
6,6,True,459,400–600
4,4,True,252,200–400
4,4,True,626,600–800
2,2,True,301,200–400
2,2,True,475,400–600
5,5,True,223,200–400
3,3,True,356,200–400
3,3,True,453,400–600
4,2,False,319,200–400
3,3,True,199,<200
4,4,True,555,400–600
3,3,True,716,600–800
2,3,False,700,600–800
2,2,True,625,600–800
1,1,True,359,200–400
1,3,False,232,200–400
6,6,True,430,400–600
2,2,True,596,400–600
2,2,True,492,400–600
4,4,True,252,200–400
2,2,True,173,<200
6,6,True,99,<200
2,2,True,258,200–400
3,3,True,327,200–400
2,2,True,494,400–600
2,2,True,366,200–400
2,1,False,271,200–400
6,6,True,481,400–600
2,2,True,213,200–400
2,6,False,1211,>1200
1,1,True,393,200–400
3,2,False,286,200–400
3,3,True,300,200–400
2,2,True,229,200–400
4,4,True,526,400–600
2,2,True,219,200–400
6,3,False,306,200–400
6,4,False,306,200–400
3,3,True,157,<200
2,2,True,476,400–600
2,1,False,541,400–600
1,1,True,474,400–600
4,4,True,269,200–400
1,1,True,497,400–600
3,3,True,2116,>1200
1,1,True,529,400–600
2,3,False,228,200–400
2,2,True,345,200–400
2,2,True,141,<200
2,1,False,622,600–800
1,1,True,500,400–600
2,3,False,776,600–800
2,2,True,363,200–400
2,2,True,361,200–400
2,2,True,230,200–400
6,6,True,581,400–600
3,2,False,291,200–400
5,5,True,305,200–400
2,3,False,201,200–400
2,2,True,364,200–400
3,3,True,254,200–400
2,2,True,174,<200
2,2,True,402,400–600
3,3,True,146,<200
1,1,True,257,200–400
2,1,False,495,400–600
1,1,True,243,200–400
6,6,True,697,600–800
3,6,False,857,800–1200
3,2,False,409,400–600
6,6,True,429,400–600
1,1,True,336,200–400
3,3,True,488,400–600
1,1,True,419,400–600
3,3,True,111,<200
2,2,True,343,200–400
5,5,True,244,200–400
4,4,True,366,200–400
6,6,True,816,800–1200
3,2,False,263,200–400
1,1,True,363,200–400
2,3,False,172,<200
2,2,True,405,400–600
3,3,True,532,400–600
3,3,True,152,<200
2,2,True,1070,800–1200
2,3,False,196,<200
1,1,True,275,200–400
6,6,True,493,400–600
2,3,False,111,<200
3,3,True,100,<200
1,1,True,244,200–400
3,3,True,152,<200
4,3,False,168,<200
6,6,True,419,400–600
3,3,True,447,400–600
6,6,True,450,400–600
6,6,True,477,400–600
2,2,True,214,200–400
2,1,False,346,200–400
3,3,True,155,<200
3,3,True,258,200–400
1,1,True,492,400–600
1,2,False,187,<200
3,3,True,259,200–400
2,2,True,516,400–600
3,3,True,1039,800–1200
4,4,True,163,<200
2,2,True,193,<200
2,4,False,164,<200
3,3,True,186,<200
6,6,True,508,400–600
3,3,True,229,200–400
5,5,True,568,400–600
3,3,True,511,400–600
2,2,True,429,400–600
4,4,True,127,<200
3,3,True,376,200–400
3,3,True,169,<200
5,1,False,350,200–400
2,2,True,477,400–600
2,2,True,328,200–400
2,2,True,212,200–400
3,1,False,454,400–600
2,2,True,295,200–400
3,3,True,279,200–400
2,2,True,154,<200
1,3,False,147,<200
2,2,True,155,<200
2,2,True,341,200–400
2,2,True,446,400–600
3,2,False,438,400–600
4,2,False,317,200–400
2,3,False,290,200–400
1,1,True,164,<200
2,2,True,359,200–400
2,2,True,281,200–400
3,3,True,133,<200
2,2,True,267,200–400
6,2,False,377,200–400
2,2,True,806,800–1200
2,2,True,160,<200
4,4,True,293,200–400
4,4,True,352,200–400
2,2,True,332,200–400
4,4,True,160,<200
2,2,True,214,200–400
3,1,False,427,400–600
2,1,False,468,400–600
3,3,True,387,200–400
3,3,True,305,200–400
3,6,False,431,400–600
2,2,True,199,<200
6,6,True,561,400–600
2,2,True,495,400–600
5,5,True,280,200–400
1,1,True,314,200–400
2,2,True,249,200–400
3,2,False,180,<200
2,2,True,425,400–600
2,3,False,195,<200
5,5,True,379,200–400
2,2,True,529,400–600
4,4,True,96,<200
2,2,True,145,<200
3,3,True,1481,>1200
2,2,True,273,200–400
3,3,True,180,<200
2,2,True,353,200–400
2,2,True,299,200–400
2,2,True,351,200–400
2,2,True,195,<200
2,4,False,133,<200
3,3,True,356,200–400
4,4,True,157,<200
3,3,True,145,<200
2,2,True,258,200–400
2,3,False,747,600–800
3,3,True,218,200–400
3,3,True,167,<200
1,1,True,271,200–400
2,2,True,72,<200
1,1,True,136,<200
1,1,True,300,200–400
3,3,True,212,200–400
3,2,False,617,600–800
2,2,True,221,200–400
2,2,True,404,400–600
2,2,True,498,400–600
6,6,True,275,200–400
3,3,True,152,<200
1,2,False,326,200–400
2,2,True,509,400–600
3,1,False,475,400–600
6,6,True,424,400–600
1,1,True,501,400–600
1,1,True,734,600–800
4,4,True,331,200–400
3,3,True,1138,800–1200
1,1,True,338,200–400
2,1,False,407,400–600
4,4,True,554,400–600
2,2,True,741,600–800
3,3,True,296,200–400
1,1,True,471,400–600
2,2,True,454,400–600
3,3,True,1451,>1200
4,4,True,195,<200
1,1,True,315,200–400
2,2,True,722,600–800
3,6,False,638,600–800
1,2,False,483,400–600
2,2,True,209,200–400
3,2,False,300,200–400
3,2,False,353,200–400
2,1,False,211,200–400
3,2,False,356,200–400
2,2,True,517,400–600
3,3,True,205,200–400
2,2,True,141,<200
2,2,True,351,200–400
3,2,False,334,200–400
2,2,True,681,600–800
3,3,True,162,<200
2,2,True,315,200–400
1,1,True,347,200–400
3,3,True,225,200–400
6,6,True,501,400–600
3,3,True,390,200–400
2,5,False,451,400–600
2,2,True,303,200–400
1,1,True,570,400–600
3,3,True,174,<200
6,6,True,944,800–1200
2,4,False,309,200–400
1,1,True,284,200–400
5,5,True,354,200–400
4,4,True,619,600–800
2,5,False,232,200–400
2,2,True,714,600–800
2,2,True,580,400–600
4,4,True,443,400–600
1,1,True,332,200–400
3,4,False,202,200–400
2,2,True,342,200–400
1,1,True,337,200–400
3,3,True,265,200–400
2,1,False,492,400–600
1,1,True,503,400–600
6,6,True,452,400–600
2,2,True,249,200–400
1,1,True,335,200–400
2,2,True,340,200–400
2,5,False,302,200–400
2,2,True,231,200–400
2,2,True,249,200–400
2,2,True,272,200–400
4,4,True,384,200–400
6,6,True,284,200–400
2,2,True,441,400–600
2,2,True,416,400–600
4,4,True,344,200–400
2,2,True,315,200–400
6,6,True,699,600–800
3,3,True,1288,>1200
3,3,True,118,<200
4,3,False,278,200–400
5,5,True,540,400–600
2,4,False,254,200–400
2,2,True,342,200–400
2,2,True,193,<200
2,5,False,451,400–600
3,3,True,506,400–600
1,2,False,316,200–400
3,3,True,274,200–400
2,2,True,1572,>1200
2,2,True,347,200–400
1,3,False,546,400–600
3,3,True,152,<200
2,1,False,326,200–400
2,2,True,390,200–400
3,3,True,267,200–400
6,6,True,542,400–600
3,6,False,505,400–600
2,4,False,416,400–600
4,2,False,323,200–400
2,2,True,303,200–400
6,6,True,426,400–600
3,3,True,258,200–400
3,3,True,765,600–800
2,6,False,729,600–800
4,4,True,989,800–1200
2,2,True,338,200–400
1,2,False,322,200–400
3,3,True,854,800–1200
1,2,False,283,200–400
1,1,True,329,200–400
3,3,True,699,600–800
1,5,False,242,200–400
6,6,True,349,200–400
1,1,True,392,200–400
3,3,True,911,800–1200
3,1,False,323,200–400
2,2,True,387,200–400
3,2,False,346,200–400
6,6,True,531,400–600
2,5,False,679,600–800
2,2,True,257,200–400
3,3,True,620,600–800
6,6,True,752,600–800
1,1,True,382,200–400
1,1,True,296,200–400
2,2,True,142,<200
1,2,False,354,200–400
2,3,False,227,200–400
4,4,True,474,400–600
6,6,True,254,200–400
3,1,False,645,600–800
2,2,True,384,200–400
6,6,True,642,600–800
2,2,True,156,<200
2,2,True,286,200–400
4,4,True,196,<200
2,5,False,207,200–400
2,1,False,378,200–400
6,6,True,382,200–400
6,1,False,334,200–400
3,2,False,353,200–400
3,3,True,110,<200
2,2,True,354,200–400
2,2,True,331,200–400
6,6,True,537,400–600
2,2,True,1303,>1200
6,6,True,554,400–600
1,1,True,317,200–400
1,1,True,453,400–600
1,1,True,373,200–400
2,2,True,282,200–400
2,2,True,217,200–400
2,4,False,639,600–800
1,6,False,579,400–600
2,2,True,2471,>1200
5,5,True,445,400–600
4,4,True,157,<200
5,5,True,483,400–600
1,1,True,376,200–400
3,2,False,522,400–600
2,2,True,383,200–400
2,3,False,169,<200
2,2,True,354,200–400
4,3,False,177,<200
2,3,False,227,200–400
2,2,True,251,200–400
2,1,False,334,200–400
6,6,True,463,400–600
3,3,True,247,200–400
4,4,True,425,400–600
2,2,True,218,200–400
3,3,True,199,<200
5,5,True,255,200–400
2,2,True,360,200–400
4,4,True,268,200–400
6,2,False,557,400–600
6,6,True,451,400–600
2,2,True,315,200–400
3,3,True,505,400–600
2,2,True,367,200–400
4,4,True,171,<200
3,3,True,3424,>1200
1,1,True,253,200–400
3,3,True,583,400–600
3,4,False,235,200–400
4,4,True,617,600–800
4,4,True,225,200–400
6,6,True,574,400–600
2,4,False,373,200–400
6,6,True,449,400–600
3,3,True,185,<200
1,1,True,767,600–800
6,6,True,402,400–600
3,2,False,345,200–400
2,3,False,209,200–400
4,1,False,603,600–800
3,3,True,184,<200
3,5,False,637,600–800
2,2,True,931,800–1200
3,3,True,1262,>1200
1,1,True,588,400–600
2,2,True,1402,>1200
2,2,True,515,400–600
3,3,True,247,200–400
2,2,True,348,200–400
2,3,False,161,<200
2,1,False,301,200–400
3,2,False,348,200–400
6,6,True,417,400–600
3,1,False,319,200–400
4,4,True,160,<200
2,2,True,181,<200
2,1,False,347,200–400
3,1,False,536,400–600
3,3,True,418,400–600
2,3,False,143,<200
4,4,True,294,200–400
3,2,False,374,200–400
3,2,False,265,200–400
6,6,True,465,400–600
6,6,True,685,600–800
1,1,True,360,200–400
5,5,True,266,200–400
3,6,False,830,800–1200
3,3,True,156,<200
6,6,True,482,400–600
2,2,True,762,600–800
1,1,True,436,400–600
2,3,False,987,800–1200
1,2,False,209,200–400
3,3,True,726,600–800
2,2,True,208,200–400
3,3,True,275,200–400
6,6,True,525,400–600
2,1,False,572,400–600
4,4,True,208,200–400
3,3,True,761,600–800
5,5,True,430,400–600
4,4,True,300,200–400
4,2,False,317,200–400
3,3,True,100,<200
2,2,True,171,<200
6,6,True,577,400–600
3,3,True,255,200–400
3,6,False,585,400–600
5,5,True,182,<200
1,1,True,326,200–400
1,6,False,526,400–600
1,2,False,312,200–400
2,2,True,289,200–400
4,4,True,357,200–400
2,2,True,230,200–400
1,1,True,267,200–400
3,3,True,1016,800–1200
2,2,True,656,600–800
6,6,True,476,400–600
3,2,False,288,200–400
3,3,True,194,<200
6,6,True,357,200–400
2,1,False,347,200–400
3,3,True,261,200–400
6,6,True,884,800–1200
3,3,True,189,<200
3,3,True,394,200–400
2,1,False,380,200–400
3,3,True,571,400–600
2,2,True,148,<200
3,3,True,785,600–800
5,5,True,254,200–400
3,2,False,939,800–1200
3,3,True,597,400–600
3,3,True,351,200–400
6,6,True,426,400–600
2,2,True,371,200–400
6,6,True,228,200–400
1,1,True,610,600–800
6,6,True,430,400–600
6,6,True,282,200–400
2,2,True,445,400–600
2,3,False,434,400–600
2,2,True,391,200–400
2,2,True,171,<200
2,2,True,227,200–400
2,1,False,409,400–600
2,2,True,764,600–800
4,4,True,200,<200
3,3,True,613,600–800
4,4,True,156,<200
6,6,True,398,200–400
2,2,True,309,200–400
4,4,True,154,<200
2,5,False,408,400–600
6,4,False,383,200–400
3,3,True,279,200–400
2,1,False,685,600–800
3,4,False,197,<200
6,6,True,518,400–600
1,1,True,329,200–400
2,5,False,251,200–400
1,1,True,252,200–400
2,2,True,190,<200
2,2,True,244,200–400
1,1,True,254,200–400
1,1,True,337,200–400
5,5,True,99,<200
3,3,True,350,200–400
4,4,True,469,400–600
2,2,True,934,800–1200
2,2,True,329,200–400
1,1,True,750,600–800
1,5,False,356,200–400
5,5,True,350,200–400
1,2,False,332,200–400
2,2,True,194,<200
3,3,True,445,400–600
6,6,True,948,800–1200
5,5,True,454,400–600
4,4,True,320,200–400
4,4,True,425,400–600
4,4,True,609,600–800
2,2,True,397,200–400
5,5,True,227,200–400
2,2,True,241,200–400
4,4,True,290,200–400
6,6,True,868,800–1200
3,3,True,338,200–400
3,3,True,246,200–400
3,3,True,274,200–400
2,2,True,420,400–600
2,2,True,233,200–400
4,4,True,377,200–400
5,1,False,467,400–600
2,3,False,73,<200
3,3,True,203,200–400
2,2,True,740,600–800
6,6,True,403,400–600
2,1,False,305,200–400
4,2,False,478,400–600
2,1,False,530,400–600
5,5,True,63,<200
3,6,False,720,600–800
3,3,True,96,<200
1,1,True,213,200–400
3,4,False,216,200–400
2,2,True,926,800–1200
3,3,True,232,200–400
2,5,False,254,200–400
6,6,True,488,400–600
5,6,False,435,400–600
2,2,True,316,200–400
2,2,True,273,200–400
2,2,True,405,400–600
5,1,False,329,200–400
3,3,True,540,400–600
1,1,True,308,200–400
2,2,True,2430,>1200
3,2,False,1098,800–1200
2,2,True,365,200–400
2,5,False,360,200–400
2,2,True,451,400–600
6,6,True,491,400–600
2,2,True,232,200–400
6,6,True,325,200–400
4,4,True,359,200–400
6,6,True,347,200–400
6,6,True,426,400–600
2,2,True,183,<200
3,3,True,200,<200
6,6,True,301,200–400
5,5,True,246,200–400
4,2,False,276,200–400
3,3,True,969,800–1200
1,1,True,218,200–400
3,1,False,389,200–400
2,2,True,565,400–600
3,3,True,729,600–800
3,3,True,174,<200
2,1,False,333,200–400
2,2,True,626,600–800
2,2,True,363,200–400
3,3,True,169,<200
2,2,True,295,200–400
3,3,True,1906,>1200
1,6,False,507,400–600
6,6,True,235,200–400
2,2,True,337,200–400
2,2,True,453,400–600
4,4,True,161,<200
3,6,False,836,800–1200
6,6,True,423,400–600
3,3,True,168,<200
6,3,False,257,200–400
2,2,True,300,200–400
2,2,True,177,<200
1,1,True,447,400–600
3,1,False,396,200–400
2,2,True,334,200–400
4,4,True,215,200–400
6,6,True,692,600–800
2,2,True,549,400–600
3,3,True,271,200–400
4,4,True,393,200–400
3,3,True,223,200–400
3,3,True,511,400–600
2,2,True,697,600–800
3,4,False,488,400–600
5,5,True,269,200–400
4,4,True,966,800–1200
3,5,False,362,200–400
2,2,True,192,<200
5,5,True,140,<200
3,3,True,250,200–400
2,2,True,381,200–400
3,3,True,1097,800–1200
3,3,True,100,<200
2,2,True,1370,>1200
3,3,True,732,600–800
1,6,False,559,400–600
2,2,True,715,600–800
3,3,True,913,800–1200
4,4,True,482,400–600
2,2,True,1371,>1200
3,3,True,264,200–400
2,3,False,175,<200
2,2,True,382,200–400
2,2,True,282,200–400
3,3,True,445,400–600
3,1,False,357,200–400
4,4,True,426,400–600
5,6,False,413,400–600
4,6,False,434,400–600
3,1,False,322,200–400
5,5,True,446,400–600
6,6,True,635,600–800
2,4,False,150,<200
2,2,True,345,200–400
3,3,True,143,<200
3,3,True,231,200–400
2,2,True,250,200–400
2,5,False,518,400–600
2,3,False,201,200–400
5,5,True,439,400–600
6,6,True,347,200–400
2,2,True,345,200–400
2,2,True,295,200–400
1,1,True,285,200–400
4,4,True,573,400–600
2,5,False,250,200–400
2,2,True,290,200–400
3,3,True,887,800–1200
2,2,True,313,200–400
1,1,True,340,200–400
1,6,False,513,400–600
6,6,True,403,400–600
1,1,True,420,400–600
2,2,True,423,400–600
1,1,True,357,200–400
3,2,False,388,200–400
2,2,True,219,200–400
3,2,False,555,400–600
2,2,True,1374,>1200
3,3,True,100,<200
2,2,True,362,200–400
3,3,True,440,400–600
2,2,True,333,200–400
3,1,False,646,600–800
2,2,True,417,400–600
2,2,True,358,200–400
1,1,True,381,200–400
2,1,False,459,400–600
3,3,True,190,<200
2,2,True,1322,>1200
2,2,True,334,200–400
6,6,True,476,400–600
4,4,True,162,<200
6,6,True,493,400–600
3,6,False,390,200–400
4,6,False,373,200–400
5,5,True,555,400–600
6,6,True,228,200–400
4,4,True,294,200–400
3,3,True,447,400–600
2,2,True,255,200–400
4,4,True,152,<200
3,1,False,506,400–600
2,2,True,189,<200
3,3,True,140,<200
3,3,True,73,<200
1,1,True,224,200–400
4,3,False,128,<200
3,5,False,446,400–600
3,3,True,95,<200
3,3,True,610,600–800
4,2,False,362,200–400
1,1,True,300,200–400
2,2,True,93,<200
4,4,True,127,<200
2,2,True,250,200–400
2,1,False,529,400–600
2,1,False,533,400–600
6,6,True,469,400–600
1,1,True,348,200–400
3,3,True,383,200–400
1,1,True,341,200–400
3,3,True,860,800–1200
2,2,True,343,200–400
3,2,False,312,200–400
2,3,False,296,200–400
5,5,True,164,<200
6,2,False,5641,>1200
2,1,False,536,400–600
2,2,True,638,600–800
2,2,True,156,<200
3,3,True,157,<200
1,1,True,407,400–600
6,6,True,668,600–800
3,2,False,256,200–400
2,2,True,260,200–400
3,3,True,565,400–600
2,2,True,734,600–800
3,3,True,104,<200
2,2,True,207,200–400
6,6,True,455,400–600
2,2,True,1387,>1200
1,1,True,208,200–400
2,1,False,319,200–400
3,3,True,181,<200
1,1,True,257,200–400
1,1,True,434,400–600
3,3,True,280,200–400
2,2,True,292,200–400
3,3,True,266,200–400
3,3,True,616,600–800
2,2,True,159,<200
2,2,True,273,200–400
2,2,True,201,200–400
4,4,True,198,<200
4,4,True,510,400–600
2,2,True,404,400–600
2,2,True,380,200–400
1,1,True,334,200–400
2,1,False,330,200–400
2,2,True,93,<200
2,2,True,1498,>1200
2,2,True,408,400–600
2,1,False,409,400–600
4,1,False,632,600–800
2,2,True,397,200–400
2,3,False,595,400–600
4,4,True,554,400–600
2,2,True,474,400–600
3,3,True,910,800–1200
2,2,True,365,200–400
2,2,True,370,200–400
1,1,True,341,200–400
2,2,True,463,400–600
2,2,True,271,200–400
3,3,True,342,200–400
5,5,True,591,400–600
2,2,True,227,200–400
2,1,False,411,400–600
2,1,False,573,400–600
1,3,False,745,600–800
3,2,False,276,200–400
2,2,True,119,<200
1,1,True,514,400–600
3,5,False,479,400–600
3,6,False,442,400–600
2,2,True,371,200–400
3,1,False,344,200–400
4,4,True,537,400–600
4,4,True,256,200–400
2,2,True,397,200–400
2,2,True,215,200–400
4,4,True,153,<200
3,4,False,119,<200
6,6,True,635,600–800
3,3,True,198,<200
1,1,True,363,200–400
3,6,False,1068,800–1200
6,6,True,661,600–800
5,3,False,208,200–400
3,3,True,519,400–600
6,6,True,677,600–800
4,4,True,475,400–600
4,4,True,260,200–400
5,3,False,205,200–400
2,2,True,275,200–400
2,2,True,359,200–400
2,1,False,318,200–400
4,4,True,562,400–600
5,5,True,403,400–600
2,2,True,449,400–600
5,2,False,308,200–400
2,6,False,762,600–800
1,1,True,262,200–400
6,6,True,399,200–400
3,3,True,276,200–400
2,2,True,155,<200
4,4,True,487,400–600
1,3,False,559,400–600
3,3,True,229,200–400
1,1,True,449,400–600
1,1,True,509,400–600
3,3,True,204,200–400
2,6,False,734,600–800
4,6,False,474,400–600
2,2,True,856,800–1200
3,3,True,670,600–800
2,1,False,419,400–600
6,6,True,541,400–600
2,2,True,471,400–600
2,2,True,534,400–600
4,4,True,130,<200
3,3,True,364,200–400
5,2,False,325,200–400
3,3,True,184,<200
2,2,True,259,200–400
6,6,True,860,800–1200
2,2,True,273,200–400
5,5,True,218,200–400
3,6,False,295,200–400
5,5,True,244,200–400
2,2,True,389,200–400
2,2,True,213,200–400
1,6,False,567,400–600
3,1,False,663,600–800
2,2,True,246,200–400
2,2,True,744,600–800
1,1,True,309,200–400
2,2,True,237,200–400
6,6,True,880,800–1200
1,1,True,368,200–400
6,6,True,525,400–600
6,3,False,1051,800–1200
3,3,True,314,200–400
3,3,True,176,<200
1,1,True,2002,>1200
2,2,True,262,200–400
3,3,True,379,200–400
4,4,True,362,200–400
2,2,True,495,400–600
3,4,False,441,400–600
3,3,True,440,400–600
3,3,True,375,200–400
3,3,True,314,200–400
1,1,True,776,600–800
2,2,True,977,800–1200
2,2,True,188,<200
6,6,True,605,600–800
2,2,True,213,200–400
2,2,True,288,200–400
3,3,True,158,<200
2,6,False,449,400–600
3,3,True,287,200–400
1,1,True,956,800–1200
3,3,True,189,<200
2,2,True,458,400–600
6,6,True,458,400–600
2,2,True,516,400–600
3,3,True,251,200–400
2,1,False,319,200–400
2,2,True,469,400–600
1,1,True,349,200–400
6,6,True,650,600–800
3,3,True,231,200–400
3,3,True,349,200–400
3,3,True,213,200–400
4,4,True,157,<200
2,2,True,361,200–400
2,2,True,261,200–400
2,2,True,352,200–400
3,3,True,376,200–400
6,6,True,449,400–600
3,3,True,101,<200
2,4,False,318,200–400
6,6,True,804,800–1200
2,2,True,212,200–400
3,3,True,1306,>1200
3,3,True,117,<200
4,4,True,152,<200
1,6,False,450,400–600
2,2,True,297,200–400
4,2,False,363,200–400
5,5,True,440,400–600
3,3,True,242,200–400
2,3,False,442,400–600
1,1,True,207,200–400
1,1,True,579,400–600
2,2,True,334,200–400
3,3,True,240,200–400
3,3,True,223,200–400
2,2,True,291,200–400
2,2,True,460,400–600
4,4,True,241,200–400
2,3,False,243,200–400
4,4,True,475,400–600
3,3,True,261,200–400
5,5,True,240,200–400
4,4,True,292,200–400
5,5,True,439,400–600
2,2,True,439,400–600
4,4,True,414,400–600
2,2,True,384,200–400
3,1,False,354,200–400
4,4,True,878,800–1200
4,4,True,467,400–600
3,3,True,152,<200
4,4,True,354,200–400
1,1,True,176,<200
2,4,False,298,200–400
5,2,False,365,200–400
1,1,True,301,200–400
2,1,False,530,400–600
3,3,True,161,<200
3,6,False,569,400–600
4,4,True,335,200–400
4,4,True,477,400–600
2,3,False,802,800–1200
2,3,False,875,800–1200
2,2,True,252,200–400
4,4,True,354,200–400
3,3,True,329,200–400
6,6,True,682,600–800
6,6,True,95,<200
4,4,True,464,400–600
2,3,False,632,600–800
3,4,False,201,200–400
1,1,True,421,400–600
4,4,True,469,400–600
3,3,True,497,400–600
6,6,True,399,200–400
5,5,True,540,400–600
6,6,True,1064,800–1200
3,4,False,146,<200
3,3,True,452,400–600
4,4,True,243,200–400
6,1,False,667,600–800
1,1,True,386,200–400
2,2,True,243,200–400
5,5,True,349,200–400
3,2,False,3122,>1200
2,4,False,305,200–400
3,3,True,503,400–600
4,4,True,563,400–600
4,4,True,493,400–600
2,2,True,195,<200
2,2,True,317,200–400
1,5,False,418,400–600
2,1,False,414,400–600
3,3,True,201,200–400
6,6,True,355,200–400
2,2,True,250,200–400
3,3,True,469,400–600
3,3,True,824,800–1200
1,6,False,501,400–600
3,3,True,158,<200
3,3,True,490,400–600
2,5,False,405,400–600
2,3,False,192,<200
1,1,True,350,200–400
3,5,False,512,400–600
6,6,True,225,200–400
5,5,True,301,200–400
4,4,True,297,200–400
1,1,True,399,200–400
3,2,False,250,200–400
5,5,True,386,200–400
1,1,True,334,200–400
3,3,True,267,200–400
4,4,True,536,400–600
5,5,True,435,400–600
3,3,True,294,200–400
2,2,True,506,400–600
4,3,False,252,200–400
3,3,True,401,400–600
2,2,True,379,200–400
3,3,True,373,200–400
2,3,False,1582,>1200
3,3,True,383,200–400
3,3,True,649,600–800
4,4,True,339,200–400
2,3,False,539,400–600
2,2,True,506,400–600
2,2,True,215,200–400
2,1,False,424,400–600
2,2,True,248,200–400
1,1,True,199,<200
1,2,False,191,<200
1,1,True,583,400–600
5,4,False,313,200–400
3,3,True,268,200–400
2,2,True,569,400–600
1,1,True,428,400–600
2,2,True,520,400–600
2,2,True,308,200–400
2,2,True,293,200–400
6,6,True,864,800–1200
1,1,True,322,200–400
2,2,True,318,200–400
2,2,True,393,200–400
2,2,True,310,200–400
3,3,True,446,400–600
2,2,True,707,600–800
5,5,True,429,400–600
3,3,True,225,200–400
3,2,False,945,800–1200
3,3,True,121,<200
2,2,True,310,200–400
1,1,True,416,400–600
1,1,True,561,400–600
2,2,True,395,200–400
3,3,True,149,<200
6,6,True,423,400–600
2,2,True,473,400–600
1,1,True,181,<200
2,2,True,464,400–600
3,3,True,353,200–400
3,3,True,394,200–400
6,2,False,268,200–400
2,2,True,307,200–400
4,4,True,216,200–400
2,4,False,221,200–400
2,2,True,1210,>1200
2,2,True,314,200–400
2,2,True,122,<200
3,6,False,414,400–600
3,1,False,301,200–400
2,3,False,76,<200
6,2,False,223,200–400
4,4,True,611,600–800
3,3,True,699,600–800
1,4,False,450,400–600
6,6,True,959,800–1200
4,4,True,335,200–400
2,2,True,421,400–600
1,1,True,450,400–600
3,3,True,551,400–600
5,5,True,104,<200
2,2,True,365,200–400
3,3,True,465,400–600
6,6,True,438,400–600
2,5,False,446,400–600
6,6,True,301,200–400
2,2,True,1377,>1200
2,1,False,246,200–400
5,5,True,454,400–600
2,4,False,240,200–400
1,1,True,516,400–600
3,3,True,485,400–600
6,6,True,415,400–600
1,4,False,205,200–400
3,3,True,543,400–600
2,2,True,500,400–600
2,2,True,196,<200
3,3,True,532,400–600
3,3,True,258,200–400
1,1,True,340,200–400
1,1,True,393,200–400
6,6,True,349,200–400
3,3,True,134,<200
3,3,True,259,200–400
2,2,True,243,200–400
6,6,True,442,400–600
3,1,False,386,200–400
2,2,True,363,200–400
6,6,True,683,600–800
2,2,True,289,200–400
2,2,True,317,200–400
2,2,True,372,200–400
3,3,True,429,400–600
3,3,True,335,200–400
2,2,True,319,200–400
3,3,True,190,<200
5,5,True,284,200–400
6,6,True,431,400–600
3,4,False,461,400–600
2,2,True,198,<200
2,2,True,289,200–400
3,3,True,634,600–800
2,2,True,243,200–400
2,1,False,497,400–600
3,3,True,626,600–800
2,2,True,387,200–400
2,2,True,298,200–400
5,5,True,396,200–400
4,4,True,152,<200
2,2,True,620,600–800
2,2,True,421,400–600
2,2,True,91,<200
2,2,True,387,200–400
2,2,True,380,200–400
3,3,True,200,<200
2,2,True,239,200–400
6,6,True,428,400–600
2,2,True,303,200–400
2,3,False,1198,800–1200
5,5,True,187,<200
1,1,True,319,200–400
2,2,True,615,600–800
1,1,True,396,200–400
3,3,True,1787,>1200
3,3,True,282,200–400
2,2,True,377,200–400
1,3,False,496,400–600
4,4,True,175,<200
1,1,True,358,200–400
2,2,True,451,400–600
1,1,True,338,200–400
2,2,True,275,200–400
2,2,True,309,200–400
2,2,True,415,400–600
3,3,True,223,200–400
3,4,False,162,<200
2,2,True,244,200–400
2,2,True,417,400–600
2,4,False,370,200–400
6,6,True,501,400–600
6,6,True,479,400–600
2,2,True,787,600–800
2,2,True,312,200–400
1,3,False,259,200–400
4,4,True,143,<200
2,2,True,327,200–400
2,3,False,699,600–800
2,2,True,212,200–400
2,2,True,1921,>1200
2,2,True,370,200–400
6,1,False,425,400–600
3,3,True,207,200–400
1,1,True,431,400–600
6,6,True,281,200–400
2,2,True,125,<200
1,1,True,270,200–400
2,2,True,206,200–400
3,3,True,340,200–400
6,6,True,478,400–600
3,3,True,493,400–600
6,6,True,801,800–1200
2,2,True,701,600–800
2,2,True,133,<200
5,3,False,442,400–600
3,3,True,182,<200
2,1,False,335,200–400
6,6,True,501,400–600
3,2,False,132,<200
6,6,True,450,400–600
2,1,False,369,200–400
2,2,True,339,200–400
2,2,True,309,200–400
6,6,True,299,200–400
3,3,True,266,200–400
5,5,True,218,200–400
3,3,True,596,400–600
2,2,True,2422,>1200
1,1,True,330,200–400
2,2,True,1193,800–1200
6,6,True,589,400–600
1,1,True,348,200–400
2,2,True,343,200–400
3,1,False,310,200–400
1,1,True,404,400–600
6,3,False,241,200–400
2,1,False,271,200–400
6,6,True,806,800–1200
3,3,True,755,600–800
2,3,False,1209,>1200
2,2,True,429,400–600
6,6,True,500,400–600
2,2,True,654,600–800
1,1,True,755,600–800
1,1,True,208,200–400
3,3,True,428,400–600
6,6,True,969,800–1200
6,6,True,466,400–600
2,2,True,771,600–800
2,2,True,296,200–400
4,4,True,320,200–400
1,1,True,334,200–400
4,4,True,167,<200
2,4,False,509,400–600
1,1,True,357,200–400
3,3,True,176,<200
2,2,True,429,400–600
4,4,True,252,200–400
2,3,False,231,200–400
4,4,True,299,200–400
2,2,True,1955,>1200
2,6,False,618,600–800
2,3,False,606,600–800
2,2,True,361,200–400
2,6,False,593,400–600
3,3,True,1055,800–1200
2,2,True,215,200–400
4,4,True,306,200–400
3,3,True,266,200–400
6,5,False,310,200–400
2,2,True,156,<200
5,3,False,219,200–400
5,5,True,243,200–400
1,1,True,172,<200
2,2,True,332,200–400
6,6,True,437,400–600
3,3,True,499,400–600
1,1,True,361,200–400
4,4,True,267,200–400
2,1,False,422,400–600
3,3,True,408,400–600
3,3,True,136,<200
3,3,True,276,200–400
3,3,True,153,<200
6,6,True,581,400–600
2,2,True,327,200–400
3,3,True,378,200–400
2,2,True,449,400–600
2,2,True,501,400–600
4,2,False,507,400–600
3,3,True,366,200–400
3,3,True,513,400–600
3,3,True,390,200–400
2,2,True,371,200–400
2,2,True,206,200–400
1,5,False,371,200–400
2,2,True,323,200–400
3,3,True,211,200–400
1,2,False,345,200–400
5,5,True,226,200–400
3,3,True,119,<200
1,1,True,332,200–400
4,4,True,559,400–600
6,6,True,939,800–1200
3,3,True,403,400–600
4,4,True,365,200–400
3,3,True,295,200–400
5,5,True,226,200–400
2,5,False,214,200–400
4,3,False,574,400–600
1,1,True,484,400–600
6,6,True,600,400–600
5,1,False,399,200–400
1,1,True,887,800–1200
2,2,True,317,200–400
1,1,True,320,200–400
3,3,True,596,400–600
4,4,True,357,200–400
2,2,True,288,200–400
2,1,False,414,400–600
2,1,False,729,600–800
2,2,True,295,200–400
3,3,True,602,600–800
2,2,True,360,200–400
3,3,True,285,200–400
2,3,False,366,200–400
3,3,True,187,<200
1,1,True,760,600–800
6,6,True,376,200–400
1,1,True,513,400–600
3,3,True,265,200–400
3,3,True,481,400–600
6,6,True,456,400–600
2,2,True,400,200–400
3,3,True,248,200–400
1,1,True,1331,>1200
2,2,True,268,200–400
2,2,True,443,400–600
2,4,False,216,200–400
5,5,True,333,200–400
3,3,True,579,400–600
2,2,True,284,200–400
2,2,True,907,800–1200
4,3,False,270,200–400
6,1,False,578,400–600
2,1,False,354,200–400
3,3,True,156,<200
3,3,True,251,200–400
2,2,True,239,200–400
2,2,True,278,200–400
1,1,True,334,200–400
3,5,False,463,400–600
6,6,True,466,400–600
2,4,False,525,400–600
2,2,True,448,400–600
3,2,False,406,400–600
4,4,True,270,200–400
1,1,True,332,200–400
1,1,True,286,200–400
3,1,False,311,200–400
1,1,True,742,600–800
2,2,True,265,200–400
6,6,True,345,200–400
1,1,True,391,200–400
3,3,True,532,400–600
6,4,False,452,400–600
1,1,True,332,200–400
2,2,True,855,800–1200
2,2,True,155,<200
5,5,True,423,400–600
3,3,True,313,200–400
6,6,True,651,600–800
6,6,True,457,400–600
2,2,True,424,400–600
1,1,True,500,400–600
2,5,False,314,200–400
6,6,True,585,400–600
4,4,True,334,200–400
1,1,True,490,400–600
3,3,True,375,200–400
2,1,False,310,200–400
1,1,True,383,200–400
2,2,True,375,200–400
5,2,False,135,<200
6,6,True,232,200–400
2,1,False,375,200–400
1,1,True,332,200–400
6,6,True,872,800–1200
5,5,True,427,400–600
2,1,False,318,200–400
1,1,True,336,200–400
6,6,True,546,400–600
3,3,True,410,400–600
2,2,True,209,200–400
2,1,False,575,400–600
3,3,True,975,800–1200
2,2,True,772,600–800
3,3,True,309,200–400
2,2,True,381,200–400
6,6,True,95,<200
3,2,False,261,200–400
2,2,True,376,200–400
4,4,True,192,<200
2,2,True,343,200–400
2,2,True,336,200–400
1,1,True,506,400–600
2,1,False,284,200–400
2,2,True,211,200–400
6,6,True,667,600–800
2,1,False,270,200–400
2,2,True,161,<200
3,3,True,136,<200
1,5,False,443,400–600
3,3,True,208,200–400
2,2,True,305,200–400
2,2,True,348,200–400
3,3,True,717,600–800
2,2,True,276,200–400
1,1,True,242,200–400
3,3,True,452,400–600
1,1,True,627,600–800
4,4,True,271,200–400
2,5,False,218,200–400
1,1,True,263,200–400
2,2,True,283,200–400
3,3,True,238,200–400
3,3,True,255,200–400
3,3,True,331,200–400
3,3,True,143,<200
4,4,True,97,<200
3,3,True,304,200–400
2,2,True,241,200–400
6,6,True,480,400–600
6,6,True,879,800–1200
1,1,True,465,400–600
6,6,True,345,200–400
6,6,True,588,400–600
1,1,True,490,400–600
1,1,True,340,200–400
5,5,True,387,200–400
2,2,True,385,200–400
3,3,True,308,200–400
2,2,True,319,200–400
2,2,True,373,200–400
2,2,True,413,400–600
5,6,False,718,600–800
4,4,True,228,200–400
3,3,True,169,<200
4,3,False,1010,800–1200
3,3,True,174,<200
3,2,False,730,600–800
1,1,True,340,200–400
2,2,True,148,<200
6,6,True,603,600–800
3,3,True,215,200–400
5,3,False,429,400–600
6,6,True,517,400–600
3,3,True,124,<200
2,2,True,316,200–400
6,6,True,469,400–600
2,2,True,722,600–800
1,1,True,324,200–400
1,1,True,664,600–800
2,1,False,646,600–800
2,2,True,296,200–400
2,3,False,878,800–1200
2,2,True,364,200–400
5,5,True,267,200–400
3,3,True,502,400–600
2,2,True,264,200–400
2,2,True,170,<200
1,3,False,281,200–400
3,3,True,362,200–400
6,2,False,329,200–400
4,2,False,406,400–600
3,3,True,147,<200
6,6,True,555,400–600
2,1,False,525,400–600
2,2,True,380,200–400
1,1,True,565,400–600
2,4,False,189,<200
4,5,False,359,200–400
6,6,True,930,800–1200
6,6,True,906,800–1200
2,2,True,294,200–400
2,2,True,318,200–400
1,1,True,416,400–600
6,6,True,453,400–600
2,2,True,418,400–600
1,1,True,151,<200
1,1,True,448,400–600
3,3,True,253,200–400
2,1,False,581,400–600
3,4,False,157,<200
1,1,True,366,200–400
4,2,False,333,200–400
6,6,True,518,400–600
2,2,True,143,<200
2,2,True,204,200–400
3,3,True,771,600–800
3,3,True,805,800–1200
2,2,True,122,<200
3,3,True,356,200–400
2,2,True,328,200–400
3,1,False,312,200–400
3,3,True,617,600–800
3,3,True,547,400–600
2,1,False,395,200–400
3,3,True,70,<200
1,1,True,332,200–400
1,1,True,478,400–600
6,6,True,391,200–400
4,4,True,192,<200
3,3,True,471,400–600
6,6,True,447,400–600
5,1,False,358,200–400
1,1,True,315,200–400
4,4,True,218,200–400
6,6,True,544,400–600
2,4,False,266,200–400
2,2,True,650,600–800
2,2,True,215,200–400
5,5,True,234,200–400
6,6,True,430,400–600
6,6,True,416,400–600
2,2,True,286,200–400
2,2,True,1392,>1200
6,4,False,286,200–400
2,2,True,384,200–400
6,6,True,499,400–600
3,3,True,757,600–800
6,1,False,349,200–400
2,2,True,248,200–400
4,4,True,466,400–600
3,3,True,138,<200
5,5,True,249,200–400
4,4,True,289,200–400
2,2,True,251,200–400
5,5,True,260,200–400
6,6,True,723,600–800
2,2,True,163,<200
3,3,True,1167,800–1200
3,3,True,229,200–400
2,2,True,718,600–800
3,2,False,450,400–600
2,3,False,213,200–400
3,3,True,419,400–600
3,3,True,91,<200
2,2,True,314,200–400
3,3,True,291,200–400
6,6,True,803,800–1200
2,5,False,454,400–600
2,2,True,315,200–400
2,2,True,342,200–400
6,6,True,764,600–800
6,6,True,651,600–800
1,3,False,200,<200
4,4,True,160,<200
2,3,False,1063,800–1200
1,1,True,531,400–600
4,4,True,261,200–400
3,3,True,265,200–400
2,2,True,277,200–400
3,3,True,516,400–600
3,2,False,241,200–400
2,2,True,390,200–400
4,4,True,214,200–400
2,2,True,465,400–600
2,3,False,271,200–400
2,2,True,263,200–400
3,3,True,199,<200
3,3,True,196,<200
2,2,True,404,400–600
2,2,True,317,200–400
5,5,True,245,200–400
2,1,False,503,400–600
4,4,True,210,200–400
4,4,True,293,200–400
4,2,False,371,200–400
3,3,True,772,600–800
4,2,False,811,800–1200
4,4,True,262,200–400
1,3,False,282,200–400
3,2,False,201,200–400
6,6,True,469,400–600
2,4,False,436,400–600
6,6,True,879,800–1200
4,4,True,181,<200
1,1,True,231,200–400
6,6,True,453,400–600
3,4,False,290,200–400
3,1,False,555,400–600
3,3,True,172,<200
2,3,False,269,200–400
6,6,True,576,400–600
3,1,False,445,400–600
2,2,True,224,200–400
2,3,False,126,<200
3,3,True,465,400–600
6,6,True,634,600–800
6,6,True,491,400–600
6,6,True,552,400–600
5,4,False,151,<200
3,3,True,332,200–400
2,2,True,137,<200
2,2,True,647,600–800
2,3,False,1098,800–1200
6,6,True,819,800–1200
5,5,True,243,200–400
2,2,True,324,200–400
2,2,True,237,200–400
3,3,True,3414,>1200
2,2,True,106,<200
6,6,True,334,200–400
2,2,True,356,200–400
3,3,True,105,<200
4,3,False,341,200–400
4,4,True,471,400–600
4,3,False,394,200–400
2,2,True,411,400–600
2,2,True,676,600–800
2,2,True,500,400–600
1,1,True,349,200–400
2,3,False,352,200–400
6,6,True,2324,>1200
3,1,False,343,200–400
6,6,True,581,400–600
2,2,True,427,400–600
2,2,True,680,600–800
1,3,False,141,<200
2,1,False,373,200–400
3,3,True,786,600–800
3,3,True,147,<200
3,3,True,470,400–600
2,2,True,283,200–400
3,3,True,211,200–400
3,3,True,463,400–600
5,2,False,357,200–400
2,2,True,300,200–400
2,2,True,457,400–600
6,6,True,833,800–1200
2,2,True,436,400–600
5,5,True,248,200–400
2,5,False,259,200–400
2,2,True,274,200–400
3,3,True,603,600–800
2,2,True,246,200–400
2,1,False,327,200–400
2,2,True,474,400–600
1,1,True,369,200–400
2,3,False,295,200–400
2,2,True,202,200–400
2,3,False,248,200–400
6,6,True,400,200–400
6,6,True,293,200–400
4,5,False,679,600–800
6,6,True,399,200–400
6,6,True,595,400–600
3,2,False,558,400–600
5,5,True,255,200–400
1,1,True,727,600–800
3,3,True,352,200–400
2,2,True,248,200–400
6,6,True,968,800–1200
1,1,True,374,200–400
2,3,False,790,600–800
3,3,True,185,<200
4,4,True,361,200–400
5,1,False,587,400–600
5,5,True,406,400–600
3,1,False,406,400–600
2,2,True,384,200–400
2,2,True,286,200–400
2,2,True,494,400–600
6,6,True,293,200–400
1,1,True,370,200–400
6,6,True,228,200–400
2,2,True,284,200–400
2,2,True,419,400–600
2,1,False,294,200–400
3,3,True,577,400–600
3,2,False,1621,>1200
2,2,True,163,<200
2,2,True,332,200–400
2,2,True,216,200–400
3,6,False,374,200–400
3,3,True,522,400–600
2,2,True,255,200–400
4,4,True,616,600–800
1,1,True,490,400–600
3,3,True,620,600–800
3,3,True,1114,800–1200
4,4,True,158,<200
6,6,True,556,400–600
1,1,True,388,200–400
3,2,False,645,600–800
2,5,False,246,200–400
2,2,True,1378,>1200
3,3,True,528,400–600
2,2,True,290,200–400
2,2,True,90,<200
2,2,True,212,200–400
6,2,False,689,600–800
3,3,True,306,200–400
3,3,True,2582,>1200
2,1,False,481,400–600
6,6,True,1059,800–1200
5,5,True,295,200–400
1,1,True,274,200–400
6,6,True,537,400–600
2,2,True,208,200–400
1,1,True,317,200–400
2,2,True,247,200–400
5,5,True,161,<200
1,5,False,847,800–1200
4,4,True,147,<200
2,2,True,355,200–400
3,3,True,829,800–1200
1,6,False,394,200–400
3,3,True,658,600–800
1,1,True,516,400–600
3,3,True,300,200–400
2,2,True,510,400–600
3,3,True,496,400–600
3,1,False,345,200–400
2,5,False,302,200–400
2,3,False,223,200–400
2,2,True,160,<200
6,3,False,504,400–600
4,4,True,168,<200
1,1,True,570,400–600
2,2,True,429,400–600
6,6,True,481,400–600
2,2,True,268,200–400
6,6,True,475,400–600
3,4,False,142,<200
1,1,True,329,200–400
3,3,True,480,400–600
2,2,True,212,200–400
2,2,True,276,200–400
2,2,True,314,200–400
3,3,True,505,400–600
2,2,True,972,800–1200
2,2,True,544,400–600
2,2,True,473,400–600
5,5,True,257,200–400
2,2,True,797,600–800
4,4,True,194,<200
3,3,True,301,200–400
3,3,True,149,<200
6,1,False,397,200–400
1,1,True,433,400–600
3,3,True,322,200–400
1,5,False,446,400–600
2,4,False,259,200–400
2,2,True,159,<200
2,1,False,391,200–400
4,4,True,361,200–400
4,4,True,215,200–400
4,4,True,202,200–400
2,2,True,207,200–400
1,4,False,229,200–400
1,1,True,98,<200
4,4,True,394,200–400
5,4,False,262,200–400
3,3,True,339,200–400
2,2,True,1162,800–1200
3,3,True,214,200–400
4,4,True,287,200–400
3,4,False,162,<200
5,5,True,446,400–600
6,6,True,343,200–400
1,4,False,157,<200
2,2,True,257,200–400
1,1,True,337,200–400
2,2,True,160,<200
2,2,True,364,200–400
3,3,True,324,200–400
2,1,False,492,400–600
3,3,True,659,600–800
3,3,True,140,<200
2,2,True,373,200–400
6,6,True,570,400–600
3,3,True,164,<200
6,6,True,98,<200
4,4,True,469,400–600
3,2,False,3421,>1200
2,2,True,643,600–800
3,3,True,221,200–400
3,3,True,269,200–400
2,2,True,239,200–400
1,1,True,695,600–800
3,3,True,174,<200
3,3,True,184,<200
1,4,False,445,400–600
2,2,True,403,400–600
3,2,False,260,200–400
1,1,True,734,600–800
2,2,True,476,400–600
2,2,True,448,400–600
2,2,True,405,400–600
3,2,False,261,200–400
4,4,True,295,200–400
1,1,True,355,200–400
2,5,False,464,400–600
4,4,True,361,200–400
3,2,False,382,200–400
1,1,True,172,<200
3,3,True,434,400–600
2,2,True,388,200–400
3,3,True,252,200–400
2,2,True,245,200–400
1,1,True,383,200–400
2,2,True,335,200–400
2,2,True,288,200–400
2,2,True,313,200–400
4,2,False,291,200–400
2,2,True,208,200–400
1,3,False,422,400–600
2,2,True,262,200–400
2,2,True,378,200–400
2,2,True,423,400–600
2,4,False,171,<200
3,3,True,260,200–400
1,1,True,398,200–400
3,3,True,360,200–400
4,1,False,420,400–600
5,5,True,278,200–400
5,5,True,847,800–1200
3,3,True,443,400–600
5,5,True,426,400–600
2,2,True,206,200–400
3,3,True,388,200–400
4,4,True,130,<200
2,2,True,264,200–400
3,3,True,314,200–400
4,4,True,220,200–400
3,3,True,468,400–600
2,2,True,364,200–400
2,2,True,556,400–600
3,3,True,199,<200
1,1,True,515,400–600
2,2,True,644,600–800
3,3,True,280,200–400
2,2,True,614,600–800
6,6,True,953,800–1200
2,1,False,378,200–400
2,2,True,299,200–400
2,3,False,189,<200
1,1,True,320,200–400
5,5,True,206,200–400
4,4,True,291,200–400
2,2,True,180,<200
1,1,True,277,200–400
1,1,True,356,200–400
2,3,False,212,200–400
1,3,False,730,600–800
3,3,True,418,400–600
1,1,True,567,400–600
1,1,True,281,200–400
2,3,False,178,<200
2,2,True,307,200–400
6,6,True,535,400–600
6,6,True,676,600–800
3,3,True,520,400–600
2,2,True,1406,>1200
3,3,True,467,400–600
2,2,True,308,200–400
3,3,True,446,400–600
3,3,True,296,200–400
3,3,True,100,<200
4,4,True,164,<200
1,3,False,698,600–800
3,3,True,125,<200
2,4,False,192,<200
2,2,True,159,<200
4,4,True,325,200–400
3,3,True,794,600–800
2,2,True,316,200–400
4,4,True,491,400–600
4,3,False,177,<200
2,2,True,1355,>1200
2,5,False,240,200–400
4,3,False,386,200–400
3,3,True,171,<200
2,6,False,485,400–600
4,4,True,585,400–600
2,2,True,711,600–800
4,4,True,627,600–800
1,1,True,417,400–600
6,6,True,882,800–1200
3,3,True,231,200–400
3,1,False,293,200–400
1,5,False,249,200–400
2,2,True,457,400–600
2,2,True,185,<200
2,2,True,1404,>1200
3,3,True,370,200–400
2,6,False,474,400–600
1,2,False,543,400–600
2,2,True,282,200–400
1,5,False,340,200–400
3,3,True,261,200–400
3,3,True,305,200–400
2,4,False,175,<200
3,3,True,242,200–400
3,3,True,385,200–400
6,1,False,469,400–600
3,3,True,410,400–600
4,4,True,320,200–400
3,3,True,182,<200
2,2,True,142,<200
3,3,True,205,200–400
6,6,True,643,600–800
2,1,False,329,200–400
2,2,True,461,400–600
2,2,True,474,400–600
4,4,True,345,200–400
2,2,True,778,600–800
6,6,True,345,200–400
3,4,False,246,200–400
5,5,True,293,200–400
6,6,True,217,200–400
5,5,True,514,400–600
6,6,True,474,400–600
5,5,True,305,200–400
5,5,True,247,200–400
3,2,False,230,200–400
4,4,True,352,200–400
1,1,True,332,200–400
3,3,True,150,<200
3,3,True,172,<200
2,2,True,356,200–400
3,2,False,381,200–400
3,3,True,501,400–600
3,3,True,774,600–800
3,3,True,259,200–400
6,6,True,480,400–600
3,3,True,410,400–600
3,3,True,410,400–600
4,4,True,322,200–400
3,1,False,640,600–800
4,4,True,491,400–600
3,3,True,1121,800–1200
3,3,True,281,200–400
3,3,True,101,<200
5,5,True,346,200–400
3,3,True,598,400–600
2,2,True,384,200–400
1,1,True,395,200–400
2,2,True,310,200–400
3,3,True,919,800–1200
3,3,True,155,<200
6,6,True,448,400–600
5,5,True,244,200–400
3,3,True,793,600–800
2,4,False,324,200–400
2,4,False,147,<200
6,6,True,453,400–600
2,2,True,897,800–1200
1,5,False,230,200–400
4,4,True,888,800–1200
2,3,False,201,200–400
1,2,False,501,400–600
5,5,True,248,200–400
2,2,True,374,200–400
5,5,True,432,400–600
4,4,True,258,200–400
2,2,True,165,<200
6,6,True,771,600–800
2,2,True,426,400–600
2,2,True,275,200–400
4,4,True,1597,>1200
4,4,True,419,400–600
6,6,True,865,800–1200
1,1,True,695,600–800
2,2,True,74,<200
3,3,True,271,200–400
4,4,True,264,200–400
6,6,True,676,600–800
2,2,True,510,400–600
1,1,True,759,600–800
1,1,True,975,800–1200
2,2,True,212,200–400
1,1,True,366,200–400
2,2,True,694,600–800
1,1,True,170,<200
2,2,True,1153,800–1200
6,6,True,389,200–400
3,5,False,362,200–400
6,6,True,485,400–600
2,2,True,476,400–600
4,4,True,168,<200
2,2,True,203,200–400
4,4,True,320,200–400
6,6,True,341,200–400
5,5,True,458,400–600
3,3,True,507,400–600
2,1,False,420,400–600
2,2,True,246,200–400
3,3,True,228,200–400
2,2,True,308,200–400
3,3,True,1034,800–1200
4,4,True,170,<200
3,3,True,486,400–600
3,5,False,441,400–600
2,2,True,308,200–400
6,5,False,409,400–600
6,6,True,452,400–600
1,1,True,576,400–600
4,4,True,210,200–400
3,3,True,792,600–800
2,6,False,547,400–600
2,2,True,367,200–400
2,2,True,413,400–600
4,4,True,254,200–400
1,1,True,380,200–400
6,6,True,511,400–600
2,2,True,342,200–400
4,4,True,365,200–400
6,6,True,876,800–1200
1,5,False,208,200–400
6,1,False,338,200–400
5,5,True,440,400–600
2,2,True,371,200–400
6,6,True,386,200–400
4,4,True,465,400–600
6,6,True,800,600–800
3,2,False,295,200–400
3,3,True,594,400–600
6,6,True,633,600–800
2,4,False,276,200–400
3,3,True,363,200–400
3,3,True,493,400–600
6,4,False,236,200–400
5,5,True,438,400–600
4,4,True,298,200–400
1,1,True,486,400–600
2,2,True,211,200–400
2,1,False,465,400–600
2,2,True,300,200–400
4,1,False,521,400–600
4,4,True,259,200–400
3,2,False,305,200–400
6,6,True,283,200–400
4,4,True,296,200–400
2,1,False,263,200–400
1,3,False,1000,800–1200
2,3,False,647,600–800
2,2,True,1075,800–1200
2,2,True,219,200–400
3,3,True,440,400–600
3,3,True,192,<200
1,1,True,417,400–600
2,4,False,234,200–400
2,4,False,395,200–400
3,3,True,345,200–400
6,6,True,571,400–600
6,2,False,325,200–400
1,1,True,367,200–400
5,5,True,160,<200
2,1,False,316,200–400
1,1,True,200,<200
2,2,True,177,<200
1,1,True,831,800–1200
1,1,True,383,200–400
3,1,False,482,400–600
2,2,True,394,200–400
3,3,True,149,<200
4,4,True,878,800–1200
1,1,True,417,400–600
2,2,True,722,600–800
4,4,True,158,<200
5,5,True,228,200–400
2,2,True,143,<200
2,2,True,405,400–600
6,2,False,409,400–600
2,2,True,254,200–400
3,3,True,276,200–400
2,2,True,231,200–400
6,6,True,430,400–600
2,2,True,456,400–600
2,2,True,381,200–400
2,2,True,347,200–400
1,1,True,249,200–400
6,6,True,535,400–600
4,4,True,149,<200
2,2,True,312,200–400
3,4,False,184,<200
3,3,True,827,800–1200
1,1,True,501,400–600
2,2,True,356,200–400
2,3,False,254,200–400
3,3,True,550,400–600
2,2,True,1207,>1200
2,2,True,375,200–400
3,3,True,339,200–400
1,1,True,394,200–400
3,6,False,441,400–600
2,2,True,375,200–400
1,1,True,347,200–400
2,2,True,304,200–400
3,3,True,868,800–1200
2,2,True,482,400–600
6,6,True,1043,800–1200
2,2,True,369,200–400
3,3,True,365,200–400
2,2,True,934,800–1200
2,2,True,298,200–400
3,1,False,496,400–600
6,6,True,488,400–600
3,2,False,250,200–400
2,2,True,393,200–400
2,2,True,380,200–400
4,4,True,251,200–400
1,1,True,237,200–400
6,6,True,448,400–600
1,1,True,412,400–600
2,2,True,359,200–400
1,2,False,312,200–400
6,6,True,347,200–400
2,2,True,405,400–600
3,3,True,220,200–400
2,2,True,305,200–400
3,3,True,145,<200
3,3,True,219,200–400
4,4,True,295,200–400
2,2,True,542,400–600
4,4,True,222,200–400
2,2,True,210,200–400
2,2,True,320,200–400
3,5,False,236,200–400
3,3,True,195,<200
2,3,False,236,200–400
2,2,True,416,400–600
3,3,True,390,200–400
2,2,True,729,600–800
3,3,True,716,600–800
1,2,False,363,200–400
3,3,True,411,400–600
3,3,True,189,<200
3,3,True,543,400–600
6,1,False,371,200–400
2,2,True,669,600–800
4,4,True,189,<200
6,6,True,1059,800–1200
2,2,True,409,400–600
1,1,True,261,200–400
4,4,True,343,200–400
2,2,True,327,200–400
2,2,True,481,400–600
1,1,True,341,200–400
1,1,True,414,400–600
2,2,True,281,200–400
3,3,True,190,<200
4,3,False,381,200–400
3,1,False,339,200–400
2,2,True,238,200–400
3,3,True,213,200–400
2,2,True,452,400–600
4,4,True,520,400–600
4,4,True,361,200–400
3,1,False,354,200–400
3,3,True,1278,>1200
2,2,True,269,200–400
2,2,True,271,200–400
5,5,True,504,400–600
3,3,True,388,200–400
5,5,True,104,<200
3,3,True,596,400–600
4,4,True,259,200–400
3,3,True,224,200–400
2,2,True,441,400–600
2,2,True,249,200–400
6,6,True,879,800–1200
6,6,True,463,400–600
3,3,True,296,200–400
4,4,True,320,200–400
3,1,False,481,400–600
2,2,True,577,400–600
2,1,False,375,200–400
2,2,True,365,200–400
3,3,True,259,200–400
3,3,True,141,<200
3,3,True,508,400–600
3,3,True,421,400–600
3,3,True,569,400–600
2,2,True,312,200–400
2,1,False,559,400–600
2,2,True,322,200–400
2,1,False,253,200–400
6,6,True,683,600–800
2,2,True,412,400–600
2,2,True,301,200–400
4,4,True,430,400–600
4,4,True,258,200–400
3,3,True,201,200–400
3,3,True,170,<200
6,6,True,459,400–600
2,1,False,268,200–400
2,2,True,248,200–400
3,3,True,968,800–1200
2,2,True,313,200–400
4,4,True,267,200–400
3,3,True,1202,>1200
2,2,True,622,600–800
3,3,True,770,600–800
2,2,True,361,200–400
3,3,True,272,200–400
1,1,True,737,600–800
4,4,True,267,200–400
2,2,True,301,200–400
2,2,True,372,200–400
2,2,True,240,200–400
2,2,True,1208,>1200
1,5,False,442,400–600
3,1,False,513,400–600
2,2,True,476,400–600
6,6,True,577,400–600
2,2,True,297,200–400
2,2,True,228,200–400
1,1,True,222,200–400
4,4,True,456,400–600
2,2,True,176,<200
6,6,True,464,400–600
2,2,True,635,600–800
3,3,True,276,200–400
4,4,True,535,400–600
4,4,True,197,<200
1,1,True,235,200–400
2,2,True,396,200–400
3,3,True,607,600–800
4,6,False,550,400–600
3,3,True,105,<200
6,6,True,305,200–400
2,2,True,349,200–400
1,3,False,161,<200
3,3,True,335,200–400
4,2,False,257,200–400
6,6,True,637,600–800
6,6,True,570,400–600
2,2,True,339,200–400
6,6,True,676,600–800
2,2,True,355,200–400
2,2,True,332,200–400
2,4,False,190,<200
3,3,True,260,200–400
2,2,True,387,200–400
4,4,True,355,200–400
3,3,True,84,<200
1,1,True,343,200–400
1,1,True,464,400–600
3,3,True,145,<200
4,4,True,112,<200
3,3,True,403,400–600
2,3,False,166,<200
4,4,True,129,<200
3,3,True,232,200–400
2,2,True,387,200–400
2,2,True,264,200–400
3,3,True,386,200–400
3,2,False,230,200–400
6,6,True,279,200–400
1,1,True,414,400–600
3,3,True,565,400–600
2,2,True,374,200–400
6,5,False,461,400–600
3,6,False,790,600–800
6,6,True,498,400–600
2,2,True,218,200–400
3,2,False,204,200–400
3,3,True,107,<200
3,3,True,643,600–800
4,4,True,160,<200
2,2,True,312,200–400
2,2,True,476,400–600
3,3,True,281,200–400
2,2,True,325,200–400
3,3,True,772,600–800
4,1,False,436,400–600
2,1,False,286,200–400
2,2,True,331,200–400
1,2,False,623,600–800
2,3,False,609,600–800
2,2,True,2208,>1200
6,2,False,1110,800–1200
3,2,False,278,200–400
4,4,True,364,200–400
3,1,False,414,400–600
2,2,True,396,200–400
3,3,True,171,<200
5,5,True,342,200–400
1,1,True,497,400–600
2,5,False,401,400–600
3,3,True,729,600–800
3,3,True,318,200–400
2,2,True,393,200–400
4,4,True,167,<200
2,2,True,338,200–400
3,3,True,442,400–600
6,6,True,901,800–1200
3,2,False,342,200–400
5,5,True,247,200–400
3,3,True,95,<200
3,3,True,263,200–400
1,1,True,337,200–400
2,1,False,456,400–600
5,5,True,214,200–400
2,2,True,702,600–800
3,3,True,100,<200
3,3,True,611,600–800
2,1,False,350,200–400
1,1,True,394,200–400
6,6,True,516,400–600
2,1,False,165,<200
3,3,True,572,400–600
1,1,True,212,200–400
5,5,True,549,400–600
5,5,True,510,400–600
2,2,True,312,200–400
2,2,True,411,400–600
2,2,True,238,200–400
3,3,True,338,200–400
6,6,True,882,800–1200
1,1,True,212,200–400
2,2,True,230,200–400
6,6,True,485,400–600
6,6,True,426,400–600
1,2,False,383,200–400
2,2,True,238,200–400
1,1,True,558,400–600
2,2,True,93,<200
1,2,False,209,200–400
6,6,True,480,400–600
5,5,True,445,400–600
3,2,False,185,<200
1,1,True,423,400–600
2,2,True,308,200–400
1,1,True,565,400–600
2,2,True,479,400–600
1,1,True,325,200–400
4,4,True,434,400–600
1,1,True,292,200–400
3,3,True,931,800–1200
1,1,True,546,400–600
4,4,True,350,200–400
1,1,True,847,800–1200
4,4,True,400,200–400
6,6,True,352,200–400
3,3,True,270,200–400
2,2,True,1342,>1200
3,6,False,790,600–800
3,3,True,407,400–600
2,2,True,244,200–400
2,4,False,231,200–400
2,2,True,207,200–400
5,5,True,349,200–400
1,1,True,284,200–400
2,3,False,95,<200
1,6,False,1527,>1200
2,2,True,457,400–600
5,5,True,292,200–400
2,5,False,125,<200
3,3,True,142,<200
3,3,True,171,<200
2,2,True,429,400–600
3,2,False,964,800–1200
3,3,True,148,<200
5,5,True,278,200–400
3,5,False,254,200–400
3,3,True,315,200–400
2,2,True,241,200–400
1,1,True,339,200–400
3,5,False,347,200–400
2,2,True,339,200–400
6,6,True,687,600–800
2,1,False,468,400–600
1,1,True,455,400–600
6,6,True,468,400–600
1,3,False,526,400–600
1,1,True,339,200–400
4,4,True,489,400–600
2,2,True,330,200–400
2,2,True,381,200–400
2,2,True,222,200–400
3,3,True,705,600–800
3,3,True,205,200–400
3,3,True,696,600–800
6,2,False,213,200–400
1,1,True,353,200–400
1,1,True,492,400–600
6,6,True,425,400–600
3,2,False,761,600–800
1,2,False,322,200–400
6,6,True,932,800–1200
3,3,True,229,200–400
6,6,True,278,200–400
4,4,True,265,200–400
3,4,False,343,200–400
5,5,True,403,400–600
3,3,True,389,200–400
3,3,True,264,200–400
1,2,False,338,200–400
3,5,False,398,200–400
2,2,True,294,200–400
3,1,False,547,400–600
2,2,True,414,400–600
2,2,True,327,200–400
3,2,False,579,400–600
4,4,True,230,200–400
2,2,True,509,400–600
3,1,False,521,400–600
2,2,True,346,200–400
2,5,False,178,<200
2,3,False,1423,>1200
1,1,True,505,400–600
4,4,True,191,<200
6,6,True,571,400–600
3,4,False,600,400–600
4,4,True,350,200–400
2,2,True,688,600–800
2,2,True,258,200–400
1,1,True,361,200–400
4,4,True,218,200–400
2,2,True,700,600–800
6,6,True,597,400–600
2,2,True,1001,800–1200
2,2,True,126,<200
2,2,True,225,200–400
2,3,False,210,200–400
2,2,True,214,200–400
6,6,True,572,400–600
1,1,True,951,800–1200
2,2,True,291,200–400
2,2,True,208,200–400
6,6,True,419,400–600
2,2,True,531,400–600
5,5,True,404,400–600
3,3,True,605,600–800
3,3,True,181,<200
3,3,True,282,200–400
2,2,True,239,200–400
5,5,True,251,200–400
6,6,True,442,400–600
6,6,True,372,200–400
6,6,True,699,600–800
1,1,True,358,200–400
5,5,True,270,200–400
3,3,True,370,200–400
4,4,True,261,200–400
4,4,True,714,600–800
2,1,False,362,200–400
4,4,True,140,<200
2,2,True,357,200–400
4,4,True,355,200–400
2,2,True,487,400–600
5,5,True,249,200–400
2,3,False,839,800–1200
2,2,True,144,<200
1,1,True,417,400–600
2,2,True,569,400–600
4,4,True,194,<200
2,5,False,318,200–400
2,3,False,340,200–400
6,3,False,710,600–800
4,1,False,564,400–600
2,2,True,380,200–400
2,2,True,753,600–800
3,3,True,623,600–800
1,1,True,352,200–400
3,3,True,290,200–400
2,2,True,280,200–400
3,3,True,368,200–400
2,6,False,584,400–600
1,2,False,396,200–400
2,2,True,344,200–400
2,2,True,257,200–400
4,4,True,198,<200
6,6,True,487,400–600
3,3,True,269,200–400
2,1,False,505,400–600
2,2,True,344,200–400
2,2,True,598,400–600
2,2,True,299,200–400
3,3,True,403,400–600
1,2,False,397,200–400
5,5,True,549,400–600
2,2,True,347,200–400
2,2,True,406,400–600
4,4,True,512,400–600
4,4,True,224,200–400
2,2,True,208,200–400
2,2,True,1378,>1200
6,6,True,504,400–600
2,2,True,2470,>1200
3,3,True,487,400–600
4,4,True,263,200–400
3,3,True,100,<200
1,5,False,254,200–400
2,5,False,214,200–400
3,3,True,461,400–600
1,3,False,168,<200
2,2,True,228,200–400
2,2,True,339,200–400
2,2,True,394,200–400
1,1,True,157,<200
6,6,True,425,400–600
6,6,True,432,400–600
2,2,True,556,400–600
2,6,False,476,400–600
3,3,True,201,200–400
2,3,False,862,800–1200
6,6,True,495,400–600
1,1,True,348,200–400
2,6,False,982,800–1200
1,1,True,362,200–400
6,6,True,672,600–800
2,2,True,446,400–600
1,3,False,618,600–800
4,3,False,190,<200
3,3,True,292,200–400
2,3,False,351,200–400
3,3,True,305,200–400
2,2,True,292,200–400
3,4,False,156,<200
1,1,True,285,200–400
2,2,True,1297,>1200
2,2,True,217,200–400
2,2,True,389,200–400
4,4,True,419,400–600
3,3,True,190,<200
1,1,True,399,200–400
1,1,True,199,<200
1,1,True,354,200–400
6,6,True,815,800–1200
2,2,True,446,400–600
2,2,True,253,200–400
3,3,True,296,200–400
3,3,True,236,200–400
2,2,True,220,200–400
6,6,True,491,400–600
2,2,True,193,<200
5,2,False,208,200–400
1,3,False,176,<200
4,4,True,341,200–400
2,2,True,624,600–800
2,1,False,398,200–400
2,2,True,370,200–400
4,4,True,150,<200
3,3,True,241,200–400
2,2,True,575,400–600
3,3,True,991,800–1200
2,2,True,315,200–400
2,2,True,364,200–400
2,3,False,700,600–800
3,3,True,557,400–600
2,2,True,424,400–600
1,1,True,347,200–400
1,1,True,380,200–400
6,6,True,487,400–600
4,4,True,165,<200
3,3,True,146,<200
4,4,True,729,600–800
3,1,False,356,200–400
6,6,True,721,600–800
3,3,True,414,400–600
2,2,True,308,200–400
2,2,True,288,200–400
3,3,True,1499,>1200
2,3,False,755,600–800
6,6,True,455,400–600
6,6,True,471,400–600
2,2,True,385,200–400
2,2,True,342,200–400
2,2,True,221,200–400
1,3,False,183,<200
3,3,True,466,400–600
1,1,True,565,400–600
3,3,True,400,200–400
5,5,True,480,400–600
3,3,True,187,<200
2,3,False,333,200–400
3,3,True,323,200–400
1,1,True,302,200–400
2,2,True,307,200–400
3,3,True,260,200–400
2,2,True,528,400–600
2,2,True,216,200–400
1,1,True,288,200–400
1,1,True,265,200–400
1,1,True,426,400–600
2,2,True,1184,800–1200
4,6,False,489,400–600
1,5,False,126,<200
1,1,True,316,200–400
1,4,False,50,<200
3,3,True,251,200–400
6,6,True,428,400–600
3,3,True,164,<200
1,1,True,286,200–400
4,4,True,261,200–400
2,6,False,462,400–600
2,1,False,406,400–600
4,4,True,368,200–400
4,4,True,518,400–600
6,6,True,504,400–600
1,1,True,132,<200
1,1,True,267,200–400
4,4,True,209,200–400
6,6,True,571,400–600
2,2,True,408,400–600
1,1,True,346,200–400
3,3,True,768,600–800
3,3,True,511,400–600
2,2,True,257,200–400
2,2,True,259,200–400
3,3,True,226,200–400
6,6,True,398,200–400
4,3,False,789,600–800
1,1,True,421,400–600
2,2,True,365,200–400
1,1,True,362,200–400
2,3,False,196,<200
2,2,True,677,600–800
3,3,True,95,<200
5,5,True,302,200–400
2,2,True,486,400–600
3,2,False,345,200–400
3,2,False,852,800–1200
1,1,True,363,200–400
2,2,True,222,200–400
4,4,True,301,200–400
3,3,True,465,400–600
5,5,True,427,400–600
3,1,False,303,200–400
6,6,True,592,400–600
4,4,True,294,200–400
1,1,True,500,400–600
1,1,True,339,200–400
6,6,True,301,200–400
2,1,False,338,200–400
5,5,True,346,200–400
2,2,True,545,400–600
3,6,False,520,400–600
3,3,True,319,200–400
3,3,True,267,200–400
4,4,True,366,200–400
2,2,True,399,200–400
6,6,True,371,200–400
3,3,True,418,400–600
3,3,True,2347,>1200
6,6,True,453,400–600
5,5,True,289,200–400
6,6,True,453,400–600
3,3,True,78,<200
6,6,True,600,400–600
2,2,True,1088,800–1200
3,3,True,598,400–600
4,4,True,437,400–600
3,3,True,214,200–400
3,2,False,207,200–400
2,2,True,280,200–400
3,3,True,404,400–600
2,2,True,311,200–400
6,3,False,165,<200
1,1,True,325,200–400
3,3,True,635,600–800
2,2,True,510,400–600
3,5,False,250,200–400
1,6,False,559,400–600
2,2,True,301,200–400
2,4,False,146,<200
3,3,True,568,400–600
2,2,True,193,<200
2,2,True,301,200–400
4,5,False,226,200–400
2,2,True,1225,>1200
2,2,True,216,200–400
1,1,True,496,400–600
2,2,True,340,200–400
6,6,True,1185,800–1200
2,1,False,305,200–400
1,1,True,487,400–600
6,6,True,570,400–600
2,2,True,297,200–400
1,1,True,139,<200
2,1,False,408,400–600
2,2,True,319,200–400
3,3,True,289,200–400
6,6,True,970,800–1200
1,1,True,254,200–400
3,3,True,253,200–400
5,4,False,152,<200
2,2,True,607,600–800
1,1,True,337,200–400
6,6,True,570,400–600
3,3,True,83,<200
2,2,True,946,800–1200
6,6,True,438,400–600
1,1,True,314,200–400
2,2,True,437,400–600
2,2,True,427,400–600
2,2,True,349,200–400
5,5,True,251,200–400
3,3,True,4085,>1200
4,2,False,377,200–400
3,3,True,138,<200
2,2,True,456,400–600
4,4,True,167,<200
2,2,True,318,200–400
6,6,True,465,400–600
3,2,False,210,200–400
2,2,True,160,<200
4,4,True,104,<200
4,4,True,444,400–600
2,2,True,409,400–600
2,6,False,567,400–600
2,3,False,179,<200
1,1,True,491,400–600
6,1,False,424,400–600
1,4,False,282,200–400
1,1,True,494,400–600
4,4,True,388,200–400
1,1,True,180,<200
1,1,True,323,200–400
4,4,True,126,<200
4,4,True,425,400–600
3,2,False,311,200–400
3,3,True,454,400–600
2,2,True,338,200–400
6,6,True,471,400–600
6,6,True,340,200–400
6,6,True,100,<200
2,2,True,357,200–400
2,2,True,280,200–400
2,3,False,409,400–600
3,3,True,830,800–1200
2,2,True,319,200–400
2,2,True,744,600–800
3,1,False,287,200–400
2,2,True,696,600–800
2,2,True,297,200–400
3,3,True,123,<200
2,1,False,266,200–400
3,3,True,233,200–400
2,2,True,288,200–400
1,1,True,312,200–400
2,2,True,195,<200
2,2,True,300,200–400
3,3,True,767,600–800
3,2,False,258,200–400
2,2,True,415,400–600
3,3,True,713,600–800
2,2,True,283,200–400
6,1,False,353,200–400
1,1,True,504,400–600
6,6,True,471,400–600
2,2,True,369,200–400
2,2,True,366,200–400
2,4,False,172,<200
5,5,True,285,200–400
1,1,True,218,200–400
3,1,False,528,400–600
1,1,True,439,400–600
2,2,True,321,200–400
3,3,True,104,<200
2,2,True,299,200–400
3,1,False,395,200–400
3,3,True,265,200–400
2,5,False,248,200–400
2,2,True,183,<200
2,2,True,247,200–400
2,2,True,529,400–600
4,4,True,354,200–400
2,2,True,360,200–400
2,2,True,330,200–400
1,1,True,447,400–600
2,2,True,143,<200
2,2,True,403,400–600
3,3,True,1724,>1200
3,3,True,250,200–400
1,1,True,931,800–1200
3,3,True,499,400–600
6,6,True,493,400–600
1,1,True,331,200–400
2,2,True,196,<200
4,2,False,256,200–400
2,2,True,718,600–800
5,5,True,403,400–600
3,3,True,193,<200
2,2,True,324,200–400
2,2,True,183,<200
2,2,True,301,200–400
3,2,False,323,200–400
4,4,True,572,400–600
2,3,False,276,200–400
2,2,True,339,200–400
1,1,True,337,200–400
2,2,True,288,200–400
1,1,True,340,200–400
2,2,True,515,400–600
1,2,False,297,200–400
4,4,True,185,<200
1,1,True,479,400–600
2,2,True,419,400–600
3,4,False,136,<200
2,2,True,467,400–600
2,2,True,312,200–400
6,6,True,561,400–600
2,2,True,535,400–600
2,2,True,170,<200
2,2,True,393,200–400
4,4,True,258,200–400
2,2,True,251,200–400
3,3,True,152,<200
4,2,False,258,200–400
2,4,False,158,<200
3,3,True,311,200–400
2,2,True,1286,>1200
6,6,True,283,200–400
2,2,True,490,400–600
6,6,True,559,400–600
3,2,False,239,200–400
6,6,True,885,800–1200
2,2,True,476,400–600
2,2,True,337,200–400
2,1,False,457,400–600
1,1,True,327,200–400
1,1,True,299,200–400
2,2,True,240,200–400
2,2,True,224,200–400
6,6,True,295,200–400
3,3,True,536,400–600
2,2,True,419,400–600
3,3,True,233,200–400
2,2,True,207,200–400
2,2,True,526,400–600
3,3,True,201,200–400
2,2,True,389,200–400
1,1,True,730,600–800
4,4,True,358,200–400
5,5,True,349,200–400
5,5,True,451,400–600
2,2,True,1132,800–1200
2,4,False,158,<200
3,3,True,166,<200
3,3,True,600,400–600
6,6,True,446,400–600
2,2,True,736,600–800
3,3,True,363,200–400
3,2,False,313,200–400
6,6,True,454,400–600
2,1,False,488,400–600
2,2,True,361,200–400
2,1,False,335,200–400
2,2,True,373,200–400
4,1,False,481,400–600
4,4,True,160,<200
1,1,True,295,200–400
2,2,True,284,200–400
2,2,True,2335,>1200
2,2,True,332,200–400
2,3,False,661,600–800
2,2,True,244,200–400
2,3,False,503,400–600
4,4,True,536,400–600
2,2,True,312,200–400
4,4,True,486,400–600
3,1,False,406,400–600
1,1,True,310,200–400
6,6,True,583,400–600
4,4,True,320,200–400
1,1,True,442,400–600
2,2,True,210,200–400
3,3,True,298,200–400
3,2,False,315,200–400
3,3,True,211,200–400
6,6,True,454,400–600
3,1,False,306,200–400
4,4,True,878,800–1200
2,2,True,322,200–400
2,2,True,462,400–600
3,3,True,202,200–400
2,2,True,139,<200
2,2,True,269,200–400
2,2,True,457,400–600
6,6,True,446,400–600
2,2,True,379,200–400
3,2,False,260,200–400
1,1,True,502,400–600
2,2,True,345,200–400
2,2,True,630,600–800
6,6,True,806,800–1200
2,2,True,339,200–400
6,2,False,324,200–400
5,5,True,232,200–400
3,3,True,296,200–400
5,5,True,528,400–600
1,1,True,848,800–1200
2,2,True,289,200–400
3,4,False,180,<200
2,6,False,1243,>1200
3,5,False,253,200–400
6,6,True,93,<200
2,2,True,187,<200
2,2,True,259,200–400
2,2,True,172,<200
2,2,True,1358,>1200
3,3,True,176,<200
2,6,False,417,400–600
6,1,False,549,400–600
3,3,True,215,200–400
6,6,True,361,200–400
3,2,False,404,400–600
3,3,True,354,200–400
2,1,False,453,400–600
1,1,True,168,<200
1,1,True,732,600–800
5,5,True,548,400–600
3,3,True,304,200–400
2,2,True,237,200–400
4,2,False,240,200–400
4,4,True,332,200–400
2,2,True,262,200–400
1,1,True,307,200–400
3,3,True,273,200–400
3,3,True,491,400–600
3,3,True,834,800–1200
6,6,True,313,200–400
6,6,True,338,200–400
4,4,True,252,200–400
6,6,True,863,800–1200
3,3,True,557,400–600
5,5,True,239,200–400
2,1,False,371,200–400
2,2,True,511,400–600
2,3,False,1161,800–1200
6,5,False,361,200–400
2,2,True,296,200–400
3,3,True,197,<200
3,3,True,255,200–400
2,2,True,154,<200
1,1,True,345,200–400
4,4,True,265,200–400
4,4,True,262,200–400
2,2,True,367,200–400
1,1,True,527,400–600
3,3,True,235,200–400
1,1,True,435,400–600
2,3,False,541,400–600
3,3,True,470,400–600
6,6,True,640,600–800
6,6,True,604,600–800
2,2,True,315,200–400
3,3,True,619,600–800
2,2,True,260,200–400
3,3,True,564,400–600
2,2,True,314,200–400
3,3,True,829,800–1200
2,2,True,1221,>1200
3,1,False,593,400–600
2,2,True,160,<200
6,6,True,787,600–800
1,1,True,229,200–400
3,3,True,141,<200
2,2,True,210,200–400
2,2,True,422,400–600
2,3,False,226,200–400
2,2,True,1958,>1200
2,2,True,311,200–400
3,3,True,441,400–600
3,3,True,662,600–800
2,2,True,404,400–600
1,1,True,418,400–600
1,1,True,394,200–400
2,2,True,217,200–400
3,3,True,286,200–400
6,6,True,561,400–600
2,2,True,186,<200
4,4,True,171,<200
6,6,True,643,600–800
4,6,False,504,400–600
3,3,True,1274,>1200
2,2,True,313,200–400
6,6,True,467,400–600
2,2,True,421,400–600
6,6,True,946,800–1200
1,1,True,514,400–600
2,2,True,161,<200
2,2,True,1011,800–1200
6,6,True,712,600–800
2,5,False,279,200–400
3,3,True,335,200–400
2,3,False,612,600–800
2,2,True,255,200–400
3,3,True,824,800–1200
2,2,True,192,<200
2,2,True,161,<200
2,2,True,324,200–400
3,3,True,339,200–400
5,5,True,252,200–400
5,5,True,638,600–800
2,1,False,489,400–600
2,2,True,715,600–800
2,2,True,733,600–800
6,6,True,490,400–600
3,3,True,468,400–600
1,1,True,402,400–600
1,2,False,472,400–600
6,6,True,572,400–600
5,2,False,306,200–400
2,2,True,226,200–400
2,2,True,747,600–800
2,2,True,247,200–400
3,3,True,752,600–800
6,6,True,637,600–800
2,2,True,564,400–600
2,2,True,336,200–400
3,2,False,559,400–600
6,6,True,420,400–600
6,6,True,983,800–1200
6,6,True,763,600–800
3,3,True,464,400–600
4,4,True,320,200–400
6,6,True,484,400–600
3,2,False,869,800–1200
1,2,False,376,200–400
1,1,True,327,200–400
1,1,True,293,200–400
2,2,True,269,200–400
6,6,True,829,800–1200
2,2,True,278,200–400
3,3,True,657,600–800
3,2,False,411,400–600
5,1,False,371,200–400
3,3,True,199,<200
1,1,True,429,400–600
2,2,True,246,200–400
2,2,True,322,200–400
2,2,True,389,200–400
2,6,False,483,400–600
3,3,True,972,800–1200
1,1,True,732,600–800
2,2,True,217,200–400
3,3,True,205,200–400
3,1,False,467,400–600
2,1,False,413,400–600
2,2,True,180,<200
1,1,True,516,400–600
2,2,True,204,200–400
2,2,True,229,200–400
4,4,True,631,600–800
2,4,False,124,<200
2,2,True,518,400–600
3,3,True,259,200–400
1,1,True,584,400–600
3,3,True,947,800–1200
3,1,False,303,200–400
2,2,True,499,400–600
2,3,False,296,200–400
2,2,True,431,400–600
2,2,True,209,200–400
3,3,True,610,600–800
2,2,True,264,200–400
2,2,True,1407,>1200
1,1,True,491,400–600
5,5,True,427,400–600
3,3,True,461,400–600
2,2,True,193,<200
4,4,True,362,200–400
1,1,True,209,200–400
3,3,True,304,200–400
3,2,False,1657,>1200
6,6,True,487,400–600
3,3,True,194,<200
3,6,False,647,600–800
6,6,True,556,400–600
2,2,True,434,400–600
2,2,True,732,600–800
4,4,True,113,<200
3,3,True,608,600–800
4,2,False,247,200–400
4,1,False,416,400–600
2,2,True,708,600–800
6,6,True,258,200–400
6,6,True,496,400–600
2,2,True,406,400–600
2,2,True,165,<200
2,3,False,166,<200
2,2,True,352,200–400
3,3,True,420,400–600
2,2,True,359,200–400
3,3,True,273,200–400
3,2,False,406,400–600
5,5,True,175,<200
3,2,False,209,200–400
3,3,True,279,200–400
2,2,True,367,200–400
2,5,False,215,200–400
1,1,True,386,200–400
5,5,True,347,200–400
2,2,True,502,400–600
1,1,True,430,400–600
2,2,True,384,200–400
5,5,True,372,200–400
6,6,True,689,600–800
6,6,True,334,200–400
2,2,True,2349,>1200
5,5,True,252,200–400
3,2,False,803,800–1200
3,3,True,172,<200
2,1,False,497,400–600
3,3,True,568,400–600
2,2,True,151,<200
5,5,True,355,200–400
2,2,True,303,200–400
1,1,True,360,200–400
3,4,False,361,200–400
2,2,True,220,200–400
3,3,True,594,400–600
2,2,True,275,200–400
2,2,True,241,200–400
3,3,True,350,200–400
3,3,True,1241,>1200
2,2,True,1904,>1200
6,6,True,242,200–400
2,2,True,68,<200
2,2,True,301,200–400
3,3,True,597,400–600
1,3,False,245,200–400
5,5,True,230,200–400
2,4,False,359,200–400
5,5,True,226,200–400
2,2,True,302,200–400
2,2,True,851,800–1200
2,2,True,122,<200
2,2,True,285,200–400
1,4,False,162,<200
2,2,True,266,200–400
1,2,False,300,200–400
6,6,True,878,800–1200
1,1,True,338,200–400
3,3,True,207,200–400
4,4,True,396,200–400
5,5,True,474,400–600
3,3,True,887,800–1200
2,2,True,247,200–400
2,2,True,208,200–400
2,3,False,148,<200
3,3,True,114,<200
5,5,True,285,200–400
4,4,True,260,200–400
1,1,True,332,200–400
3,3,True,352,200–400
2,2,True,417,400–600
2,2,True,438,400–600
2,3,False,646,600–800
3,3,True,248,200–400
2,5,False,223,200–400
2,2,True,219,200–400
2,2,True,302,200–400
2,3,False,352,200–400
3,3,True,197,<200
3,1,False,517,400–600
1,3,False,332,200–400
2,2,True,371,200–400
2,1,False,349,200–400
4,4,True,879,800–1200
5,5,True,551,400–600
2,2,True,311,200–400
3,5,False,255,200–400
2,1,False,302,200–400
3,3,True,1514,>1200
6,6,True,1060,800–1200
6,6,True,347,200–400
6,6,True,412,400–600
1,3,False,263,200–400
2,2,True,1070,800–1200
3,3,True,331,200–400
4,4,True,217,200–400
3,3,True,505,400–600
2,2,True,320,200–400
2,4,False,291,200–400
2,1,False,353,200–400
3,3,True,375,200–400
5,5,True,434,400–600
3,3,True,410,400–600
4,4,True,156,<200
4,1,False,334,200–400
2,2,True,292,200–400
2,2,True,118,<200
3,3,True,100,<200
2,1,False,331,200–400
3,3,True,249,200–400
2,6,False,475,400–600
1,6,False,684,600–800
1,1,True,349,200–400
3,3,True,423,400–600
2,2,True,296,200–400
4,4,True,340,200–400
2,2,True,756,600–800
2,2,True,438,400–600
1,1,True,428,400–600
3,3,True,444,400–600
3,2,False,344,200–400
2,2,True,383,200–400
2,2,True,309,200–400
2,3,False,301,200–400
1,3,False,599,400–600
3,3,True,144,<200
2,1,False,352,200–400
4,4,True,713,600–800
1,1,True,378,200–400
2,2,True,270,200–400
5,5,True,246,200–400
6,6,True,389,200–400
4,4,True,151,<200
3,6,False,700,600–800
2,2,True,375,200–400
4,4,True,252,200–400
4,4,True,526,400–600
5,5,True,356,200–400
3,3,True,201,200–400
1,1,True,429,400–600
3,2,False,398,200–400
1,1,True,398,200–400
3,3,True,388,200–400
2,2,True,1949,>1200
6,6,True,682,600–800
6,6,True,300,200–400
2,2,True,162,<200
3,3,True,573,400–600
3,3,True,581,400–600
3,3,True,352,200–400
4,4,True,208,200–400
4,4,True,431,400–600
2,2,True,216,200–400
2,2,True,337,200–400
3,3,True,199,<200
1,2,False,380,200–400
3,3,True,151,<200
1,2,False,493,400–600
2,1,False,369,200–400
2,5,False,519,400–600
1,1,True,401,400–600
5,3,False,240,200–400
5,5,True,840,800–1200
1,1,True,601,600–800
2,2,True,252,200–400
5,5,True,450,400–600
2,2,True,256,200–400
3,3,True,168,<200
4,4,True,328,200–400
3,3,True,218,200–400
1,1,True,440,400–600
4,4,True,405,400–600
2,2,True,444,400–600
3,6,False,722,600–800
3,3,True,612,600–800
1,3,False,451,400–600
1,1,True,289,200–400
3,3,True,256,200–400
5,5,True,240,200–400
3,3,True,187,<200
6,6,True,563,400–600
2,2,True,336,200–400
4,1,False,381,200–400
6,6,True,571,400–600
6,2,False,243,200–400
6,6,True,543,400–600
2,2,True,419,400–600
3,6,False,491,400–600
5,5,True,468,400–600
2,2,True,208,200–400
3,3,True,152,<200
3,3,True,191,<200
6,6,True,647,600–800
4,4,True,172,<200
6,6,True,569,400–600
5,5,True,425,400–600
2,2,True,249,200–400
3,3,True,205,200–400
5,5,True,230,200–400
3,3,True,201,200–400
2,2,True,1271,>1200
4,4,True,158,<200
1,4,False,460,400–600
1,1,True,395,200–400
3,3,True,691,600–800
5,5,True,529,400–600
3,1,False,525,400–600
1,4,False,130,<200
3,3,True,516,400–600
3,3,True,157,<200
2,1,False,334,200–400
2,2,True,558,400–600
3,3,True,460,400–600
1,1,True,434,400–600
2,2,True,464,400–600
2,2,True,367,200–400
2,3,False,353,200–400
2,2,True,637,600–800
2,2,True,620,600–800
1,5,False,241,200–400
3,3,True,221,200–400
2,4,False,165,<200
6,6,True,430,400–600
1,2,False,381,200–400
2,2,True,332,200–400
6,6,True,660,600–800
3,3,True,184,<200
2,2,True,390,200–400
6,6,True,736,600–800
2,2,True,477,400–600
1,1,True,325,200–400
1,1,True,492,400–600
2,2,True,292,200–400
3,2,False,638,600–800
3,3,True,240,200–400
6,6,True,829,800–1200
3,3,True,162,<200
2,5,False,239,200–400
6,6,True,427,400–600
3,3,True,232,200–400
4,3,False,723,600–800
4,4,True,244,200–400
4,4,True,146,<200
4,4,True,220,200–400
2,3,False,211,200–400
2,2,True,125,<200
1,1,True,183,<200
3,3,True,421,400–600
2,2,True,493,400–600
2,2,True,279,200–400
2,2,True,484,400–600
2,2,True,292,200–400
2,2,True,181,<200
3,3,True,150,<200
6,6,True,506,400–600
2,2,True,213,200–400
2,1,False,504,400–600
3,1,False,293,200–400
3,3,True,485,400–600
3,3,True,157,<200
6,6,True,958,800–1200
6,6,True,452,400–600
2,2,True,438,400–600
1,1,True,330,200–400
3,3,True,651,600–800
2,2,True,499,400–600
4,4,True,371,200–400
3,3,True,220,200–400
2,2,True,470,400–600
4,4,True,157,<200
3,3,True,232,200–400
6,6,True,880,800–1200
1,1,True,284,200–400
2,2,True,128,<200
3,3,True,564,400–600
3,1,False,450,400–600
1,5,False,262,200–400
2,2,True,402,400–600
2,2,True,260,200–400
2,1,False,324,200–400
2,2,True,503,400–600
3,3,True,200,<200
3,3,True,272,200–400
4,4,True,238,200–400
6,6,True,275,200–400
3,3,True,100,<200
6,6,True,283,200–400
2,2,True,206,200–400
1,1,True,755,600–800
3,3,True,256,200–400
3,3,True,227,200–400
3,3,True,549,400–600
1,1,True,622,600–800
1,1,True,420,400–600
4,1,False,445,400–600
2,2,True,350,200–400
2,2,True,308,200–400
3,3,True,136,<200
3,3,True,175,<200
6,5,False,427,400–600
2,2,True,253,200–400
2,2,True,328,200–400
3,3,True,71,<200
2,2,True,1057,800–1200
6,6,True,417,400–600
3,3,True,87,<200
5,5,True,508,400–600
4,4,True,325,200–400
3,3,True,202,200–400
4,1,False,118,<200
5,5,True,446,400–600
1,2,False,226,200–400
1,1,True,353,200–400
2,2,True,426,400–600
2,2,True,290,200–400
1,1,True,320,200–400
4,4,True,293,200–400
6,6,True,282,200–400
1,1,True,288,200–400
2,2,True,261,200–400
3,3,True,264,200–400
2,3,False,209,200–400
4,4,True,274,200–400
2,2,True,370,200–400
6,6,True,402,400–600
6,6,True,885,800–1200
6,6,True,453,400–600
3,3,True,300,200–400
1,1,True,504,400–600
3,3,True,281,200–400
3,5,False,425,400–600
2,6,False,451,400–600
1,3,False,173,<200
3,3,True,363,200–400
5,5,True,215,200–400
2,2,True,419,400–600
3,3,True,321,200–400
4,4,True,252,200–400
3,5,False,637,600–800
3,3,True,290,200–400
2,2,True,322,200–400
6,6,True,593,400–600
5,5,True,377,200–400
4,4,True,277,200–400
3,3,True,171,<200
2,2,True,426,400–600
2,2,True,185,<200
2,2,True,245,200–400
2,2,True,343,200–400
1,1,True,497,400–600
3,3,True,133,<200
1,1,True,385,200–400
2,3,False,144,<200
3,3,True,273,200–400
2,2,True,1412,>1200
6,6,True,481,400–600
4,4,True,455,400–600
2,2,True,204,200–400
3,3,True,325,200–400
2,2,True,283,200–400
2,3,False,972,800–1200
2,3,False,192,<200
3,3,True,238,200–400
5,5,True,451,400–600
6,6,True,642,600–800
2,2,True,208,200–400
4,4,True,155,<200
6,6,True,816,800–1200
2,2,True,720,600–800
1,1,True,353,200–400
2,5,False,364,200–400
6,6,True,693,600–800
3,2,False,300,200–400
2,1,False,528,400–600
5,5,True,261,200–400
2,2,True,384,200–400
2,6,False,490,400–600
2,2,True,345,200–400
3,6,False,735,600–800
3,3,True,494,400–600
2,2,True,600,400–600
2,2,True,398,200–400
2,2,True,566,400–600
1,1,True,601,600–800
4,4,True,248,200–400
4,3,False,347,200–400
3,3,True,1759,>1200
2,4,False,330,200–400
2,2,True,291,200–400
3,3,True,469,400–600
2,2,True,314,200–400
5,5,True,432,400–600
2,2,True,243,200–400
6,6,True,446,400–600
2,2,True,346,200–400
6,6,True,435,400–600
4,4,True,449,400–600
3,3,True,419,400–600
1,1,True,287,200–400
2,2,True,309,200–400
3,3,True,222,200–400
2,2,True,368,200–400
3,3,True,733,600–800
1,1,True,244,200–400
5,5,True,320,200–400
6,6,True,348,200–400
2,5,False,356,200–400
4,4,True,467,400–600
3,3,True,705,600–800
3,3,True,194,<200
2,2,True,255,200–400
5,5,True,450,400–600
6,6,True,511,400–600
3,3,True,211,200–400
2,2,True,172,<200
6,6,True,446,400–600
1,3,False,190,<200
6,6,True,397,200–400
2,2,True,291,200–400
3,4,False,277,200–400
1,1,True,505,400–600
6,6,True,650,600–800
2,2,True,433,400–600
2,3,False,609,600–800
2,2,True,398,200–400
6,6,True,425,400–600
6,6,True,388,200–400
2,2,True,278,200–400
2,2,True,524,400–600
1,1,True,307,200–400
2,2,True,290,200–400
2,2,True,566,400–600
2,2,True,362,200–400
3,3,True,125,<200
4,4,True,601,600–800
2,3,False,1083,800–1200
3,3,True,337,200–400
1,3,False,197,<200
2,2,True,191,<200
2,2,True,372,200–400
4,1,False,320,200–400
2,6,False,535,400–600
1,1,True,477,400–600
4,4,True,1563,>1200
4,4,True,464,400–600
6,6,True,341,200–400
4,1,False,488,400–600
1,6,False,401,400–600
3,3,True,613,600–800
4,4,True,458,400–600
4,4,True,440,400–600
2,2,True,520,400–600
2,2,True,480,400–600
4,4,True,226,200–400
2,2,True,301,200–400
2,2,True,278,200–400
1,1,True,340,200–400
1,1,True,493,400–600
1,2,False,262,200–400
6,6,True,499,400–600
3,3,True,355,200–400
1,1,True,762,600–800
3,3,True,342,200–400
5,2,False,363,200–400
3,3,True,383,200–400
4,4,True,146,<200
2,2,True,128,<200
1,1,True,502,400–600
1,1,True,273,200–400
5,5,True,237,200–400
2,2,True,460,400–600
2,2,True,422,400–600
3,3,True,1076,800–1200
3,3,True,358,200–400
3,3,True,513,400–600
4,4,True,553,400–600
1,1,True,486,400–600
6,6,True,398,200–400
3,3,True,443,400–600
2,2,True,702,600–800
2,2,True,208,200–400
6,6,True,283,200–400
2,1,False,393,200–400
2,1,False,338,200–400
4,4,True,367,200–400
2,5,False,193,<200
3,2,False,389,200–400
6,6,True,1010,800–1200
2,2,True,2260,>1200
2,2,True,398,200–400
1,2,False,307,200–400
2,5,False,192,<200
3,6,False,391,200–400
2,2,True,308,200–400
6,6,True,625,600–800
3,5,False,227,200–400
1,1,True,432,400–600
5,5,True,248,200–400
2,2,True,283,200–400
3,3,True,444,400–600
3,2,False,712,600–800
1,1,True,344,200–400
2,5,False,544,400–600
1,3,False,303,200–400
4,4,True,112,<200
2,2,True,283,200–400
4,3,False,211,200–400
2,2,True,551,400–600
5,5,True,134,<200
1,1,True,289,200–400
2,2,True,349,200–400
2,4,False,156,<200
3,3,True,738,600–800
3,2,False,2635,>1200
6,6,True,491,400–600
3,3,True,1927,>1200
2,3,False,716,600–800
3,1,False,392,200–400
3,3,True,351,200–400
6,6,True,712,600–800
1,4,False,146,<200
2,1,False,444,400–600
4,4,True,282,200–400
2,2,True,271,200–400
1,2,False,235,200–400
2,2,True,315,200–400
3,3,True,757,600–800
6,6,True,916,800–1200
1,1,True,222,200–400
3,3,True,214,200–400
3,2,False,303,200–400
1,1,True,199,<200
2,2,True,405,400–600
2,2,True,369,200–400
1,1,True,467,400–600
2,2,True,299,200–400
3,3,True,180,<200
2,2,True,288,200–400
2,1,False,419,400–600
2,2,True,232,200–400
1,1,True,676,600–800
1,1,True,320,200–400
3,2,False,307,200–400
2,2,True,244,200–400
4,4,True,159,<200
2,2,True,465,400–600
3,3,True,388,200–400
1,1,True,300,200–400
6,6,True,349,200–400
3,3,True,383,200–400
3,3,True,223,200–400
2,2,True,226,200–400
3,3,True,147,<200
2,3,False,1620,>1200
2,2,True,459,400–600
1,1,True,282,200–400
2,2,True,770,600–800
1,3,False,657,600–800
3,3,True,217,200–400
2,2,True,494,400–600
2,2,True,398,200–400
5,5,True,212,200–400
6,6,True,411,400–600
4,4,True,443,400–600
4,4,True,143,<200
5,5,True,255,200–400
6,1,False,489,400–600
4,4,True,268,200–400
2,2,True,307,200–400
2,1,False,871,800–1200
2,2,True,216,200–400
4,4,True,431,400–600
2,2,True,342,200–400
2,2,True,295,200–400
4,4,True,432,400–600
2,3,False,449,400–600
2,2,True,371,200–400
6,6,True,476,400–600
3,3,True,209,200–400
2,2,True,417,400–600
2,2,True,387,200–400
1,1,True,202,200–400
2,2,True,313,200–400
2,2,True,205,200–400
3,3,True,267,200–400
5,5,True,192,<200
2,2,True,237,200–400
4,4,True,878,800–1200
4,4,True,293,200–400
1,1,True,126,<200
2,2,True,355,200–400
4,4,True,255,200–400
2,2,True,477,400–600
4,4,True,325,200–400
2,2,True,216,200–400
2,1,False,337,200–400
2,2,True,236,200–400
2,1,False,414,400–600
2,5,False,320,200–400
2,2,True,268,200–400
4,4,True,231,200–400
4,4,True,425,400–600
2,2,True,365,200–400
6,6,True,425,400–600
3,1,False,491,400–600
2,2,True,1070,800–1200
2,3,False,1488,>1200
3,3,True,204,200–400
2,1,False,353,200–400
6,6,True,508,400–600
6,3,False,3712,>1200
3,1,False,500,400–600
2,2,True,210,200–400
3,3,True,129,<200
2,2,True,289,200–400
4,4,True,327,200–400
1,1,True,329,200–400
6,6,True,679,600–800
6,6,True,356,200–400
2,2,True,344,200–400
3,3,True,1242,>1200
2,1,False,322,200–400
2,1,False,217,200–400
6,3,False,395,200–400
3,3,True,157,<200
3,3,True,213,200–400
3,3,True,158,<200
1,1,True,289,200–400
1,1,True,734,600–800
3,3,True,532,400–600
3,3,True,278,200–400
1,1,True,550,400–600
3,1,False,313,200–400
1,1,True,385,200–400
3,3,True,611,600–800
2,2,True,323,200–400
2,2,True,337,200–400
2,2,True,364,200–400
2,3,False,185,<200
3,3,True,400,200–400
2,2,True,484,400–600
2,2,True,286,200–400
2,1,False,673,600–800
2,2,True,442,400–600
3,3,True,140,<200
2,2,True,318,200–400
3,3,True,602,600–800
5,5,True,282,200–400
5,5,True,251,200–400
4,3,False,787,600–800
1,2,False,348,200–400
2,2,True,189,<200
4,4,True,265,200–400
4,4,True,208,200–400
5,5,True,510,400–600
2,2,True,356,200–400
1,1,True,338,200–400
2,2,True,382,200–400
2,3,False,1492,>1200
3,3,True,619,600–800
3,3,True,636,600–800
4,4,True,160,<200
4,4,True,725,600–800
3,3,True,241,200–400
1,1,True,287,200–400
5,5,True,440,400–600
3,3,True,3015,>1200
3,3,True,275,200–400
2,2,True,485,400–600
2,2,True,258,200–400
2,2,True,140,<200
2,3,False,319,200–400
3,3,True,7094,>1200
2,2,True,140,<200
2,1,False,354,200–400
2,2,True,258,200–400
2,6,False,1145,800–1200
3,3,True,143,<200
3,3,True,305,200–400
3,3,True,236,200–400
2,2,True,232,200–400
3,2,False,245,200–400
4,1,False,419,400–600
3,3,True,137,<200
3,3,True,219,200–400
2,1,False,376,200–400
2,3,False,680,600–800
5,5,True,192,<200
4,4,True,434,400–600
6,6,True,506,400–600
2,2,True,534,400–600
6,6,True,657,600–800
1,1,True,492,400–600
2,2,True,214,200–400
2,2,True,420,400–600
1,1,True,338,200–400
3,3,True,325,200–400
3,3,True,163,<200
5,5,True,427,400–600
2,2,True,258,200–400
2,2,True,375,200–400
1,2,False,234,200–400
2,4,False,167,<200
3,3,True,722,600–800
3,5,False,469,400–600
2,2,True,312,200–400
6,6,True,280,200–400
2,2,True,217,200–400
3,1,False,338,200–400
2,2,True,335,200–400
2,2,True,320,200–400
2,3,False,279,200–400
3,5,False,394,200–400
2,3,False,713,600–800
1,1,True,341,200–400
5,1,False,345,200–400
2,2,True,278,200–400
3,3,True,121,<200
3,1,False,335,200–400
5,5,True,379,200–400
2,1,False,310,200–400
3,3,True,609,600–800
3,1,False,686,600–800
3,3,True,1415,>1200
3,3,True,381,200–400
1,1,True,440,400–600
2,2,True,1340,>1200
6,6,True,795,600–800
3,3,True,161,<200
2,2,True,530,400–600
5,5,True,278,200–400
1,3,False,867,800–1200
1,4,False,219,200–400
4,4,True,564,400–600
3,3,True,652,600–800
1,1,True,518,400–600
1,5,False,181,<200
6,6,True,466,400–600
6,6,True,562,400–600
1,1,True,543,400–600
2,2,True,160,<200
2,4,False,363,200–400
2,1,False,334,200–400
6,6,True,388,200–400
2,2,True,376,200–400
6,6,True,224,200–400
2,1,False,314,200–400
2,2,True,419,400–600
2,2,True,156,<200
3,3,True,1222,>1200
3,2,False,709,600–800
1,1,True,464,400–600
1,1,True,250,200–400
2,2,True,190,<200
5,5,True,258,200–400
6,6,True,337,200–400
3,3,True,496,400–600
2,2,True,269,200–400
6,6,True,765,600–800
1,1,True,490,400–600
2,6,False,450,400–600
4,4,True,330,200–400
2,2,True,312,200–400
2,2,True,299,200–400
2,2,True,811,800–1200
2,2,True,2025,>1200
1,1,True,363,200–400
2,2,True,308,200–400
6,6,True,236,200–400
2,6,False,477,400–600
5,5,True,568,400–600
3,3,True,343,200–400
1,3,False,251,200–400
2,3,False,469,400–600
3,3,True,338,200–400
3,3,True,230,200–400
3,3,True,251,200–400
2,2,True,207,200–400
3,3,True,230,200–400
4,4,True,394,200–400
2,1,False,507,400–600
2,2,True,319,200–400
2,2,True,366,200–400
4,4,True,295,200–400
3,3,True,991,800–1200
2,2,True,865,800–1200
1,1,True,267,200–400
3,3,True,348,200–400
2,3,False,343,200–400
2,2,True,360,200–400
2,3,False,45,<200
3,3,True,415,400–600
2,2,True,1407,>1200
1,1,True,409,400–600
2,2,True,327,200–400
2,2,True,365,200–400
2,2,True,314,200–400
2,3,False,136,<200
2,2,True,256,200–400
6,6,True,635,600–800
3,3,True,1241,>1200
2,2,True,214,200–400
2,2,True,159,<200
5,3,False,500,400–600
3,3,True,1118,800–1200
4,4,True,195,<200
2,3,False,763,600–800
4,4,True,265,200–400
4,4,True,154,<200
4,4,True,96,<200
3,5,False,218,200–400
3,3,True,684,600–800
2,1,False,389,200–400
3,3,True,185,<200
5,5,True,140,<200
2,2,True,757,600–800
2,2,True,262,200–400
2,2,True,196,<200
2,2,True,707,600–800
2,2,True,479,400–600
2,2,True,143,<200
2,2,True,446,400–600
2,2,True,442,400–600
1,1,True,326,200–400
2,1,False,504,400–600
1,1,True,415,400–600
3,3,True,700,600–800
5,5,True,253,200–400
6,6,True,874,800–1200
4,3,False,202,200–400
4,4,True,477,400–600
2,3,False,633,600–800
2,2,True,292,200–400
1,1,True,135,<200
3,3,True,201,200–400
3,2,False,420,400–600
3,3,True,716,600–800
3,3,True,3066,>1200
2,2,True,316,200–400
1,1,True,334,200–400
1,1,True,256,200–400
4,4,True,463,400–600
2,1,False,351,200–400
1,1,True,331,200–400
1,1,True,332,200–400
2,2,True,344,200–400
6,4,False,275,200–400
3,2,False,407,400–600
1,1,True,331,200–400
2,2,True,250,200–400
3,3,True,194,<200
3,3,True,219,200–400
2,2,True,375,200–400
5,5,True,428,400–600
2,2,True,282,200–400
3,4,False,147,<200
2,2,True,182,<200
3,3,True,352,200–400
3,3,True,332,200–400
1,1,True,826,800–1200
5,5,True,223,200–400
6,6,True,296,200–400
2,2,True,252,200–400
2,3,False,719,600–800
6,6,True,1049,800–1200
3,3,True,454,400–600
2,2,True,476,400–600
6,6,True,223,200–400
3,3,True,275,200–400
2,2,True,457,400–600
2,2,True,318,200–400
2,2,True,188,<200
4,4,True,151,<200
2,2,True,364,200–400
2,2,True,255,200–400
2,2,True,315,200–400
6,6,True,458,400–600
6,6,True,635,600–800
2,2,True,175,<200
6,6,True,448,400–600
2,2,True,771,600–800
2,1,False,302,200–400
2,2,True,213,200–400
2,1,False,421,400–600
3,3,True,232,200–400
1,2,False,126,<200
6,6,True,484,400–600
3,3,True,790,600–800
3,1,False,500,400–600
1,1,True,371,200–400
3,3,True,442,400–600
1,1,True,215,200–400
4,4,True,647,600–800
4,3,False,168,<200
1,1,True,415,400–600
2,2,True,486,400–600
2,3,False,283,200–400
6,6,True,902,800–1200
6,6,True,368,200–400
2,1,False,299,200–400
2,2,True,393,200–400
4,4,True,236,200–400
3,3,True,102,<200
2,5,False,218,200–400
6,6,True,344,200–400
1,1,True,462,400–600
2,2,True,323,200–400
4,4,True,171,<200
3,3,True,169,<200
2,2,True,343,200–400
5,5,True,357,200–400
1,1,True,165,<200
2,2,True,330,200–400
6,6,True,308,200–400
3,3,True,158,<200
4,4,True,360,200–400
1,1,True,340,200–400
5,5,True,248,200–400
2,2,True,264,200–400
3,3,True,128,<200
4,4,True,245,200–400
3,2,False,248,200–400
6,6,True,525,400–600
3,5,False,269,200–400
2,2,True,281,200–400
2,2,True,341,200–400
3,3,True,1506,>1200
3,5,False,226,200–400
2,5,False,411,400–600
4,4,True,328,200–400
2,1,False,415,400–600
3,3,True,236,200–400
2,2,True,230,200–400
2,2,True,696,600–800
6,6,True,584,400–600
2,2,True,709,600–800
1,2,False,92,<200
2,6,False,299,200–400
2,2,True,368,200–400
2,2,True,370,200–400
2,2,True,416,400–600
2,2,True,412,400–600
2,2,True,308,200–400
3,3,True,630,600–800
6,6,True,423,400–600
4,4,True,427,400–600
4,4,True,471,400–600
3,3,True,357,200–400
2,5,False,259,200–400
1,1,True,517,400–600
3,3,True,197,<200
2,2,True,368,200–400
3,1,False,306,200–400
3,3,True,143,<200
3,3,True,749,600–800
2,2,True,432,400–600
4,2,False,392,200–400
3,5,False,477,400–600
6,6,True,921,800–1200
1,3,False,158,<200
1,1,True,496,400–600
3,1,False,503,400–600
3,3,True,139,<200
1,5,False,306,200–400
6,6,True,420,400–600
3,3,True,196,<200
2,2,True,211,200–400
6,6,True,428,400–600
2,2,True,110,<200
6,6,True,460,400–600
6,6,True,550,400–600
1,3,False,749,600–800
3,3,True,200,<200
2,2,True,197,<200
3,3,True,209,200–400
6,3,False,329,200–400
1,1,True,828,800–1200
2,2,True,371,200–400
3,3,True,339,200–400
4,4,True,425,400–600
2,2,True,431,400–600
6,6,True,869,800–1200
1,1,True,415,400–600
6,6,True,462,400–600
5,5,True,264,200–400
1,1,True,491,400–600
1,1,True,340,200–400
2,2,True,313,200–400
1,1,True,220,200–400
3,3,True,924,800–1200
2,2,True,369,200–400
4,5,False,399,200–400
2,2,True,341,200–400
2,2,True,387,200–400
1,2,False,254,200–400
6,6,True,591,400–600
2,2,True,243,200–400
2,2,True,821,800–1200
6,6,True,292,200–400
6,6,True,537,400–600
6,2,False,2448,>1200
6,6,True,526,400–600
3,3,True,253,200–400
6,6,True,447,400–600
1,1,True,345,200–400
2,2,True,126,<200
2,2,True,353,200–400
4,4,True,292,200–400
3,3,True,488,400–600
2,2,True,239,200–400
5,5,True,351,200–400
3,5,False,254,200–400
3,3,True,245,200–400
5,5,True,434,400–600
2,2,True,278,200–400
3,1,False,302,200–400
2,6,False,452,400–600
2,2,True,720,600–800
5,5,True,290,200–400
4,4,True,513,400–600
2,2,True,728,600–800
3,3,True,170,<200
6,6,True,665,600–800
2,2,True,473,400–600
3,3,True,242,200–400
4,1,False,454,400–600
2,2,True,222,200–400
1,6,False,791,600–800
6,6,True,282,200–400
4,4,True,324,200–400
4,4,True,338,200–400
3,3,True,214,200–400
2,2,True,349,200–400
2,5,False,493,400–600
2,2,True,385,200–400
1,1,True,282,200–400
2,2,True,159,<200
3,2,False,566,400–600
2,3,False,626,600–800
3,4,False,261,200–400
3,3,True,359,200–400
3,3,True,157,<200
6,6,True,233,200–400
2,2,True,291,200–400
4,4,True,483,400–600
3,3,True,217,200–400
4,4,True,394,200–400
1,3,False,255,200–400
2,2,True,247,200–400
1,1,True,381,200–400
1,1,True,81,<200
3,3,True,155,<200
1,1,True,524,400–600
1,1,True,393,200–400
2,3,False,209,200–400
6,6,True,482,400–600
5,5,True,276,200–400
2,2,True,763,600–800
2,1,False,515,400–600
2,2,True,344,200–400
2,2,True,1196,800–1200
2,2,True,402,400–600
3,2,False,216,200–400
3,3,True,268,200–400
2,2,True,300,200–400
3,3,True,237,200–400
3,3,True,424,400–600
2,2,True,548,400–600
1,1,True,431,400–600
3,3,True,264,200–400
3,3,True,439,400–600
2,2,True,242,200–400
4,4,True,320,200–400
2,2,True,385,200–400
2,2,True,439,400–600
4,4,True,102,<200
2,2,True,301,200–400
2,1,False,471,400–600
3,3,True,96,<200
2,2,True,337,200–400
1,2,False,393,200–400
3,3,True,452,400–600
1,1,True,314,200–400
2,2,True,289,200–400
5,5,True,248,200–400
2,2,True,330,200–400
6,6,True,401,400–600
6,6,True,874,800–1200
2,2,True,352,200–400
2,2,True,332,200–400
4,4,True,153,<200
2,3,False,178,<200
1,1,True,305,200–400
3,5,False,389,200–400
2,2,True,417,400–600
2,2,True,177,<200
4,3,False,309,200–400
6,6,True,898,800–1200
2,2,True,277,200–400
2,2,True,384,200–400
2,2,True,240,200–400
3,3,True,109,<200
2,2,True,127,<200
3,2,False,272,200–400
1,1,True,347,200–400
2,2,True,211,200–400
2,2,True,310,200–400
3,3,True,1083,800–1200
3,3,True,445,400–600
3,3,True,373,200–400
2,2,True,301,200–400
2,3,False,646,600–800
2,2,True,623,600–800
2,2,True,304,200–400
2,2,True,234,200–400
1,1,True,280,200–400
4,4,True,93,<200
2,2,True,299,200–400
2,2,True,75,<200
3,3,True,663,600–800
3,3,True,171,<200
3,3,True,215,200–400
2,2,True,287,200–400
3,1,False,319,200–400
3,3,True,441,400–600
2,2,True,310,200–400
4,4,True,267,200–400
2,2,True,368,200–400
6,6,True,693,600–800
3,3,True,339,200–400
2,6,False,1238,>1200
1,1,True,349,200–400
4,4,True,258,200–400
5,5,True,591,400–600
3,3,True,768,600–800
4,4,True,265,200–400
5,5,True,238,200–400
2,6,False,473,400–600
2,1,False,301,200–400
2,2,True,439,400–600
2,2,True,372,200–400
2,2,True,141,<200
3,3,True,692,600–800
3,3,True,304,200–400
3,3,True,211,200–400
4,4,True,292,200–400
3,4,False,413,400–600
3,3,True,99,<200
3,3,True,336,200–400
6,6,True,708,600–800
3,3,True,643,600–800
2,2,True,280,200–400
6,6,True,412,400–600
2,2,True,345,200–400
1,1,True,260,200–400
2,6,False,461,400–600
1,3,False,102,<200
2,2,True,381,200–400
2,2,True,314,200–400
6,6,True,551,400–600
3,2,False,679,600–800
2,2,True,330,200–400
3,3,True,153,<200
6,2,False,350,200–400
3,3,True,664,600–800
3,3,True,359,200–400
6,6,True,458,400–600
3,3,True,208,200–400
6,1,False,469,400–600
3,6,False,328,200–400
2,2,True,368,200–400
2,2,True,202,200–400
6,6,True,389,200–400
2,4,False,218,200–400
2,1,False,321,200–400
3,3,True,624,600–800
2,2,True,545,400–600
3,3,True,392,200–400
1,1,True,283,200–400
4,4,True,613,600–800
2,1,False,360,200–400
1,3,False,472,400–600
1,2,False,265,200–400
5,5,True,245,200–400
2,2,True,317,200–400
1,1,True,514,400–600
1,1,True,356,200–400
3,3,True,303,200–400
2,2,True,243,200–400
5,5,True,429,400–600
2,2,True,314,200–400
6,6,True,684,600–800
1,1,True,231,200–400
6,2,False,591,400–600
3,3,True,80,<200
2,2,True,258,200–400
2,5,False,380,200–400
1,1,True,521,400–600
3,3,True,305,200–400
3,3,True,184,<200
6,6,True,474,400–600
1,1,True,295,200–400
2,2,True,273,200–400
6,6,True,649,600–800
4,4,True,359,200–400
4,4,True,151,<200
3,1,False,344,200–400
2,2,True,217,200–400
3,3,True,293,200–400
3,5,False,427,400–600
1,6,False,428,400–600
3,3,True,821,800–1200
3,3,True,1047,800–1200
2,2,True,1496,>1200
3,3,True,812,800–1200
6,6,True,785,600–800
2,2,True,219,200–400
1,1,True,308,200–400
3,3,True,204,200–400
6,6,True,499,400–600
6,1,False,723,600–800
2,2,True,180,<200
2,2,True,326,200–400
3,2,False,255,200–400
2,2,True,282,200–400
2,4,False,268,200–400
3,3,True,350,200–400
2,2,True,449,400–600
2,2,True,258,200–400
4,3,False,224,200–400
2,2,True,353,200–400
2,2,True,181,<200
3,3,True,266,200–400
6,6,True,506,400–600
2,2,True,619,600–800
6,6,True,458,400–600
2,2,True,367,200–400
6,6,True,506,400–600
6,3,False,710,600–800
2,2,True,416,400–600
6,6,True,1059,800–1200
2,3,False,504,400–600
4,1,False,441,400–600
1,1,True,341,200–400
5,3,False,206,200–400
2,2,True,346,200–400
5,5,True,349,200–400
2,4,False,264,200–400
3,3,True,278,200–400
3,2,False,325,200–400
3,3,True,233,200–400
1,3,False,196,<200
2,2,True,365,200–400
6,6,True,593,400–600
3,3,True,348,200–400
4,4,True,196,<200
4,4,True,158,<200
6,6,True,284,200–400
2,2,True,411,400–600
3,1,False,322,200–400
2,6,False,842,800–1200
2,2,True,362,200–400
2,2,True,317,200–400
6,6,True,563,400–600
5,5,True,313,200–400
2,2,True,696,600–800
3,1,False,395,200–400
1,1,True,274,200–400
2,5,False,261,200–400
3,3,True,695,600–800
3,3,True,261,200–400
4,4,True,401,400–600
4,4,True,475,400–600
3,3,True,746,600–800
2,2,True,358,200–400
6,2,False,290,200–400
4,4,True,269,200–400
1,1,True,320,200–400
2,2,True,392,200–400
2,2,True,249,200–400
2,2,True,444,400–600
6,6,True,691,600–800
6,2,False,346,200–400
3,3,True,229,200–400
2,2,True,222,200–400
2,2,True,404,400–600
1,1,True,349,200–400
2,2,True,137,<200
3,1,False,307,200–400
2,2,True,717,600–800
2,2,True,229,200–400
2,2,True,374,200–400
3,3,True,188,<200
4,4,True,298,200–400
1,3,False,478,400–600
4,4,True,565,400–600
2,2,True,429,400–600
2,2,True,419,400–600
3,3,True,200,<200
2,2,True,451,400–600
1,1,True,333,200–400
6,6,True,514,400–600
1,1,True,176,<200
2,2,True,189,<200
4,1,False,464,400–600
4,4,True,460,400–600
1,1,True,308,200–400
2,2,True,151,<200
2,1,False,339,200–400
2,2,True,660,600–800
1,1,True,358,200–400
3,3,True,163,<200
6,6,True,685,600–800
2,1,False,394,200–400
2,2,True,313,200–400
6,6,True,405,400–600
2,2,True,393,200–400
4,4,True,341,200–400
2,2,True,419,400–600
5,5,True,261,200–400
3,3,True,122,<200
2,2,True,219,200–400
2,2,True,345,200–400
2,2,True,1414,>1200
2,2,True,158,<200
5,5,True,545,400–600
1,3,False,129,<200
4,4,True,258,200–400
1,1,True,467,400–600
2,2,True,402,400–600
2,2,True,363,200–400
1,1,True,488,400–600
4,4,True,479,400–600
2,2,True,304,200–400
2,2,True,356,200–400
3,1,False,327,200–400
3,3,True,203,200–400
2,1,False,460,400–600
4,4,True,382,200–400
1,1,True,396,200–400
2,2,True,351,200–400
4,3,False,1066,800–1200
3,5,False,469,400–600
6,6,True,477,400–600
2,2,True,387,200–400
2,2,True,293,200–400
3,3,True,547,400–600
2,2,True,242,200–400
6,6,True,475,400–600
2,1,False,361,200–400
4,4,True,254,200–400
2,2,True,420,400–600
1,1,True,579,400–600
2,2,True,756,600–800
3,3,True,392,200–400
2,2,True,255,200–400
2,2,True,350,200–400
3,1,False,551,400–600
3,3,True,147,<200
3,3,True,2211,>1200
2,5,False,355,200–400
3,3,True,410,400–600
2,4,False,94,<200
2,2,True,504,400–600
2,2,True,814,800–1200
2,2,True,160,<200
3,3,True,409,400–600
1,1,True,554,400–600
3,3,True,335,200–400
3,4,False,238,200–400
2,2,True,238,200–400
2,1,False,353,200–400
3,1,False,282,200–400
2,2,True,235,200–400
2,2,True,484,400–600
3,3,True,201,200–400
6,6,True,691,600–800
6,6,True,1126,800–1200
2,1,False,348,200–400
6,6,True,833,800–1200
2,2,True,322,200–400
4,4,True,359,200–400
2,5,False,439,400–600
2,2,True,896,800–1200
2,5,False,409,400–600
2,2,True,305,200–400
2,2,True,397,200–400
5,5,True,264,200–400
3,3,True,263,200–400
2,2,True,381,200–400
1,4,False,182,<200
2,2,True,228,200–400
2,2,True,315,200–400
2,2,True,382,200–400
2,1,False,308,200–400
2,2,True,383,200–400
6,6,True,652,600–800
2,2,True,396,200–400
2,2,True,297,200–400
3,3,True,216,200–400
2,2,True,392,200–400
4,4,True,371,200–400
6,1,False,438,400–600
3,3,True,121,<200
2,2,True,337,200–400
3,4,False,163,<200
6,6,True,440,400–600
2,4,False,280,200–400
2,2,True,402,400–600
3,2,False,2081,>1200
3,3,True,641,600–800
3,3,True,1048,800–1200
6,6,True,874,800–1200
2,6,False,763,600–800
1,1,True,278,200–400
4,4,True,258,200–400
4,4,True,301,200–400
2,4,False,207,200–400
6,6,True,488,400–600
4,1,False,324,200–400
2,2,True,1477,>1200
1,1,True,375,200–400
6,6,True,827,800–1200
6,6,True,518,400–600
1,2,False,263,200–400
2,2,True,387,200–400
1,4,False,103,<200
3,3,True,962,800–1200
2,3,False,126,<200
6,3,False,598,400–600
5,5,True,364,200–400
3,3,True,894,800–1200
3,3,True,255,200–400
3,3,True,317,200–400
6,3,False,565,400–600
4,4,True,128,<200
2,2,True,1174,800–1200
3,3,True,236,200–400
6,6,True,427,400–600
2,2,True,1290,>1200
2,2,True,1404,>1200
3,3,True,217,200–400
2,2,True,452,400–600
1,1,True,414,400–600
3,3,True,307,200–400
2,2,True,323,200–400
3,3,True,253,200–400
6,3,False,1053,800–1200
2,2,True,357,200–400
2,2,True,306,200–400
2,3,False,167,<200
4,4,True,156,<200
1,1,True,500,400–600
4,4,True,607,600–800
2,2,True,255,200–400
2,2,True,268,200–400
2,2,True,299,200–400
2,2,True,318,200–400
6,6,True,472,400–600
1,1,True,331,200–400
6,6,True,873,800–1200
1,1,True,383,200–400
2,4,False,279,200–400
2,2,True,330,200–400
3,3,True,915,800–1200
2,2,True,387,200–400
2,2,True,341,200–400
2,2,True,361,200–400
2,2,True,1357,>1200
4,6,False,628,600–800
3,3,True,1770,>1200
3,3,True,252,200–400
1,1,True,206,200–400
2,2,True,367,200–400
2,6,False,535,400–600
3,3,True,570,400–600
2,2,True,1093,800–1200
2,4,False,314,200–400
4,6,False,520,400–600
1,1,True,360,200–400
6,6,True,578,400–600
3,3,True,632,600–800
2,2,True,398,200–400
2,2,True,360,200–400
2,2,True,362,200–400
2,2,True,210,200–400
2,3,False,421,400–600
1,1,True,364,200–400
6,6,True,442,400–600
6,6,True,388,200–400
2,2,True,300,200–400
3,3,True,1396,>1200
6,6,True,662,600–800
2,2,True,189,<200
3,3,True,117,<200
6,2,False,1091,800–1200
2,2,True,374,200–400
2,2,True,156,<200
4,2,False,1091,800–1200
2,2,True,247,200–400
2,2,True,374,200–400
5,5,True,306,200–400
2,2,True,363,200–400
2,2,True,370,200–400
2,6,False,424,400–600
3,1,False,609,600–800
3,3,True,230,200–400
3,1,False,473,400–600
2,2,True,273,200–400
2,2,True,436,400–600
6,6,True,689,600–800
3,3,True,407,400–600
1,1,True,267,200–400
3,3,True,466,400–600
1,2,False,311,200–400
2,2,True,1396,>1200
6,4,False,717,600–800
2,1,False,359,200–400
2,2,True,735,600–800
1,1,True,331,200–400
2,1,False,333,200–400
3,3,True,266,200–400
2,2,True,203,200–400
4,4,True,729,600–800
6,6,True,426,400–600
2,1,False,326,200–400
2,1,False,360,200–400
5,3,False,295,200–400
6,6,True,552,400–600
6,6,True,458,400–600
2,2,True,270,200–400
6,2,False,365,200–400
3,3,True,144,<200
2,2,True,366,200–400
3,1,False,385,200–400
3,3,True,576,400–600
2,5,False,225,200–400
3,3,True,82,<200
2,2,True,323,200–400
3,3,True,1122,800–1200
6,6,True,446,400–600
3,3,True,145,<200
2,2,True,160,<200
2,5,False,795,600–800
2,2,True,282,200–400
1,1,True,334,200–400
2,1,False,335,200–400
3,3,True,101,<200
2,3,False,710,600–800
4,4,True,434,400–600
2,2,True,321,200–400
2,2,True,368,200–400
1,1,True,233,200–400
3,3,True,225,200–400
4,4,True,457,400–600
3,3,True,227,200–400
2,2,True,434,400–600
2,2,True,604,600–800
6,6,True,564,400–600
3,5,False,279,200–400
3,3,True,453,400–600
3,3,True,243,200–400
3,2,False,835,800–1200
2,2,True,249,200–400
2,2,True,284,200–400
2,2,True,341,200–400
5,5,True,240,200–400
5,5,True,171,<200
2,6,False,1395,>1200
4,4,True,369,200–400
2,2,True,315,200–400
3,1,False,507,400–600
2,2,True,268,200–400
2,1,False,511,400–600
3,3,True,453,400–600
2,6,False,398,200–400
2,2,True,409,400–600
2,2,True,272,200–400
1,1,True,384,200–400
2,2,True,317,200–400
3,3,True,276,200–400
3,3,True,92,<200
3,3,True,180,<200
1,1,True,756,600–800
5,3,False,711,600–800
3,3,True,342,200–400
3,3,True,258,200–400
3,3,True,228,200–400
2,2,True,406,400–600
2,2,True,285,200–400
2,2,True,1372,>1200
6,6,True,418,400–600
2,2,True,383,200–400
2,2,True,551,400–600
2,2,True,648,600–800
3,1,False,314,200–400
4,1,False,307,200–400
2,2,True,360,200–400
2,2,True,2512,>1200
1,1,True,609,600–800
3,4,False,277,200–400
3,3,True,173,<200
3,3,True,233,200–400
2,2,True,782,600–800
6,6,True,489,400–600
2,2,True,327,200–400
2,6,False,673,600–800
1,5,False,197,<200
2,2,True,443,400–600
2,2,True,1157,800–1200
2,2,True,622,600–800
6,6,True,806,800–1200
2,2,True,330,200–400
3,2,False,267,200–400
1,1,True,263,200–400
3,3,True,171,<200
6,5,False,333,200–400
2,4,False,265,200–400
3,3,True,504,400–600
3,3,True,272,200–400
5,5,True,474,400–600
1,5,False,321,200–400
2,3,False,818,800–1200
4,4,True,435,400–600
3,3,True,264,200–400
2,2,True,308,200–400
2,2,True,254,200–400
1,1,True,551,400–600
2,6,False,608,600–800
3,3,True,356,200–400
6,1,False,315,200–400
4,4,True,430,400–600
3,3,True,137,<200
2,2,True,401,400–600
1,1,True,278,200–400
3,3,True,100,<200
3,2,False,302,200–400
4,4,True,410,400–600
6,6,True,428,400–600
3,3,True,121,<200
3,3,True,452,400–600
1,1,True,345,200–400
3,3,True,202,200–400
1,1,True,133,<200
2,2,True,262,200–400
6,6,True,278,200–400
4,4,True,95,<200
6,6,True,861,800–1200
2,2,True,465,400–600
3,3,True,513,400–600
3,3,True,306,200–400
2,2,True,333,200–400
2,2,True,421,400–600
4,4,True,278,200–400
2,6,False,374,200–400
6,6,True,486,400–600
2,6,False,477,400–600
6,6,True,334,200–400
3,3,True,358,200–400
3,3,True,208,200–400
2,2,True,255,200–400
6,6,True,365,200–400
2,2,True,416,400–600
2,2,True,203,200–400
3,3,True,532,400–600
6,6,True,500,400–600
6,6,True,484,400–600
2,2,True,337,200–400
2,2,True,273,200–400
3,3,True,288,200–400
1,1,True,328,200–400
2,2,True,317,200–400
3,3,True,78,<200
2,2,True,172,<200
6,6,True,653,600–800
2,2,True,380,200–400
3,3,True,308,200–400
6,6,True,466,400–600
6,6,True,527,400–600
5,5,True,374,200–400
2,6,False,1055,800–1200
2,2,True,411,400–600
1,1,True,300,200–400
3,3,True,306,200–400
3,3,True,400,200–400
2,2,True,237,200–400
2,2,True,358,200–400
6,6,True,645,600–800
3,3,True,533,400–600
2,3,False,475,400–600
3,3,True,255,200–400
2,2,True,1031,800–1200
6,5,False,227,200–400
1,1,True,357,200–400
2,2,True,1240,>1200
6,6,True,414,400–600
4,4,True,168,<200
3,3,True,383,200–400
6,6,True,582,400–600
5,2,False,265,200–400
2,2,True,717,600–800
5,5,True,226,200–400
1,1,True,202,200–400
6,6,True,446,400–600
2,2,True,208,200–400
2,2,True,506,400–600
1,1,True,337,200–400
2,2,True,418,400–600
5,5,True,214,200–400
3,3,True,810,800–1200
4,4,True,457,400–600
2,2,True,444,400–600
2,2,True,300,200–400
1,1,True,516,400–600
6,6,True,350,200–400
2,2,True,229,200–400
4,4,True,267,200–400
3,3,True,707,600–800
3,1,False,307,200–400
3,3,True,835,800–1200
2,2,True,391,200–400
5,5,True,502,400–600
2,3,False,446,400–600
3,1,False,447,400–600
6,6,True,509,400–600
2,2,True,409,400–600
2,4,False,256,200–400
2,3,False,175,<200
5,5,True,263,200–400
1,3,False,600,400–600
5,3,False,106,<200
6,6,True,235,200–400
4,4,True,497,400–600
3,3,True,566,400–600
3,3,True,227,200–400
3,1,False,524,400–600
2,4,False,185,<200
5,5,True,215,200–400
3,2,False,291,200–400
2,2,True,660,600–800
2,1,False,436,400–600
4,3,False,221,200–400
6,6,True,436,400–600
2,3,False,715,600–800
2,2,True,870,800–1200
2,1,False,427,400–600
2,2,True,1907,>1200
3,4,False,212,200–400
4,4,True,559,400–600
1,1,True,282,200–400
3,3,True,1463,>1200
3,3,True,187,<200
2,1,False,292,200–400
3,3,True,393,200–400
6,6,True,679,600–800
3,3,True,484,400–600
2,3,False,529,400–600
2,2,True,384,200–400
3,3,True,254,200–400
5,5,True,217,200–400
2,5,False,227,200–400
3,5,False,211,200–400
5,5,True,191,<200
1,1,True,576,400–600
2,2,True,296,200–400
2,2,True,302,200–400
3,3,True,114,<200
2,2,True,873,800–1200
2,2,True,321,200–400
1,1,True,318,200–400
6,6,True,693,600–800
2,2,True,426,400–600
1,1,True,432,400–600
1,1,True,725,600–800
6,6,True,666,600–800
2,2,True,497,400–600
6,6,True,642,600–800
2,1,False,310,200–400
3,3,True,428,400–600
1,1,True,169,<200
3,3,True,252,200–400
6,6,True,556,400–600
1,1,True,262,200–400
3,3,True,236,200–400
5,5,True,250,200–400
3,3,True,231,200–400
2,2,True,367,200–400
3,3,True,372,200–400
2,2,True,427,400–600
2,5,False,500,400–600
2,1,False,364,200–400
2,2,True,741,600–800
3,3,True,178,<200
5,5,True,778,600–800
3,2,False,264,200–400
1,1,True,418,400–600
2,1,False,319,200–400
1,1,True,300,200–400
3,3,True,197,<200
6,6,True,494,400–600
4,4,True,340,200–400
3,3,True,602,600–800
4,4,True,630,600–800
2,2,True,343,200–400
3,3,True,449,400–600
1,1,True,357,200–400
3,3,True,226,200–400
2,2,True,305,200–400
1,1,True,751,600–800
1,2,False,380,200–400
2,2,True,268,200–400
3,3,True,414,400–600
3,3,True,231,200–400
5,5,True,194,<200
4,4,True,151,<200
2,2,True,258,200–400
3,3,True,598,400–600
3,3,True,110,<200
5,5,True,298,200–400
2,2,True,201,200–400
2,3,False,595,400–600
3,3,True,379,200–400
3,3,True,129,<200
1,1,True,348,200–400
5,5,True,249,200–400
3,3,True,434,400–600
2,2,True,409,400–600
6,2,False,343,200–400
2,2,True,224,200–400
3,3,True,179,<200
2,2,True,248,200–400
2,3,False,1659,>1200
6,6,True,550,400–600
1,1,True,366,200–400
3,1,False,384,200–400
1,1,True,509,400–600
6,6,True,477,400–600
2,2,True,260,200–400
3,3,True,201,200–400
5,5,True,274,200–400
2,2,True,313,200–400
2,2,True,310,200–400
1,1,True,201,200–400
3,3,True,122,<200
6,6,True,412,400–600
2,2,True,360,200–400
1,1,True,314,200–400
2,2,True,307,200–400
2,1,False,320,200–400
2,5,False,212,200–400
2,2,True,366,200–400
2,2,True,412,400–600
1,1,True,506,400–600
2,2,True,222,200–400
1,1,True,573,400–600
4,4,True,475,400–600
2,2,True,235,200–400
1,1,True,342,200–400
3,3,True,483,400–600
3,3,True,441,400–600
2,2,True,1013,800–1200
3,1,False,353,200–400
3,3,True,156,<200
3,6,False,1165,800–1200
2,2,True,765,600–800
2,2,True,155,<200
3,3,True,387,200–400
1,2,False,1536,>1200
2,6,False,593,400–600
2,2,True,305,200–400
2,2,True,307,200–400
2,2,True,475,400–600
1,1,True,569,400–600
3,4,False,226,200–400
3,3,True,513,400–600
2,2,True,229,200–400
1,2,False,494,400–600
3,3,True,1262,>1200
2,2,True,463,400–600
3,2,False,369,200–400
2,1,False,382,200–400
1,1,True,489,400–600
2,5,False,235,200–400
4,4,True,372,200–400
2,3,False,310,200–400
3,3,True,468,400–600
3,3,True,425,400–600
3,3,True,516,400–600
3,3,True,428,400–600
5,5,True,293,200–400
2,2,True,168,<200
3,3,True,285,200–400
2,2,True,350,200–400
5,5,True,361,200–400
3,3,True,919,800–1200
4,4,True,364,200–400
2,2,True,304,200–400
3,3,True,149,<200
2,3,False,184,<200
3,3,True,686,600–800
2,2,True,269,200–400
2,2,True,301,200–400
2,2,True,208,200–400
2,2,True,314,200–400
1,6,False,479,400–600
6,6,True,589,400–600
3,3,True,81,<200
1,1,True,326,200–400
3,3,True,306,200–400
3,3,True,464,400–600
2,2,True,317,200–400
1,1,True,282,200–400
3,3,True,293,200–400
2,2,True,1403,>1200
2,2,True,604,600–800
3,1,False,337,200–400
2,2,True,165,<200
3,3,True,218,200–400
3,3,True,178,<200
1,1,True,561,400–600
3,1,False,477,400–600
1,1,True,482,400–600
3,3,True,229,200–400
3,5,False,233,200–400
3,3,True,321,200–400
5,5,True,450,400–600
2,2,True,370,200–400
6,1,False,353,200–400
2,2,True,321,200–400
2,2,True,198,<200
1,2,False,323,200–400
3,3,True,193,<200
1,1,True,379,200–400
1,3,False,232,200–400
2,1,False,526,400–600
2,2,True,157,<200
6,6,True,474,400–600
2,2,True,329,200–400
3,3,True,254,200–400
2,2,True,1301,>1200
3,3,True,424,400–600
3,3,True,348,200–400
3,1,False,321,200–400
2,2,True,236,200–400
3,3,True,135,<200
3,3,True,1902,>1200
4,4,True,159,<200
1,1,True,351,200–400
3,1,False,346,200–400
4,4,True,293,200–400
3,3,True,602,600–800
6,6,True,655,600–800
2,2,True,158,<200
2,2,True,212,200–400
3,3,True,433,400–600
3,3,True,583,400–600
2,2,True,341,200–400
2,2,True,211,200–400
5,5,True,470,400–600
2,3,False,922,800–1200
2,2,True,386,200–400
3,3,True,1620,>1200
3,3,True,347,200–400
3,3,True,314,200–400
2,2,True,502,400–600
6,3,False,474,400–600
4,1,False,307,200–400
2,2,True,351,200–400
3,3,True,561,400–600
6,6,True,570,400–600
6,1,False,341,200–400
6,6,True,449,400–600
2,2,True,238,200–400
2,2,True,396,200–400
5,5,True,427,400–600
2,1,False,783,600–800
2,2,True,345,200–400
1,1,True,419,400–600
2,1,False,330,200–400
3,3,True,496,400–600
3,3,True,1340,>1200
4,4,True,362,200–400
3,2,False,524,400–600
6,6,True,719,600–800
6,6,True,96,<200
6,6,True,424,400–600
4,4,True,126,<200
4,4,True,287,200–400
4,4,True,130,<200
6,6,True,300,200–400
3,4,False,389,200–400
2,2,True,377,200–400
2,2,True,331,200–400
2,2,True,199,<200
2,2,True,169,<200
2,2,True,260,200–400
5,6,False,434,400–600
3,6,False,718,600–800
3,3,True,164,<200
5,5,True,380,200–400
2,2,True,357,200–400
2,2,True,393,200–400
3,3,True,534,400–600
2,2,True,272,200–400
2,2,True,361,200–400
2,2,True,222,200–400
4,4,True,114,<200
1,1,True,394,200–400
3,3,True,410,400–600
4,4,True,367,200–400
1,1,True,208,200–400
2,2,True,68,<200
3,1,False,304,200–400
3,1,False,399,200–400
2,2,True,327,200–400
2,2,True,192,<200
3,3,True,184,<200
6,6,True,493,400–600
3,1,False,308,200–400
6,5,False,275,200–400
6,6,True,388,200–400
2,2,True,173,<200
4,4,True,144,<200
3,6,False,808,800–1200
2,3,False,680,600–800
2,2,True,141,<200
1,1,True,515,400–600
2,3,False,466,400–600
4,4,True,552,400–600
6,6,True,430,400–600
2,2,True,389,200–400
4,4,True,157,<200
2,3,False,1235,>1200
2,2,True,322,200–400
2,1,False,397,200–400
3,2,False,359,200–400
1,2,False,843,800–1200
2,1,False,420,400–600
2,2,True,396,200–400
6,6,True,509,400–600
2,3,False,757,600–800
4,1,False,628,600–800
4,4,True,434,400–600
2,3,False,212,200–400
1,4,False,330,200–400
2,2,True,171,<200
4,4,True,157,<200
4,4,True,370,200–400
3,3,True,177,<200
3,3,True,252,200–400
2,2,True,404,400–600
3,3,True,196,<200
6,6,True,827,800–1200
2,2,True,571,400–600
2,2,True,164,<200
2,3,False,211,200–400
2,5,False,247,200–400
5,5,True,689,600–800
3,3,True,497,400–600
2,2,True,114,<200
2,3,False,528,400–600
2,2,True,1382,>1200
6,6,True,426,400–600
4,4,True,155,<200
2,2,True,382,200–400
5,5,True,700,600–800
2,2,True,653,600–800
3,3,True,181,<200
1,1,True,568,400–600
2,2,True,360,200–400
2,4,False,104,<200
1,1,True,294,200–400
2,3,False,187,<200
3,6,False,489,400–600
2,2,True,170,<200
2,2,True,361,200–400
3,3,True,191,<200
3,3,True,290,200–400
2,2,True,356,200–400
2,4,False,386,200–400
2,2,True,437,400–600
4,4,True,257,200–400
2,2,True,297,200–400
1,1,True,223,200–400
6,6,True,573,400–600
1,1,True,302,200–400
2,3,False,1086,800–1200
2,2,True,392,200–400
2,3,False,319,200–400
2,3,False,363,200–400
5,5,True,131,<200
1,1,True,152,<200
1,1,True,372,200–400
4,1,False,472,400–600
6,6,True,232,200–400
2,1,False,475,400–600
3,5,False,460,400–600
2,2,True,351,200–400
3,3,True,203,200–400
2,2,True,1275,>1200
1,1,True,331,200–400
2,2,True,323,200–400
2,2,True,84,<200
6,1,False,446,400–600
6,6,True,488,400–600
6,6,True,236,200–400
2,2,True,277,200–400
3,3,True,376,200–400
2,2,True,215,200–400
1,1,True,329,200–400
1,1,True,335,200–400
3,5,False,248,200–400
2,2,True,1300,>1200
6,6,True,330,200–400
1,1,True,273,200–400
2,2,True,297,200–400
2,2,True,317,200–400
1,1,True,82,<200
2,2,True,549,400–600
1,1,True,337,200–400
3,3,True,166,<200
2,2,True,485,400–600
2,4,False,279,200–400
6,6,True,593,400–600
2,2,True,309,200–400
6,6,True,439,400–600
2,1,False,402,400–600
3,3,True,148,<200
3,2,False,1692,>1200
1,1,True,261,200–400
4,4,True,250,200–400
2,1,False,303,200–400
3,3,True,213,200–400
2,2,True,216,200–400
3,3,True,259,200–400
2,2,True,358,200–400
2,2,True,328,200–400
3,3,True,199,<200
3,3,True,812,800–1200
2,2,True,295,200–400
2,2,True,518,400–600
2,2,True,300,200–400
2,2,True,384,200–400
3,3,True,652,600–800
2,2,True,416,400–600
3,3,True,1194,800–1200
4,1,False,479,400–600
4,4,True,158,<200
3,3,True,652,600–800
4,1,False,293,200–400
2,2,True,336,200–400
3,6,False,596,400–600
3,5,False,246,200–400
2,2,True,416,400–600
6,6,True,810,800–1200
1,1,True,276,200–400
1,1,True,335,200–400
6,6,True,794,600–800
2,2,True,195,<200
2,2,True,204,200–400
1,1,True,763,600–800
2,2,True,202,200–400
1,1,True,353,200–400
2,2,True,479,400–600
2,2,True,403,400–600
2,2,True,612,600–800
2,2,True,171,<200
2,2,True,240,200–400
2,2,True,312,200–400
6,6,True,442,400–600
1,2,False,325,200–400
6,6,True,570,400–600
3,3,True,264,200–400
3,3,True,229,200–400
4,4,True,160,<200
1,1,True,295,200–400
3,4,False,847,800–1200
4,4,True,363,200–400
1,1,True,345,200–400
1,1,True,241,200–400
4,2,False,334,200–400
6,1,False,1058,800–1200
2,2,True,284,200–400
1,1,True,230,200–400
4,4,True,538,400–600
1,1,True,469,400–600
6,6,True,491,400–600
2,6,False,509,400–600
1,1,True,259,200–400
1,1,True,267,200–400
3,2,False,301,200–400
5,5,True,231,200–400
2,2,True,271,200–400
2,2,True,1404,>1200
2,2,True,159,<200
3,2,False,212,200–400
2,2,True,415,400–600
5,5,True,512,400–600
3,3,True,100,<200
2,2,True,316,200–400
3,3,True,256,200–400
3,3,True,158,<200
2,2,True,173,<200
6,6,True,423,400–600
5,5,True,251,200–400
5,5,True,206,200–400
1,1,True,273,200–400
3,3,True,120,<200
4,4,True,295,200–400
2,2,True,505,400–600
5,6,False,653,600–800
6,6,True,483,400–600
2,2,True,709,600–800
4,4,True,196,<200
4,4,True,559,400–600
3,3,True,134,<200
4,4,True,361,200–400
4,4,True,493,400–600
4,4,True,195,<200
3,2,False,230,200–400
2,2,True,516,400–600
6,6,True,473,400–600
3,3,True,230,200–400
3,3,True,255,200–400
2,2,True,157,<200
3,3,True,160,<200
3,3,True,859,800–1200
5,5,True,114,<200
3,3,True,166,<200
3,3,True,348,200–400
6,2,False,330,200–400
2,2,True,246,200–400
6,6,True,858,800–1200
5,5,True,472,400–600
6,6,True,463,400–600
5,5,True,104,<200
2,2,True,176,<200
3,5,False,198,<200
6,3,False,236,200–400
5,5,True,330,200–400
4,4,True,215,200–400
4,4,True,392,200–400
2,2,True,145,<200
3,3,True,348,200–400
6,6,True,485,400–600
2,4,False,217,200–400
2,2,True,273,200–400
1,1,True,881,800–1200
1,1,True,490,400–600
6,6,True,726,600–800
2,2,True,337,200–400
6,6,True,583,400–600
2,2,True,372,200–400
2,3,False,295,200–400
2,2,True,394,200–400
3,5,False,280,200–400
1,3,False,158,<200
4,4,True,358,200–400
1,2,False,286,200–400
2,2,True,807,800–1200
5,5,True,262,200–400
6,6,True,444,400–600
4,4,True,126,<200
1,1,True,289,200–400
3,2,False,978,800–1200
3,3,True,148,<200
4,4,True,397,200–400
2,2,True,306,200–400
3,3,True,216,200–400
2,2,True,608,600–800
5,5,True,478,400–600
5,5,True,433,400–600
2,2,True,400,200–400
1,1,True,216,200–400
2,3,False,894,800–1200
3,3,True,335,200–400
2,2,True,337,200–400
5,5,True,545,400–600
4,2,False,1136,800–1200
1,1,True,273,200–400
2,2,True,1093,800–1200
1,1,True,448,400–600
2,2,True,413,400–600
3,3,True,252,200–400
6,6,True,647,600–800
2,6,False,396,200–400
4,4,True,469,400–600
6,6,True,310,200–400
1,1,True,750,600–800
2,3,False,356,200–400
3,3,True,289,200–400
2,2,True,207,200–400
3,3,True,272,200–400
3,3,True,375,200–400
6,6,True,403,400–600
3,3,True,178,<200
1,1,True,550,400–600
1,1,True,327,200–400
3,3,True,593,400–600
2,2,True,1397,>1200
3,1,False,504,400–600
2,2,True,348,200–400
1,1,True,368,200–400
5,5,True,485,400–600
3,3,True,405,400–600
5,3,False,867,800–1200
2,2,True,294,200–400
6,6,True,376,200–400
2,2,True,94,<200
3,3,True,197,<200
2,2,True,479,400–600
2,3,False,220,200–400
6,6,True,285,200–400
5,5,True,432,400–600
2,1,False,479,400–600
2,2,True,363,200–400
3,3,True,103,<200
2,2,True,368,200–400
4,3,False,279,200–400
2,2,True,414,400–600
4,4,True,183,<200
2,2,True,133,<200
5,5,True,532,400–600
6,6,True,802,800–1200
4,4,True,195,<200
2,1,False,377,200–400
1,2,False,248,200–400
2,2,True,382,200–400
4,4,True,358,200–400
2,5,False,222,200–400
6,6,True,632,600–800
2,2,True,291,200–400
3,3,True,1190,800–1200
4,4,True,355,200–400
2,3,False,727,600–800
2,3,False,184,<200
3,3,True,150,<200
3,3,True,306,200–400
3,3,True,189,<200
6,6,True,563,400–600
1,1,True,115,<200
2,2,True,284,200–400
2,2,True,264,200–400
1,1,True,356,200–400
1,1,True,315,200–400
2,6,False,427,400–600
6,6,True,391,200–400
3,3,True,664,600–800
3,5,False,231,200–400
4,4,True,428,400–600
3,3,True,151,<200
3,3,True,760,600–800
4,4,True,195,<200
6,6,True,296,200–400
6,6,True,533,400–600
2,2,True,133,<200
3,3,True,209,200–400
5,5,True,528,400–600
5,5,True,256,200–400
1,1,True,134,<200
2,2,True,235,200–400
4,4,True,271,200–400
4,4,True,320,200–400
3,3,True,218,200–400
2,2,True,1577,>1200
3,1,False,261,200–400
6,6,True,512,400–600
3,3,True,1412,>1200
5,2,False,262,200–400
1,1,True,253,200–400
4,4,True,126,<200
1,1,True,222,200–400
2,2,True,406,400–600
3,5,False,261,200–400
4,4,True,867,800–1200
5,5,True,381,200–400
4,6,False,968,800–1200
4,4,True,705,600–800
3,3,True,201,200–400
3,3,True,200,<200
2,2,True,338,200–400
2,2,True,289,200–400
2,5,False,280,200–400
4,4,True,431,400–600
3,3,True,385,200–400
3,2,False,238,200–400
2,2,True,431,400–600
1,1,True,300,200–400
6,6,True,397,200–400
6,6,True,386,200–400
3,3,True,274,200–400
3,3,True,457,400–600
2,2,True,287,200–400
2,1,False,373,200–400
5,5,True,197,<200
3,3,True,209,200–400
4,2,False,252,200–400
1,1,True,332,200–400
3,3,True,291,200–400
3,3,True,726,600–800
3,3,True,1020,800–1200
3,3,True,346,200–400
2,2,True,385,200–400
4,4,True,418,400–600
2,3,False,512,400–600
4,4,True,163,<200
2,2,True,435,400–600
3,3,True,436,400–600
5,5,True,550,400–600
3,3,True,245,200–400
3,5,False,435,400–600
6,6,True,356,200–400
3,5,False,503,400–600
1,1,True,541,400–600
3,2,False,421,400–600
1,1,True,332,200–400
2,2,True,205,200–400
4,1,False,576,400–600
3,3,True,137,<200
2,3,False,846,800–1200
6,6,True,506,400–600
3,3,True,188,<200
3,3,True,396,200–400
2,1,False,359,200–400
4,4,True,274,200–400
6,6,True,878,800–1200
6,6,True,235,200–400
1,1,True,352,200–400
6,6,True,439,400–600
2,2,True,239,200–400
3,3,True,299,200–400
2,2,True,285,200–400
3,3,True,457,400–600
6,6,True,438,400–600
2,3,False,204,200–400
2,2,True,310,200–400
6,6,True,364,200–400
3,3,True,1619,>1200
6,3,False,329,200–400
3,5,False,228,200–400
2,3,False,880,800–1200
2,2,True,188,<200
4,1,False,332,200–400
3,3,True,100,<200
2,3,False,4076,>1200
3,3,True,468,400–600
2,2,True,165,<200
2,2,True,1550,>1200
2,2,True,306,200–400
1,1,True,296,200–400
3,3,True,967,800–1200
3,3,True,601,600–800
5,5,True,215,200–400
1,3,False,671,600–800
3,3,True,407,400–600
3,3,True,500,400–600
3,4,False,240,200–400
6,6,True,558,400–600
3,1,False,477,400–600
2,2,True,452,400–600
4,4,True,230,200–400
4,4,True,564,400–600
3,3,True,187,<200
4,4,True,177,<200
2,2,True,182,<200
2,2,True,3726,>1200
2,3,False,57,<200
2,1,False,527,400–600
4,4,True,371,200–400
2,2,True,345,200–400
1,1,True,519,400–600
4,4,True,130,<200
4,4,True,149,<200
4,4,True,643,600–800
6,6,True,592,400–600
2,1,False,384,200–400
5,5,True,349,200–400
3,6,False,663,600–800
6,6,True,669,600–800
2,2,True,432,400–600
2,2,True,427,400–600
2,1,False,731,600–800
3,3,True,166,<200
2,2,True,398,200–400
2,2,True,259,200–400
2,5,False,402,400–600
3,3,True,1860,>1200
2,2,True,343,200–400
3,3,True,845,800–1200
3,2,False,832,800–1200
3,3,True,191,<200
5,5,True,313,200–400
3,2,False,1122,800–1200
3,3,True,74,<200
2,2,True,807,800–1200
3,3,True,476,400–600
2,2,True,398,200–400
1,1,True,265,200–400
2,2,True,224,200–400
3,1,False,311,200–400
2,5,False,241,200–400
6,6,True,497,400–600
2,3,False,95,<200
2,5,False,237,200–400
5,5,True,229,200–400
2,2,True,306,200–400
4,4,True,565,400–600
6,2,False,316,200–400
3,3,True,178,<200
2,2,True,352,200–400
2,4,False,257,200–400
5,2,False,404,400–600
6,6,True,441,400–600
2,2,True,728,600–800
6,6,True,581,400–600
3,3,True,648,600–800
1,1,True,298,200–400
6,6,True,464,400–600
6,6,True,572,400–600
2,2,True,164,<200
3,3,True,204,200–400
3,1,False,329,200–400
6,6,True,677,600–800
3,3,True,311,200–400
2,2,True,360,200–400
1,1,True,245,200–400
2,4,False,161,<200
3,3,True,176,<200
4,4,True,157,<200
6,6,True,581,400–600
3,4,False,153,<200
3,3,True,387,200–400
1,1,True,432,400–600
2,2,True,569,400–600
2,2,True,258,200–400
2,2,True,339,200–400
2,3,False,499,400–600
4,4,True,467,400–600
3,3,True,242,200–400
3,3,True,459,400–600
6,6,True,472,400–600
3,3,True,258,200–400
4,3,False,225,200–400
1,1,True,400,200–400
6,6,True,471,400–600
3,3,True,758,600–800
2,3,False,420,400–600
2,2,True,372,200–400
3,3,True,175,<200
5,3,False,240,200–400
3,3,True,133,<200
2,2,True,254,200–400
1,1,True,226,200–400
2,2,True,577,400–600
2,2,True,381,200–400
6,2,False,445,400–600
2,2,True,355,200–400
2,2,True,230,200–400
3,3,True,195,<200
4,4,True,489,400–600
6,6,True,507,400–600
5,5,True,241,200–400
3,5,False,253,200–400
4,4,True,559,400–600
3,6,False,438,400–600
2,2,True,256,200–400
6,6,True,289,200–400
2,2,True,382,200–400
1,1,True,364,200–400
2,3,False,163,<200
2,5,False,261,200–400
3,2,False,254,200–400
1,1,True,287,200–400
1,1,True,273,200–400
3,2,False,265,200–400
3,3,True,181,<200
3,4,False,432,400–600
3,3,True,233,200–400
2,2,True,153,<200
2,2,True,960,800–1200
4,4,True,460,400–600
2,2,True,725,600–800
2,2,True,364,200–400
3,3,True,929,800–1200
2,1,False,281,200–400
2,2,True,758,600–800
2,2,True,152,<200
2,2,True,66,<200
3,5,False,227,200–400
3,3,True,1244,>1200
2,3,False,706,600–800
1,1,True,327,200–400
6,6,True,952,800–1200
6,6,True,525,400–600
2,2,True,373,200–400
2,2,True,622,600–800
3,3,True,503,400–600
4,4,True,259,200–400
3,4,False,146,<200
2,2,True,323,200–400
3,3,True,455,400–600
2,2,True,339,200–400
1,1,True,183,<200
2,2,True,230,200–400
2,2,True,316,200–400
2,2,True,365,200–400
4,4,True,220,200–400
3,3,True,163,<200
2,3,False,607,600–800
6,1,False,343,200–400
2,2,True,225,200–400
6,6,True,397,200–400
2,2,True,369,200–400
3,3,True,640,600–800
2,2,True,390,200–400
2,4,False,294,200–400
3,3,True,523,400–600
3,3,True,161,<200
3,3,True,416,400–600
4,4,True,796,600–800
2,2,True,283,200–400
2,2,True,438,400–600
6,6,True,321,200–400
6,6,True,305,200–400
3,1,False,425,400–600
1,1,True,552,400–600
2,2,True,293,200–400
3,1,False,364,200–400
4,4,True,599,400–600
4,4,True,269,200–400
2,2,True,179,<200
3,3,True,669,600–800
2,2,True,731,600–800
2,2,True,426,400–600
6,6,True,502,400–600
2,2,True,382,200–400
2,1,False,426,400–600
4,4,True,612,600–800
6,6,True,741,600–800
2,2,True,718,600–800
5,5,True,221,200–400
2,2,True,238,200–400
6,6,True,688,600–800
6,6,True,1005,800–1200
6,6,True,434,400–600
3,3,True,1817,>1200
6,6,True,308,200–400
3,6,False,792,600–800
3,1,False,306,200–400
2,2,True,211,200–400
2,2,True,1225,>1200
5,5,True,248,200–400
2,4,False,238,200–400
1,1,True,344,200–400
3,3,True,460,400–600
4,4,True,397,200–400
2,2,True,399,200–400
3,3,True,222,200–400
3,3,True,244,200–400
3,6,False,705,600–800
3,3,True,482,400–600
2,2,True,228,200–400
3,3,True,443,400–600
3,2,False,294,200–400
3,3,True,637,600–800
2,2,True,351,200–400
3,3,True,380,200–400
4,4,True,714,600–800
2,1,False,472,400–600
6,6,True,865,800–1200
4,4,True,232,200–400
5,3,False,417,400–600
2,2,True,722,600–800
6,3,False,538,400–600
2,2,True,450,400–600
3,3,True,198,<200
1,3,False,407,400–600
5,5,True,448,400–600
2,2,True,179,<200
3,3,True,333,200–400
4,4,True,184,<200
2,2,True,339,200–400
1,2,False,295,200–400
3,3,True,146,<200
2,2,True,306,200–400
2,2,True,693,600–800
4,4,True,145,<200
6,6,True,95,<200
3,3,True,256,200–400
3,3,True,339,200–400
5,5,True,240,200–400
1,1,True,337,200–400
2,4,False,180,<200
2,2,True,628,600–800
4,4,True,254,200–400
3,3,True,503,400–600
2,2,True,319,200–400
3,3,True,150,<200
3,1,False,389,200–400
3,3,True,274,200–400
3,3,True,313,200–400
2,2,True,206,200–400
1,1,True,367,200–400
3,2,False,287,200–400
1,1,True,312,200–400
1,3,False,235,200–400
2,2,True,381,200–400
1,1,True,346,200–400
1,1,True,370,200–400
2,2,True,464,400–600
6,6,True,847,800–1200
1,5,False,287,200–400
2,2,True,240,200–400
3,4,False,282,200–400
1,1,True,460,400–600
1,4,False,167,<200
3,3,True,676,600–800
2,3,False,977,800–1200
1,1,True,626,600–800
3,4,False,161,<200
3,3,True,597,400–600
2,2,True,373,200–400
1,1,True,491,400–600
6,6,True,802,800–1200
2,2,True,303,200–400
2,2,True,232,200–400
1,1,True,650,600–800
2,2,True,364,200–400
3,3,True,203,200–400
6,6,True,389,200–400
3,3,True,497,400–600
2,2,True,1147,800–1200
4,4,True,364,200–400
1,1,True,954,800–1200
6,6,True,491,400–600
5,5,True,139,<200
2,2,True,397,200–400
3,3,True,154,<200
2,2,True,248,200–400
3,3,True,354,200–400
3,2,False,426,400–600
2,2,True,247,200–400
1,1,True,210,200–400
2,2,True,152,<200
2,2,True,432,400–600
1,1,True,343,200–400
2,2,True,275,200–400
3,3,True,255,200–400
2,2,True,356,200–400
3,3,True,278,200–400
2,2,True,458,400–600
1,1,True,870,800–1200
3,1,False,356,200–400
2,2,True,368,200–400
3,2,False,614,600–800
1,1,True,530,400–600
1,2,False,342,200–400
1,1,True,257,200–400
3,1,False,504,400–600
3,3,True,333,200–400
3,1,False,616,600–800
3,3,True,200,<200
2,1,False,368,200–400
2,2,True,714,600–800
1,1,True,501,400–600
3,3,True,152,<200
2,2,True,264,200–400
2,2,True,212,200–400
5,5,True,465,400–600
2,2,True,901,800–1200
1,5,False,271,200–400
2,2,True,456,400–600
3,3,True,157,<200
2,2,True,305,200–400
3,1,False,426,400–600
6,6,True,586,400–600
2,1,False,312,200–400
2,1,False,553,400–600
3,3,True,334,200–400
1,1,True,295,200–400
3,3,True,704,600–800
2,2,True,278,200–400
2,2,True,394,200–400
2,2,True,444,400–600
3,3,True,170,<200
2,2,True,255,200–400
3,3,True,139,<200
1,2,False,369,200–400
6,6,True,394,200–400
4,4,True,157,<200
2,2,True,260,200–400
4,2,False,271,200–400
4,4,True,128,<200
2,2,True,302,200–400
2,2,True,883,800–1200
2,2,True,232,200–400
3,5,False,233,200–400
2,5,False,464,400–600
1,1,True,415,400–600
1,1,True,506,400–600
1,1,True,185,<200
2,2,True,254,200–400
4,4,True,152,<200
3,3,True,214,200–400
3,3,True,255,200–400
3,1,False,524,400–600
5,5,True,241,200–400
5,5,True,248,200–400
5,5,True,248,200–400
2,1,False,331,200–400
1,1,True,450,400–600
6,6,True,892,800–1200
5,5,True,436,400–600
1,1,True,352,200–400
3,3,True,189,<200
2,2,True,360,200–400
2,2,True,208,200–400
2,6,False,423,400–600
1,1,True,750,600–800
2,2,True,351,200–400
2,2,True,239,200–400
2,2,True,304,200–400
2,2,True,335,200–400
5,3,False,866,800–1200
3,3,True,279,200–400
3,3,True,398,200–400
2,3,False,970,800–1200
2,2,True,323,200–400
2,2,True,264,200–400
6,5,False,400,200–400
3,3,True,830,800–1200
3,3,True,201,200–400
3,3,True,511,400–600
5,5,True,434,400–600
4,6,False,560,400–600
1,1,True,510,400–600
2,2,True,276,200–400
1,1,True,491,400–600
1,1,True,395,200–400
1,1,True,344,200–400
2,2,True,269,200–400
2,2,True,259,200–400
2,2,True,419,400–600
3,3,True,215,200–400
4,4,True,224,200–400
2,2,True,248,200–400
3,3,True,194,<200
3,3,True,349,200–400
1,3,False,172,<200
4,4,True,429,400–600
2,2,True,392,200–400
3,3,True,496,400–600
3,1,False,346,200–400
3,4,False,467,400–600
3,3,True,1015,800–1200
3,3,True,509,400–600
2,1,False,480,400–600
3,3,True,156,<200
5,5,True,251,200–400
6,6,True,483,400–600
3,3,True,779,600–800
2,2,True,367,200–400
1,1,True,333,200–400
3,3,True,1285,>1200
1,1,True,349,200–400
3,3,True,740,600–800
1,6,False,462,400–600
2,2,True,629,600–800
3,2,False,697,600–800
2,2,True,339,200–400
6,6,True,424,400–600
3,3,True,147,<200
1,1,True,332,200–400
2,2,True,314,200–400
6,6,True,411,400–600
2,2,True,470,400–600
2,6,False,765,600–800
3,3,True,196,<200
2,2,True,203,200–400
6,6,True,235,200–400
6,6,True,499,400–600
2,2,True,219,200–400
3,3,True,266,200–400
2,2,True,424,400–600
6,6,True,432,400–600
2,2,True,264,200–400
6,5,False,254,200–400
3,3,True,143,<200
1,1,True,750,600–800
5,5,True,104,<200
3,3,True,201,200–400
2,2,True,426,400–600
2,2,True,229,200–400
3,3,True,1482,>1200
2,2,True,156,<200
6,6,True,425,400–600
2,2,True,316,200–400
1,1,True,332,200–400
2,2,True,210,200–400
5,5,True,261,200–400
2,2,True,545,400–600
3,3,True,390,200–400
3,1,False,310,200–400
2,2,True,395,200–400
5,3,False,180,<200
3,5,False,256,200–400
1,1,True,326,200–400
3,3,True,165,<200
2,2,True,307,200–400
4,4,True,181,<200
2,2,True,321,200–400
2,2,True,362,200–400
2,5,False,213,200–400
2,2,True,343,200–400
2,2,True,310,200–400
1,1,True,212,200–400
2,2,True,1137,800–1200
3,3,True,90,<200
3,2,False,339,200–400
1,1,True,316,200–400
4,4,True,173,<200
2,2,True,467,400–600
6,6,True,576,400–600
2,2,True,212,200–400
3,1,False,361,200–400
3,3,True,224,200–400
4,4,True,715,600–800
3,3,True,757,600–800
1,1,True,265,200–400
2,2,True,702,600–800
6,6,True,490,400–600
4,4,True,258,200–400
2,2,True,398,200–400
2,2,True,769,600–800
4,4,True,437,400–600
1,1,True,505,400–600
4,4,True,242,200–400
5,5,True,223,200–400
2,2,True,325,200–400
3,2,False,310,200–400
1,1,True,993,800–1200
3,2,False,548,400–600
2,2,True,213,200–400
2,2,True,369,200–400
1,1,True,406,400–600
3,2,False,283,200–400
6,6,True,221,200–400
2,3,False,224,200–400
6,6,True,474,400–600
5,5,True,521,400–600
3,3,True,571,400–600
6,6,True,569,400–600
1,1,True,216,200–400
6,3,False,393,200–400
5,5,True,432,400–600
2,2,True,754,600–800
2,2,True,649,600–800
2,2,True,546,400–600
2,2,True,161,<200
2,3,False,439,400–600
2,3,False,377,200–400
2,2,True,211,200–400
3,3,True,87,<200
3,4,False,181,<200
2,1,False,317,200–400
3,3,True,371,200–400
2,2,True,521,400–600
1,1,True,698,600–800
2,2,True,481,400–600
6,6,True,390,200–400
4,4,True,468,400–600
1,1,True,313,200–400
1,1,True,315,200–400
3,1,False,328,200–400
5,5,True,250,200–400
2,4,False,149,<200
2,2,True,332,200–400
2,2,True,238,200–400
2,2,True,363,200–400
1,1,True,281,200–400
6,6,True,576,400–600
3,3,True,299,200–400
6,6,True,472,400–600
1,1,True,269,200–400
2,2,True,282,200–400
2,2,True,322,200–400
4,4,True,319,200–400
5,5,True,448,400–600
2,2,True,216,200–400
1,2,False,278,200–400
1,1,True,332,200–400
2,2,True,227,200–400
5,5,True,627,600–800
6,6,True,420,400–600
2,1,False,355,200–400
2,2,True,204,200–400
3,3,True,599,400–600
3,3,True,354,200–400
3,3,True,950,800–1200
1,1,True,276,200–400
3,2,False,344,200–400
2,2,True,93,<200
2,3,False,330,200–400
3,3,True,1150,800–1200
3,3,True,272,200–400
2,2,True,10287,>1200
2,1,False,338,200–400
3,3,True,242,200–400
2,3,False,391,200–400
2,2,True,250,200–400
1,1,True,382,200–400
2,2,True,318,200–400
2,2,True,352,200–400
2,1,False,596,400–600
6,6,True,682,600–800
3,3,True,1012,800–1200
3,3,True,200,<200
4,4,True,199,<200
1,1,True,361,200–400
6,6,True,338,200–400
4,4,True,792,600–800
6,6,True,244,200–400
6,6,True,429,400–600
2,2,True,1342,>1200
6,6,True,684,600–800
2,2,True,284,200–400
2,2,True,374,200–400
2,2,True,221,200–400
5,5,True,435,400–600
1,1,True,275,200–400
6,6,True,306,200–400
3,4,False,172,<200
2,2,True,294,200–400
2,4,False,272,200–400
4,4,True,113,<200
2,2,True,262,200–400
6,6,True,678,600–800
3,3,True,309,200–400
3,3,True,455,400–600
2,2,True,533,400–600
4,4,True,306,200–400
2,2,True,225,200–400
1,1,True,299,200–400
6,6,True,222,200–400
4,4,True,776,600–800
6,6,True,473,400–600
2,2,True,438,400–600
4,1,False,399,200–400
1,1,True,443,400–600
4,4,True,458,400–600
3,3,True,289,200–400
6,1,False,488,400–600
3,3,True,1877,>1200
3,3,True,287,200–400
3,3,True,230,200–400
2,1,False,349,200–400
2,2,True,323,200–400
4,4,True,476,400–600
2,2,True,316,200–400
3,3,True,460,400–600
4,4,True,259,200–400
6,6,True,525,400–600
2,2,True,359,200–400
3,3,True,152,<200
4,1,False,619,600–800
5,5,True,232,200–400
2,2,True,404,400–600
1,3,False,527,400–600
2,2,True,305,200–400
2,2,True,191,<200
1,1,True,291,200–400
6,4,False,275,200–400
3,3,True,601,600–800
5,5,True,429,400–600
2,2,True,293,200–400
6,6,True,642,600–800
6,6,True,644,600–800
3,3,True,447,400–600
2,2,True,391,200–400
4,4,True,273,200–400
2,2,True,360,200–400
4,4,True,267,200–400
2,2,True,390,200–400
5,5,True,349,200–400
1,1,True,639,600–800
2,2,True,660,600–800
2,2,True,454,400–600
2,2,True,183,<200
3,4,False,200,<200
2,2,True,155,<200
4,4,True,258,200–400
1,1,True,354,200–400
4,4,True,295,200–400
3,3,True,859,800–1200
3,3,True,376,200–400
2,2,True,294,200–400
2,2,True,510,400–600
4,4,True,257,200–400
1,1,True,311,200–400
2,2,True,941,800–1200
2,3,False,201,200–400
6,6,True,612,600–800
6,2,False,350,200–400
2,2,True,293,200–400
6,6,True,409,400–600
3,1,False,340,200–400
5,5,True,428,400–600
1,1,True,348,200–400
3,3,True,298,200–400
5,5,True,426,400–600
3,3,True,232,200–400
6,6,True,393,200–400
1,1,True,315,200–400
4,4,True,396,200–400
1,1,True,447,400–600
1,1,True,430,400–600
6,6,True,480,400–600
3,3,True,595,400–600
3,3,True,232,200–400
4,4,True,157,<200
2,2,True,395,200–400
3,3,True,460,400–600
2,2,True,211,200–400
3,2,False,249,200–400
6,6,True,669,600–800
3,3,True,469,400–600
2,2,True,411,400–600
5,5,True,245,200–400
4,4,True,396,200–400
2,2,True,570,400–600
2,2,True,446,400–600
3,3,True,255,200–400
2,2,True,244,200–400
2,2,True,159,<200
2,2,True,308,200–400
2,4,False,422,400–600
6,6,True,280,200–400
2,2,True,438,400–600
2,2,True,310,200–400
6,2,False,286,200–400
2,1,False,330,200–400
2,1,False,556,400–600
4,4,True,364,200–400
6,6,True,545,400–600
2,2,True,318,200–400
3,3,True,213,200–400
3,3,True,147,<200
2,6,False,502,400–600
3,3,True,87,<200
2,2,True,534,400–600
5,5,True,250,200–400
2,1,False,419,400–600
2,2,True,238,200–400
2,3,False,880,800–1200
2,2,True,395,200–400
1,1,True,404,400–600
2,2,True,330,200–400
5,5,True,249,200–400
6,6,True,525,400–600
4,4,True,201,200–400
2,2,True,197,<200
6,6,True,492,400–600
3,3,True,199,<200
2,3,False,520,400–600
5,5,True,262,200–400
4,4,True,424,400–600
2,2,True,760,600–800
4,4,True,257,200–400
2,2,True,234,200–400
2,2,True,96,<200
6,6,True,656,600–800
4,4,True,409,400–600
2,2,True,509,400–600
6,6,True,506,400–600
6,6,True,558,400–600
5,5,True,559,400–600
2,2,True,501,400–600
2,2,True,365,200–400
2,2,True,369,200–400
2,2,True,347,200–400
1,1,True,416,400–600
2,2,True,265,200–400
2,3,False,738,600–800
2,2,True,650,600–800
6,6,True,337,200–400
2,2,True,416,400–600
1,1,True,346,200–400
3,3,True,476,400–600
2,2,True,314,200–400
2,2,True,375,200–400
2,2,True,322,200–400
3,3,True,614,600–800
2,5,False,579,400–600
5,5,True,426,400–600
3,2,False,311,200–400
1,3,False,667,600–800
1,1,True,433,400–600
3,2,False,280,200–400
3,3,True,427,400–600
3,3,True,271,200–400
5,5,True,289,200–400
3,3,True,187,<200
3,3,True,151,<200
2,2,True,400,200–400
2,1,False,438,400–600
2,3,False,734,600–800
2,2,True,436,400–600
2,3,False,210,200–400
2,2,True,236,200–400
3,2,False,337,200–400
4,3,False,202,200–400
2,2,True,463,400–600
3,3,True,262,200–400
3,3,True,370,200–400
6,6,True,579,400–600
2,2,True,552,400–600
2,2,True,366,200–400
3,3,True,338,200–400
3,3,True,188,<200
2,2,True,203,200–400
3,5,False,281,200–400
4,4,True,537,400–600
2,3,False,349,200–400
1,1,True,360,200–400
3,3,True,251,200–400
1,2,False,240,200–400
5,5,True,241,200–400
3,3,True,407,400–600
2,1,False,347,200–400
4,4,True,428,400–600
2,3,False,294,200–400
2,2,True,349,200–400
3,3,True,408,400–600
4,2,False,204,200–400
1,1,True,227,200–400
1,6,False,384,200–400
1,1,True,351,200–400
5,5,True,445,400–600
1,1,True,119,<200
2,6,False,419,400–600
2,2,True,417,400–600
3,3,True,133,<200
2,6,False,454,400–600
6,6,True,882,800–1200
4,4,True,277,200–400
2,2,True,238,200–400
6,6,True,879,800–1200
2,2,True,702,600–800
1,1,True,268,200–400
2,1,False,430,400–600
4,4,True,563,400–600
2,2,True,393,200–400
6,6,True,453,400–600
4,4,True,171,<200
6,6,True,483,400–600
2,2,True,370,200–400
6,6,True,275,200–400
2,2,True,212,200–400
3,3,True,164,<200
2,2,True,211,200–400
1,1,True,339,200–400
2,2,True,212,200–400
3,3,True,122,<200
4,4,True,457,400–600
6,3,False,339,200–400
2,2,True,205,200–400
5,5,True,237,200–400
3,3,True,575,400–600
2,2,True,354,200–400
2,3,False,259,200–400
3,3,True,284,200–400
3,3,True,142,<200
3,3,True,522,400–600
4,4,True,559,400–600
3,3,True,882,800–1200
6,6,True,480,400–600
2,2,True,245,200–400
1,1,True,582,400–600
4,4,True,146,<200
1,1,True,421,400–600
1,1,True,278,200–400
2,2,True,269,200–400
3,3,True,222,200–400
2,3,False,228,200–400
2,2,True,272,200–400
2,6,False,700,600–800
3,3,True,687,600–800
2,2,True,370,200–400
6,6,True,544,400–600
2,2,True,1342,>1200
2,2,True,391,200–400
1,1,True,189,<200
2,2,True,353,200–400
1,1,True,447,400–600
6,6,True,1141,800–1200
2,2,True,392,200–400
3,3,True,450,400–600
3,1,False,306,200–400
4,4,True,144,<200
2,2,True,233,200–400
2,5,False,260,200–400
4,4,True,426,400–600
2,6,False,440,400–600
3,3,True,459,400–600
1,1,True,383,200–400
2,2,True,62,<200
1,5,False,575,400–600
2,2,True,192,<200
2,2,True,391,200–400
3,3,True,254,200–400
5,5,True,253,200–400
5,5,True,254,200–400
1,1,True,344,200–400
2,2,True,143,<200
3,3,True,715,600–800
1,1,True,255,200–400
3,3,True,565,400–600
2,2,True,313,200–400
2,3,False,279,200–400
5,5,True,447,400–600
2,2,True,512,400–600
4,4,True,258,200–400
4,4,True,494,400–600
2,2,True,216,200–400
2,2,True,303,200–400
5,5,True,441,400–600
6,6,True,1298,>1200
3,2,False,325,200–400
2,2,True,783,600–800
2,5,False,240,200–400
4,4,True,298,200–400
2,2,True,216,200–400
6,6,True,648,600–800
4,2,False,227,200–400
3,1,False,599,400–600
3,3,True,245,200–400
5,5,True,286,200–400
3,3,True,713,600–800
4,4,True,354,200–400
6,6,True,371,200–400
4,4,True,289,200–400
6,6,True,597,400–600
3,3,True,342,200–400
5,5,True,249,200–400
2,2,True,280,200–400
3,3,True,231,200–400
2,6,False,483,400–600
2,2,True,356,200–400
5,5,True,273,200–400
1,1,True,417,400–600
2,2,True,367,200–400
1,1,True,334,200–400
1,1,True,327,200–400
3,3,True,242,200–400
3,1,False,498,400–600
2,6,False,446,400–600
2,2,True,715,600–800
3,3,True,329,200–400
4,4,True,271,200–400
1,1,True,414,400–600
3,3,True,1205,>1200
6,6,True,388,200–400
5,5,True,472,400–600
2,2,True,444,400–600
3,3,True,1364,>1200
6,6,True,872,800–1200
2,2,True,212,200–400
1,1,True,298,200–400
4,4,True,150,<200
1,1,True,304,200–400
1,1,True,201,200–400
6,6,True,338,200–400
6,6,True,556,400–600
6,6,True,859,800–1200
4,1,False,401,400–600
2,2,True,471,400–600
6,6,True,490,400–600
6,6,True,433,400–600
3,3,True,210,200–400
2,4,False,195,<200
2,1,False,402,400–600
2,2,True,312,200–400
1,1,True,301,200–400
2,5,False,127,<200
6,6,True,417,400–600
4,4,True,473,400–600
1,2,False,401,400–600
2,2,True,352,200–400
2,4,False,181,<200
3,1,False,737,600–800
2,2,True,1499,>1200
2,2,True,418,400–600
1,2,False,297,200–400
3,3,True,315,200–400
5,5,True,637,600–800
3,3,True,189,<200
2,2,True,1255,>1200
1,1,True,436,400–600
5,5,True,182,<200
6,6,True,548,400–600
5,5,True,430,400–600
6,6,True,412,400–600
3,3,True,329,200–400
3,3,True,292,200–400
3,3,True,70,<200
3,3,True,435,400–600
6,6,True,505,400–600
3,3,True,127,<200
2,2,True,711,600–800
4,3,False,278,200–400
6,6,True,720,600–800
4,4,True,360,200–400
2,2,True,638,600–800
2,2,True,192,<200
2,5,False,249,200–400
4,4,True,364,200–400
4,2,False,332,200–400
3,3,True,422,400–600
1,1,True,453,400–600
3,2,False,732,600–800
2,2,True,207,200–400
4,5,False,221,200–400
2,2,True,209,200–400
2,6,False,442,400–600
2,2,True,365,200–400
2,2,True,243,200–400
3,1,False,290,200–400
2,2,True,405,400–600
3,2,False,773,600–800
3,3,True,146,<200
2,2,True,151,<200
6,6,True,521,400–600
1,1,True,380,200–400
4,4,True,659,600–800
3,3,True,1101,800–1200
3,3,True,181,<200
1,1,True,342,200–400
3,3,True,263,200–400
6,6,True,352,200–400
2,4,False,366,200–400
2,2,True,385,200–400
6,6,True,684,600–800
6,6,True,609,600–800
2,2,True,274,200–400
4,4,True,430,400–600
5,5,True,254,200–400
2,2,True,286,200–400
6,6,True,591,400–600
1,1,True,570,400–600
1,1,True,419,400–600
5,5,True,253,200–400
3,3,True,122,<200
6,6,True,382,200–400
2,2,True,1171,800–1200
2,3,False,922,800–1200
1,1,True,333,200–400
3,3,True,356,200–400
3,3,True,247,200–400
4,4,True,116,<200
3,6,False,643,600–800
6,6,True,547,400–600
2,3,False,1757,>1200
2,2,True,167,<200
1,1,True,268,200–400
4,4,True,364,200–400
3,3,True,608,600–800
2,2,True,282,200–400
1,1,True,444,400–600
3,3,True,418,400–600
1,1,True,213,200–400
6,6,True,688,600–800
1,1,True,351,200–400
6,6,True,431,400–600
2,2,True,365,200–400
6,6,True,401,400–600
1,1,True,440,400–600
6,3,False,84,<200
2,1,False,483,400–600
1,2,False,299,200–400
2,2,True,312,200–400
5,2,False,478,400–600
3,3,True,1023,800–1200
2,2,True,270,200–400
4,5,False,206,200–400
1,1,True,215,200–400
2,3,False,481,400–600
2,3,False,177,<200
2,2,True,304,200–400
3,3,True,968,800–1200
3,3,True,597,400–600
5,5,True,433,400–600
3,3,True,339,200–400
2,3,False,585,400–600
2,2,True,185,<200
6,2,False,379,200–400
2,2,True,324,200–400
2,2,True,535,400–600
2,2,True,316,200–400
1,1,True,418,400–600
3,2,False,244,200–400
6,1,False,366,200–400
1,5,False,298,200–400
6,6,True,1080,800–1200
1,1,True,330,200–400
2,3,False,1196,800–1200
2,2,True,218,200–400
3,3,True,622,600–800
4,4,True,358,200–400
5,1,False,359,200–400
2,2,True,213,200–400
5,5,True,218,200–400
3,3,True,356,200–400
6,6,True,513,400–600
2,2,True,397,200–400
4,4,True,274,200–400
3,2,False,250,200–400
6,3,False,417,400–600
5,5,True,436,400–600
2,2,True,194,<200
2,2,True,367,200–400
5,5,True,269,200–400
1,1,True,535,400–600
4,4,True,168,<200
3,3,True,231,200–400
3,3,True,315,200–400
3,3,True,495,400–600
1,1,True,516,400–600
2,1,False,384,200–400
2,2,True,598,400–600
2,3,False,600,400–600
2,5,False,463,400–600
6,6,True,474,400–600
6,6,True,1104,800–1200
5,5,True,371,200–400
2,2,True,178,<200
2,2,True,322,200–400
3,3,True,186,<200
3,3,True,534,400–600
2,2,True,313,200–400
4,4,True,444,400–600
6,6,True,532,400–600
6,5,False,617,600–800
3,2,False,259,200–400
2,2,True,367,200–400
3,3,True,215,200–400
6,6,True,502,400–600
2,2,True,291,200–400
1,1,True,198,<200
1,3,False,124,<200
3,3,True,340,200–400
2,2,True,742,600–800
3,1,False,372,200–400
2,4,False,348,200–400
1,1,True,359,200–400
2,2,True,516,400–600
1,1,True,288,200–400
4,4,True,329,200–400
3,3,True,111,<200
1,4,False,242,200–400
3,3,True,250,200–400
2,2,True,234,200–400
2,2,True,556,400–600
1,1,True,431,400–600
2,6,False,1152,800–1200
1,1,True,212,200–400
2,2,True,361,200–400
1,1,True,515,400–600
2,2,True,4374,>1200
2,3,False,447,400–600
4,4,True,198,<200
3,3,True,283,200–400
2,2,True,319,200–400
4,4,True,367,200–400
3,3,True,578,400–600
2,3,False,302,200–400
3,3,True,421,400–600
1,1,True,363,200–400
1,1,True,228,200–400
3,3,True,568,400–600
1,1,True,400,200–400
6,6,True,578,400–600
6,6,True,523,400–600
6,6,True,95,<200
2,2,True,1169,800–1200
3,3,True,617,600–800
1,1,True,299,200–400
1,1,True,186,<200
6,6,True,357,200–400
2,2,True,395,200–400
4,4,True,478,400–600
5,5,True,108,<200
5,1,False,577,400–600
2,2,True,272,200–400
2,2,True,369,200–400
2,2,True,372,200–400
2,2,True,289,200–400
2,2,True,354,200–400
2,2,True,403,400–600
5,5,True,482,400–600
2,2,True,455,400–600
3,3,True,476,400–600
1,1,True,373,200–400
3,1,False,321,200–400
3,3,True,2328,>1200
2,2,True,163,<200
6,4,False,345,200–400
2,2,True,338,200–400
5,5,True,292,200–400
3,3,True,148,<200
4,1,False,676,600–800
5,5,True,183,<200
5,5,True,512,400–600
2,2,True,1674,>1200
2,2,True,323,200–400
3,5,False,220,200–400
1,1,True,320,200–400
2,2,True,383,200–400
2,2,True,451,400–600
6,5,False,380,200–400
3,5,False,428,400–600
1,1,True,338,200–400
6,6,True,393,200–400
2,1,False,379,200–400
3,6,False,569,400–600
3,3,True,467,400–600
6,6,True,480,400–600
2,2,True,417,400–600
3,3,True,635,600–800
2,3,False,180,<200
4,4,True,430,400–600
5,5,True,277,200–400
3,3,True,560,400–600
3,3,True,776,600–800
2,2,True,293,200–400
3,3,True,658,600–800
5,5,True,560,400–600
4,4,True,431,400–600
5,5,True,230,200–400
4,4,True,232,200–400
1,2,False,237,200–400
2,5,False,509,400–600
1,3,False,601,600–800
2,2,True,254,200–400
1,1,True,216,200–400
6,6,True,616,600–800
3,2,False,657,600–800
2,2,True,172,<200
2,2,True,387,200–400
3,6,False,460,400–600
2,2,True,311,200–400
1,1,True,542,400–600
6,6,True,500,400–600
2,5,False,335,200–400
4,3,False,162,<200
6,6,True,313,200–400
3,3,True,1702,>1200
3,1,False,495,400–600
3,3,True,205,200–400
1,1,True,244,200–400
2,1,False,286,200–400
4,4,True,173,<200
4,4,True,558,400–600
2,2,True,381,200–400
5,5,True,252,200–400
3,3,True,244,200–400
2,1,False,261,200–400
2,2,True,291,200–400
2,2,True,333,200–400
6,6,True,244,200–400
6,6,True,453,400–600
1,2,False,246,200–400
3,3,True,861,800–1200
3,2,False,219,200–400
5,5,True,305,200–400
2,2,True,373,200–400
3,3,True,507,400–600
2,3,False,131,<200
3,3,True,166,<200
3,3,True,371,200–400
4,2,False,232,200–400
6,6,True,545,400–600
1,2,False,313,200–400
2,2,True,255,200–400
6,6,True,650,600–800
3,3,True,176,<200
2,2,True,743,600–800
6,6,True,400,200–400
2,2,True,373,200–400
6,6,True,544,400–600
2,6,False,572,400–600
6,2,False,366,200–400
1,1,True,164,<200
3,6,False,805,800–1200
4,4,True,483,400–600
2,2,True,327,200–400
4,4,True,201,200–400
2,3,False,492,400–600
2,2,True,637,600–800
2,2,True,213,200–400
2,1,False,692,600–800
1,1,True,338,200–400
3,3,True,653,600–800
4,4,True,363,200–400
1,1,True,445,400–600
2,2,True,311,200–400
3,3,True,240,200–400
2,2,True,228,200–400
1,2,False,1153,800–1200
3,3,True,121,<200
4,4,True,194,<200
6,6,True,507,400–600
2,3,False,487,400–600
2,6,False,446,400–600
2,2,True,209,200–400
2,2,True,196,<200
2,2,True,677,600–800
3,3,True,175,<200
3,3,True,617,600–800
2,2,True,264,200–400
2,6,False,438,400–600
3,3,True,240,200–400
4,4,True,96,<200
5,5,True,244,200–400
1,1,True,526,400–600
2,2,True,483,400–600
3,3,True,293,200–400
2,2,True,293,200–400
3,3,True,268,200–400
6,6,True,98,<200
4,4,True,508,400–600
1,1,True,313,200–400
2,1,False,518,400–600
4,4,True,432,400–600
1,4,False,211,200–400
2,1,False,367,200–400
6,6,True,954,800–1200
2,2,True,183,<200
2,2,True,378,200–400
1,1,True,750,600–800
6,6,True,462,400–600
2,2,True,194,<200
4,3,False,610,600–800
5,3,False,299,200–400
2,2,True,273,200–400
4,4,True,208,200–400
5,5,True,387,200–400
1,1,True,857,800–1200
2,2,True,412,400–600
2,2,True,303,200–400
1,1,True,320,200–400
5,5,True,197,<200
1,1,True,286,200–400
2,2,True,241,200–400
6,6,True,475,400–600
2,3,False,220,200–400
3,6,False,459,400–600
1,1,True,521,400–600
1,1,True,497,400–600
2,3,False,194,<200
6,6,True,535,400–600
1,1,True,290,200–400
2,2,True,238,200–400
5,3,False,226,200–400
1,1,True,455,400–600
5,5,True,241,200–400
2,2,True,371,200–400
3,2,False,422,400–600
6,6,True,100,<200
2,2,True,378,200–400
3,3,True,273,200–400
6,6,True,363,200–400
3,3,True,553,400–600
3,3,True,361,200–400
3,4,False,148,<200
3,3,True,279,200–400
3,3,True,560,400–600
2,2,True,319,200–400
2,2,True,387,200–400
3,3,True,94,<200
3,3,True,779,600–800
2,2,True,297,200–400
1,1,True,388,200–400
2,2,True,689,600–800
6,6,True,523,400–600
2,2,True,399,200–400
3,3,True,130,<200
3,3,True,196,<200
2,2,True,368,200–400
2,2,True,376,200–400
2,2,True,364,200–400
3,1,False,321,200–400
2,2,True,311,200–400
3,1,False,404,400–600
1,1,True,492,400–600
3,3,True,95,<200
2,1,False,358,200–400
2,4,False,259,200–400
3,3,True,287,200–400
6,1,False,429,400–600
3,3,True,429,400–600
2,2,True,265,200–400
2,3,False,630,600–800
1,3,False,1690,>1200
2,2,True,195,<200
2,2,True,229,200–400
3,3,True,449,400–600
3,4,False,165,<200
2,2,True,139,<200
1,1,True,362,200–400
2,2,True,343,200–400
5,5,True,245,200–400
2,5,False,236,200–400
3,3,True,238,200–400
2,2,True,364,200–400
6,6,True,458,400–600
1,1,True,398,200–400
4,4,True,365,200–400
2,2,True,229,200–400
5,5,True,419,400–600
3,3,True,204,200–400
5,5,True,368,200–400
1,1,True,205,200–400
3,3,True,194,<200
4,2,False,640,600–800
6,6,True,461,400–600
1,1,True,288,200–400
6,6,True,432,400–600
2,2,True,352,200–400
2,2,True,213,200–400
2,1,False,562,400–600
6,1,False,346,200–400
2,2,True,366,200–400
3,3,True,176,<200
2,2,True,297,200–400
4,4,True,432,400–600
4,4,True,326,200–400
3,3,True,173,<200
3,3,True,467,400–600
3,1,False,345,200–400
2,1,False,302,200–400
2,3,False,491,400–600
3,3,True,199,<200
6,6,True,424,400–600
2,2,True,2187,>1200
2,2,True,263,200–400
3,2,False,369,200–400
2,2,True,318,200–400
6,6,True,804,800–1200
2,2,True,372,200–400
3,2,False,336,200–400
2,5,False,458,400–600
3,1,False,499,400–600
2,2,True,657,600–800
2,2,True,396,200–400
4,4,True,225,200–400
5,5,True,267,200–400
6,6,True,227,200–400
3,3,True,503,400–600
6,3,False,260,200–400
6,6,True,423,400–600
6,6,True,405,400–600
2,2,True,355,200–400
3,1,False,552,400–600
3,5,False,444,400–600
3,3,True,148,<200
3,1,False,819,800–1200
1,1,True,337,200–400
4,4,True,230,200–400
2,2,True,234,200–400
2,1,False,325,200–400
6,6,True,610,600–800
3,3,True,384,200–400
2,2,True,370,200–400
1,1,True,577,400–600
2,1,False,375,200–400
4,4,True,373,200–400
3,3,True,1220,>1200
3,3,True,165,<200
6,6,True,949,800–1200
3,3,True,955,800–1200
1,1,True,358,200–400
5,5,True,623,600–800
3,3,True,231,200–400
1,1,True,601,600–800
5,5,True,419,400–600
5,1,False,497,400–600
1,1,True,287,200–400
1,1,True,954,800–1200
1,1,True,526,400–600
6,6,True,418,400–600
4,3,False,1086,800–1200
6,2,False,210,200–400
2,1,False,569,400–600
3,3,True,169,<200
3,3,True,394,200–400
1,6,False,600,400–600
2,2,True,1227,>1200
2,2,True,263,200–400
4,4,True,428,400–600
3,5,False,234,200–400
3,3,True,356,200–400
6,6,True,427,400–600
2,2,True,281,200–400
2,2,True,382,200–400
3,4,False,357,200–400
1,1,True,318,200–400
2,1,False,399,200–400
2,3,False,191,<200
6,6,True,236,200–400
2,2,True,443,400–600
6,6,True,550,400–600
2,2,True,367,200–400
2,2,True,552,400–600
2,1,False,219,200–400
3,3,True,336,200–400
2,2,True,497,400–600
6,6,True,890,800–1200
3,2,False,398,200–400
1,1,True,176,<200
2,2,True,357,200–400
4,4,True,297,200–400
6,2,False,363,200–400
2,1,False,422,400–600
2,2,True,213,200–400
3,3,True,152,<200
1,1,True,501,400–600
6,6,True,464,400–600
2,2,True,419,400–600
4,4,True,434,400–600
2,2,True,427,400–600
1,1,True,286,200–400
3,3,True,643,600–800
1,1,True,319,200–400
2,2,True,357,200–400
1,1,True,353,200–400
2,2,True,141,<200
2,5,False,255,200–400
2,2,True,257,200–400
6,6,True,345,200–400
2,2,True,372,200–400
4,4,True,428,400–600
3,3,True,185,<200
5,2,False,462,400–600
3,3,True,299,200–400
2,2,True,216,200–400
2,2,True,585,400–600
6,6,True,312,200–400
2,1,False,311,200–400
3,3,True,217,200–400
2,2,True,227,200–400
2,2,True,171,<200
2,2,True,159,<200
2,4,False,167,<200
5,5,True,223,200–400
2,2,True,951,800–1200
3,3,True,358,200–400
3,3,True,663,600–800
3,3,True,311,200–400
2,2,True,354,200–400
3,3,True,211,200–400
1,1,True,286,200–400
2,2,True,360,200–400
1,1,True,270,200–400
3,3,True,94,<200
3,1,False,300,200–400
1,1,True,313,200–400
3,3,True,1382,>1200
3,3,True,337,200–400
3,3,True,199,<200
3,3,True,446,400–600
3,3,True,269,200–400
4,1,False,617,600–800
3,3,True,220,200–400
2,2,True,205,200–400
2,2,True,481,400–600
3,3,True,414,400–600
3,3,True,454,400–600
1,1,True,728,600–800
6,6,True,438,400–600
6,6,True,436,400–600
4,4,True,196,<200
4,4,True,357,200–400
6,6,True,551,400–600
2,2,True,382,200–400
3,6,False,640,600–800
3,6,False,469,400–600
3,3,True,281,200–400
3,3,True,269,200–400
4,4,True,725,600–800
6,6,True,459,400–600
2,1,False,422,400–600
2,2,True,1184,800–1200
2,1,False,401,400–600
2,2,True,376,200–400
2,3,False,88,<200
2,2,True,310,200–400
4,2,False,165,<200
2,2,True,378,200–400
1,2,False,328,200–400
2,1,False,401,400–600
3,3,True,670,600–800
3,2,False,277,200–400
5,5,True,252,200–400
4,4,True,511,400–600
6,6,True,306,200–400
3,3,True,504,400–600
6,6,True,891,800–1200
1,1,True,513,400–600
5,5,True,351,200–400
1,1,True,734,600–800
1,1,True,282,200–400
6,6,True,461,400–600
2,2,True,415,400–600
2,5,False,268,200–400
2,2,True,395,200–400
5,5,True,433,400–600
2,2,True,212,200–400
2,2,True,653,600–800
3,3,True,230,200–400
3,3,True,171,<200
3,1,False,432,400–600
3,3,True,261,200–400
2,2,True,346,200–400
3,3,True,156,<200
5,5,True,275,200–400
3,3,True,403,400–600
6,6,True,429,400–600
2,1,False,550,400–600
3,3,True,70,<200
3,3,True,280,200–400
3,3,True,145,<200
3,3,True,221,200–400
2,2,True,765,600–800
5,5,True,432,400–600
2,5,False,267,200–400
5,5,True,358,200–400
4,4,True,804,800–1200
2,3,False,226,200–400
2,5,False,224,200–400
2,2,True,228,200–400
3,3,True,211,200–400
2,2,True,451,400–600
2,2,True,220,200–400
6,6,True,589,400–600
3,3,True,470,400–600
2,2,True,1342,>1200
6,6,True,557,400–600
2,2,True,344,200–400
2,2,True,201,200–400
2,2,True,430,400–600
3,2,False,390,200–400
2,2,True,290,200–400
3,3,True,201,200–400
2,4,False,123,<200
2,2,True,310,200–400
2,2,True,371,200–400
2,2,True,398,200–400
4,4,True,359,200–400
2,2,True,163,<200
6,1,False,413,400–600
5,5,True,208,200–400
4,4,True,152,<200
6,6,True,293,200–400
4,4,True,298,200–400
1,6,False,464,400–600
2,2,True,382,200–400
2,4,False,192,<200
6,3,False,475,400–600
5,5,True,434,400–600
3,6,False,470,400–600
3,3,True,228,200–400
5,5,True,272,200–400
2,2,True,325,200–400
5,3,False,254,200–400
6,6,True,373,200–400
3,3,True,256,200–400
2,5,False,419,400–600
5,5,True,360,200–400
6,6,True,467,400–600
3,3,True,203,200–400
1,1,True,194,<200
1,1,True,122,<200
6,6,True,803,800–1200
3,3,True,227,200–400
2,5,False,228,200–400
6,6,True,545,400–600
1,1,True,335,200–400
2,2,True,284,200–400
2,2,True,487,400–600
3,3,True,210,200–400
3,3,True,282,200–400
1,1,True,222,200–400
3,3,True,768,600–800
1,1,True,447,400–600
3,3,True,197,<200
4,4,True,268,200–400
2,2,True,1316,>1200
2,2,True,292,200–400
1,1,True,403,400–600
3,3,True,1074,800–1200
4,2,False,313,200–400
3,2,False,295,200–400
6,6,True,439,400–600
2,2,True,412,400–600
2,3,False,266,200–400
6,6,True,510,400–600
3,3,True,341,200–400
1,1,True,830,800–1200
6,6,True,863,800–1200
2,2,True,310,200–400
2,1,False,292,200–400
5,5,True,502,400–600
2,3,False,288,200–400
2,3,False,402,400–600
1,1,True,1156,800–1200
4,4,True,148,<200
1,3,False,180,<200
2,1,False,370,200–400
3,5,False,399,200–400
6,3,False,754,600–800
5,5,True,140,<200
2,2,True,312,200–400
3,3,True,1179,800–1200
3,3,True,774,600–800
2,2,True,258,200–400
6,6,True,493,400–600
4,3,False,541,400–600
1,1,True,491,400–600
2,2,True,727,600–800
5,5,True,215,200–400
1,1,True,261,200–400
1,1,True,828,800–1200
4,4,True,171,<200
6,6,True,273,200–400
4,3,False,211,200–400
5,5,True,449,400–600
3,3,True,223,200–400
2,2,True,135,<200
2,2,True,163,<200
2,2,True,229,200–400
2,2,True,492,400–600
3,3,True,110,<200
6,6,True,458,400–600
2,1,False,466,400–600
2,2,True,890,800–1200
1,1,True,448,400–600
3,3,True,180,<200
2,6,False,598,400–600
4,4,True,113,<200
6,2,False,503,400–600
3,3,True,1433,>1200
2,3,False,616,600–800
2,2,True,358,200–400
2,2,True,217,200–400
1,1,True,427,400–600
2,2,True,1373,>1200
5,5,True,251,200–400
6,6,True,1275,>1200
4,4,True,271,200–400
3,3,True,576,400–600
5,5,True,425,400–600
3,3,True,150,<200
1,1,True,326,200–400
3,3,True,348,200–400
2,2,True,1332,>1200
3,3,True,167,<200
6,6,True,287,200–400
4,4,True,251,200–400
2,2,True,806,800–1200
2,3,False,428,400–600
3,3,True,196,<200
1,1,True,329,200–400
1,1,True,337,200–400
5,2,False,209,200–400
1,1,True,352,200–400
3,3,True,623,600–800
2,2,True,233,200–400
4,4,True,791,600–800
6,6,True,250,200–400
1,1,True,493,400–600
2,2,True,214,200–400
2,2,True,1407,>1200
2,2,True,316,200–400
6,6,True,501,400–600
2,2,True,216,200–400
3,3,True,1147,800–1200
2,3,False,193,<200
2,3,False,1229,>1200
2,2,True,290,200–400
2,2,True,277,200–400
6,6,True,422,400–600
3,3,True,282,200–400
2,2,True,535,400–600
3,3,True,337,200–400
2,1,False,474,400–600
2,2,True,240,200–400
3,3,True,184,<200
2,3,False,943,800–1200
3,3,True,369,200–400
3,3,True,774,600–800
2,3,False,515,400–600
5,5,True,366,200–400
3,3,True,341,200–400
6,6,True,504,400–600
2,2,True,457,400–600
2,2,True,336,200–400
1,1,True,356,200–400
3,3,True,471,400–600
3,3,True,379,200–400
2,2,True,711,600–800
2,3,False,895,800–1200
5,5,True,376,200–400
6,6,True,930,800–1200
2,3,False,704,600–800
2,2,True,99,<200
5,5,True,245,200–400
5,5,True,407,400–600
3,3,True,186,<200
1,1,True,368,200–400
2,2,True,383,200–400
2,6,False,438,400–600
2,2,True,236,200–400
2,2,True,257,200–400
2,2,True,464,400–600
6,6,True,876,800–1200
2,2,True,370,200–400
2,6,False,668,600–800
3,3,True,645,600–800
5,5,True,245,200–400
2,2,True,461,400–600
3,2,False,249,200–400
2,2,True,211,200–400
4,4,True,358,200–400
4,4,True,708,600–800
2,2,True,645,600–800
2,6,False,439,400–600
3,3,True,2176,>1200
3,2,False,243,200–400
2,2,True,375,200–400
2,2,True,361,200–400
2,2,True,567,400–600
3,3,True,1217,>1200
1,1,True,202,200–400
2,2,True,440,400–600
2,4,False,179,<200
3,2,False,306,200–400
6,6,True,724,600–800
2,2,True,573,400–600
3,3,True,75,<200
4,4,True,158,<200
6,6,True,525,400–600
3,3,True,186,<200
6,6,True,694,600–800
4,4,True,446,400–600
1,1,True,633,600–800
3,3,True,355,200–400
6,6,True,305,200–400
2,2,True,385,200–400
4,4,True,156,<200
2,1,False,284,200–400
3,3,True,250,200–400
1,1,True,429,400–600
1,1,True,295,200–400
2,2,True,1311,>1200
1,3,False,240,200–400
3,3,True,286,200–400
3,3,True,575,400–600
2,2,True,288,200–400
2,1,False,529,400–600
4,4,True,362,200–400
2,2,True,330,200–400
3,3,True,333,200–400
2,1,False,372,200–400
3,3,True,249,200–400
2,2,True,375,200–400
2,2,True,258,200–400
2,1,False,400,200–400
5,5,True,263,200–400
1,1,True,581,400–600
2,3,False,270,200–400
2,2,True,855,800–1200
2,2,True,400,200–400
2,1,False,485,400–600
3,3,True,289,200–400
2,2,True,472,400–600
2,6,False,985,800–1200
6,6,True,227,200–400
1,1,True,499,400–600
2,2,True,262,200–400
2,2,True,284,200–400
2,3,False,110,<200
1,1,True,336,200–400
4,2,False,232,200–400
6,2,False,329,200–400
2,3,False,316,200–400
6,6,True,602,600–800
2,2,True,335,200–400
2,2,True,202,200–400
3,5,False,283,200–400
4,4,True,362,200–400
5,5,True,239,200–400
6,6,True,574,400–600
1,1,True,363,200–400
4,4,True,274,200–400
1,1,True,339,200–400
6,6,True,498,400–600
3,3,True,616,600–800
2,2,True,416,400–600
6,6,True,510,400–600
3,3,True,422,400–600
2,2,True,479,400–600
6,6,True,416,400–600
6,6,True,356,200–400
2,2,True,317,200–400
3,3,True,242,200–400
3,3,True,173,<200
2,4,False,140,<200
3,3,True,311,200–400
2,2,True,211,200–400
4,4,True,370,200–400
2,2,True,264,200–400
6,6,True,601,600–800
6,6,True,591,400–600
3,3,True,622,600–800
2,2,True,373,200–400
6,6,True,553,400–600
1,1,True,312,200–400
2,5,False,103,<200
3,3,True,835,800–1200
6,6,True,482,400–600
6,6,True,426,400–600
4,4,True,355,200–400
6,6,True,513,400–600
3,3,True,1771,>1200
3,3,True,154,<200
5,5,True,197,<200
2,2,True,205,200–400
2,2,True,180,<200
4,4,True,237,200–400
3,3,True,279,200–400
2,3,False,645,600–800
1,1,True,366,200–400
3,3,True,140,<200
6,6,True,804,800–1200
2,2,True,300,200–400
2,2,True,1757,>1200
3,3,True,138,<200
3,1,False,212,200–400
4,4,True,398,200–400
3,3,True,794,600–800
3,3,True,657,600–800
3,3,True,1590,>1200
3,5,False,288,200–400
4,1,False,86,<200
6,6,True,535,400–600
1,1,True,81,<200
3,3,True,399,200–400
5,5,True,314,200–400
1,1,True,383,200–400
5,5,True,131,<200
6,6,True,554,400–600
1,1,True,353,200–400
3,3,True,244,200–400
3,3,True,228,200–400
2,1,False,298,200–400
4,4,True,172,<200
3,3,True,215,200–400
4,4,True,308,200–400
2,2,True,260,200–400
2,2,True,431,400–600
1,1,True,379,200–400
2,2,True,310,200–400
1,1,True,383,200–400
4,4,True,146,<200
2,2,True,153,<200
2,4,False,222,200–400
3,3,True,209,200–400
3,3,True,183,<200
5,5,True,378,200–400
2,2,True,802,800–1200
1,3,False,594,400–600
5,5,True,233,200–400
4,4,True,470,400–600
3,3,True,138,<200
3,3,True,239,200–400
1,1,True,407,400–600
2,2,True,358,200–400
3,3,True,198,<200
1,1,True,362,200–400
4,4,True,103,<200
2,3,False,1192,800–1200
2,2,True,310,200–400
5,5,True,258,200–400
3,3,True,249,200–400
3,4,False,344,200–400
2,2,True,386,200–400
2,2,True,777,600–800
2,2,True,262,200–400
1,1,True,563,400–600
3,3,True,157,<200
1,1,True,299,200–400
2,2,True,345,200–400
3,3,True,1638,>1200
2,2,True,338,200–400
2,2,True,431,400–600
4,4,True,147,<200
2,2,True,314,200–400
3,3,True,288,200–400
3,3,True,244,200–400
3,3,True,281,200–400
3,3,True,717,600–800
2,2,True,481,400–600
1,1,True,430,400–600
3,3,True,307,200–400
2,3,False,1321,>1200
6,6,True,1071,800–1200
2,2,True,257,200–400
3,3,True,198,<200
2,2,True,236,200–400
2,2,True,732,600–800
3,3,True,169,<200
4,4,True,556,400–600
1,4,False,190,<200
4,4,True,326,200–400
4,4,True,233,200–400
6,2,False,280,200–400
6,6,True,348,200–400
1,1,True,518,400–600
3,3,True,146,<200
2,1,False,380,200–400
1,2,False,510,400–600
3,3,True,270,200–400
3,3,True,288,200–400
2,6,False,481,400–600
1,1,True,505,400–600
1,4,False,930,800–1200
6,6,True,344,200–400
6,6,True,697,600–800
2,2,True,526,400–600
2,3,False,304,200–400
2,2,True,225,200–400
2,2,True,760,600–800
2,2,True,327,200–400
2,2,True,399,200–400
2,2,True,304,200–400
1,1,True,724,600–800
5,4,False,552,400–600
2,3,False,358,200–400
2,2,True,1732,>1200
1,1,True,535,400–600
2,2,True,245,200–400
1,1,True,481,400–600
2,2,True,242,200–400
2,2,True,342,200–400
3,3,True,584,400–600
2,2,True,1291,>1200
3,3,True,174,<200
5,5,True,377,200–400
2,2,True,337,200–400
3,3,True,253,200–400
3,3,True,362,200–400
2,2,True,370,200–400
2,2,True,720,600–800
1,1,True,464,400–600
6,6,True,388,200–400
2,1,False,476,400–600
6,2,False,474,400–600
2,2,True,188,<200
2,2,True,222,200–400
6,6,True,469,400–600
3,3,True,184,<200
4,4,True,281,200–400
6,2,False,432,400–600
3,3,True,612,600–800
3,3,True,566,400–600
1,1,True,279,200–400
5,5,True,251,200–400
1,1,True,540,400–600
3,3,True,135,<200
4,3,False,375,200–400
2,3,False,841,800–1200
5,5,True,434,400–600
6,6,True,455,400–600
2,2,True,384,200–400
6,4,False,184,<200
3,3,True,180,<200
2,1,False,410,400–600
1,1,True,401,400–600
3,3,True,468,400–600
3,3,True,279,200–400
2,2,True,192,<200
2,2,True,314,200–400
2,2,True,254,200–400
3,2,False,293,200–400
1,1,True,368,200–400
2,2,True,762,600–800
2,2,True,294,200–400
2,3,False,523,400–600
3,5,False,446,400–600
6,6,True,424,400–600
5,5,True,440,400–600
2,2,True,1191,800–1200
2,2,True,392,200–400
2,2,True,427,400–600
1,1,True,212,200–400
4,4,True,562,400–600
2,2,True,1031,800–1200
6,6,True,590,400–600
4,6,False,626,600–800
3,3,True,418,400–600
6,6,True,681,600–800
6,6,True,347,200–400
3,3,True,217,200–400
6,1,False,295,200–400
2,6,False,505,400–600
4,4,True,252,200–400
3,3,True,498,400–600
1,6,False,523,400–600
2,2,True,354,200–400
2,2,True,405,400–600
2,1,False,273,200–400
2,6,False,352,200–400
3,3,True,490,400–600
3,3,True,954,800–1200
2,2,True,187,<200
1,1,True,496,400–600
2,2,True,264,200–400
6,6,True,227,200–400
2,2,True,268,200–400
2,2,True,303,200–400
1,1,True,338,200–400
1,1,True,417,400–600
3,3,True,196,<200
4,2,False,1839,>1200
2,2,True,303,200–400
2,2,True,509,400–600
4,4,True,428,400–600
2,2,True,455,400–600
2,2,True,631,600–800
2,2,True,462,400–600
3,3,True,181,<200
6,6,True,422,400–600
3,3,True,524,400–600
2,1,False,472,400–600
2,2,True,572,400–600
3,3,True,479,400–600
3,3,True,458,400–600
5,5,True,427,400–600
2,2,True,283,200–400
2,6,False,877,800–1200
6,6,True,424,400–600
3,3,True,300,200–400
3,3,True,467,400–600
6,6,True,429,400–600
3,3,True,350,200–400
4,4,True,402,400–600
2,2,True,373,200–400
6,6,True,544,400–600
3,3,True,495,400–600
1,1,True,293,200–400
4,4,True,264,200–400
2,2,True,220,200–400
4,1,False,346,200–400
2,2,True,375,200–400
4,4,True,561,400–600
3,3,True,171,<200
1,1,True,263,200–400
4,4,True,469,400–600
1,1,True,497,400–600
2,2,True,375,200–400
2,2,True,233,200–400
6,6,True,212,200–400
3,3,True,334,200–400
2,2,True,315,200–400
4,4,True,380,200–400
1,2,False,368,200–400
2,2,True,235,200–400
1,1,True,523,400–600
2,2,True,741,600–800
4,4,True,297,200–400
1,1,True,316,200–400
2,1,False,426,400–600
2,3,False,286,200–400
1,1,True,382,200–400
2,2,True,296,200–400
4,1,False,348,200–400
1,2,False,352,200–400
2,2,True,299,200–400
2,2,True,502,400–600
6,6,True,490,400–600
3,3,True,511,400–600
2,2,True,450,400–600
2,2,True,1434,>1200
3,1,False,383,200–400
2,2,True,383,200–400
2,3,False,198,<200
2,2,True,414,400–600
3,3,True,348,200–400
6,3,False,231,200–400
4,4,True,155,<200
3,3,True,155,<200
5,5,True,444,400–600
4,4,True,275,200–400
2,2,True,227,200–400
1,1,True,446,400–600
2,2,True,716,600–800
2,2,True,210,200–400
2,1,False,329,200–400
2,2,True,343,200–400
2,2,True,288,200–400
2,2,True,275,200–400
2,2,True,213,200–400
1,1,True,402,400–600
2,2,True,259,200–400
2,3,False,215,200–400
2,2,True,233,200–400
2,2,True,172,<200
6,6,True,583,400–600
4,4,True,220,200–400
2,2,True,428,400–600
6,2,False,254,200–400
4,4,True,135,<200
3,3,True,989,800–1200
3,5,False,229,200–400
1,1,True,507,400–600
3,2,False,693,600–800
3,2,False,1190,800–1200
2,2,True,322,200–400
2,2,True,992,800–1200
2,2,True,207,200–400
2,2,True,315,200–400
4,4,True,558,400–600
1,1,True,421,400–600
1,1,True,750,600–800
3,3,True,159,<200
2,2,True,373,200–400
5,5,True,245,200–400
2,2,True,372,200–400
3,2,False,432,400–600
4,2,False,307,200–400
2,2,True,209,200–400
2,2,True,364,200–400
5,5,True,276,200–400
1,4,False,171,<200
2,1,False,320,200–400
3,4,False,215,200–400
2,6,False,474,400–600
1,1,True,447,400–600
2,2,True,293,200–400
5,5,True,144,<200
3,3,True,187,<200
6,6,True,423,400–600
1,1,True,300,200–400
1,1,True,312,200–400
2,2,True,340,200–400
6,6,True,538,400–600
5,5,True,270,200–400
6,6,True,480,400–600
3,3,True,100,<200
1,1,True,466,400–600
1,1,True,286,200–400
2,3,False,299,200–400
1,1,True,380,200–400
3,3,True,250,200–400
5,5,True,402,400–600
3,2,False,663,600–800
1,1,True,406,400–600
1,1,True,317,200–400
2,2,True,369,200–400
1,1,True,314,200–400
2,1,False,335,200–400
6,6,True,914,800–1200
3,3,True,799,600–800
3,3,True,328,200–400
2,2,True,200,<200
2,2,True,156,<200
2,2,True,680,600–800
1,4,False,479,400–600
1,1,True,311,200–400
4,1,False,427,400–600
3,3,True,281,200–400
5,5,True,546,400–600
2,3,False,72,<200
1,3,False,196,<200
2,6,False,456,400–600
4,1,False,491,400–600
3,3,True,193,<200
1,1,True,353,200–400
3,3,True,100,<200
1,1,True,284,200–400
2,6,False,506,400–600
3,3,True,301,200–400
6,6,True,531,400–600
2,3,False,256,200–400
2,2,True,362,200–400
3,3,True,160,<200
4,4,True,431,400–600
1,2,False,393,200–400
2,2,True,366,200–400
3,3,True,313,200–400
3,3,True,147,<200
3,3,True,744,600–800
2,2,True,359,200–400
6,6,True,674,600–800
3,1,False,195,<200
6,6,True,289,200–400
3,3,True,469,400–600
2,2,True,266,200–400
6,6,True,556,400–600
3,3,True,266,200–400
2,2,True,249,200–400
6,3,False,96,<200
2,2,True,230,200–400
1,1,True,502,400–600
3,3,True,332,200–400
2,1,False,531,400–600
2,3,False,216,200–400
2,2,True,391,200–400
2,2,True,272,200–400
2,1,False,461,400–600
1,1,True,494,400–600
3,3,True,1071,800–1200
2,1,False,423,400–600
2,2,True,353,200–400
1,1,True,962,800–1200
6,6,True,490,400–600
3,5,False,255,200–400
3,3,True,1025,800–1200
4,4,True,458,400–600
4,4,True,383,200–400
6,6,True,601,600–800
2,2,True,221,200–400
3,3,True,268,200–400
1,1,True,323,200–400
1,1,True,426,400–600
1,1,True,828,800–1200
3,2,False,447,400–600
6,6,True,1072,800–1200
6,6,True,447,400–600
4,4,True,560,400–600
2,1,False,360,200–400
2,3,False,1014,800–1200
3,1,False,355,200–400
4,4,True,430,400–600
2,2,True,174,<200
2,2,True,360,200–400
3,1,False,365,200–400
2,1,False,368,200–400
2,2,True,325,200–400
2,2,True,269,200–400
2,2,True,208,200–400
2,2,True,289,200–400
1,1,True,299,200–400
2,2,True,1135,800–1200
3,3,True,112,<200
3,3,True,123,<200
4,4,True,261,200–400
2,1,False,412,400–600
6,6,True,303,200–400
2,2,True,363,200–400
1,1,True,338,200–400
2,2,True,313,200–400
3,3,True,783,600–800
3,3,True,328,200–400
3,3,True,1059,800–1200
4,4,True,423,400–600
4,4,True,156,<200
2,6,False,570,400–600
4,4,True,323,200–400
6,6,True,306,200–400
1,1,True,354,200–400
3,3,True,241,200–400
2,2,True,484,400–600
2,3,False,761,600–800
1,1,True,499,400–600
6,6,True,704,600–800
1,1,True,342,200–400
3,3,True,153,<200
2,2,True,536,400–600
2,2,True,187,<200
1,2,False,403,400–600
6,6,True,735,600–800
1,6,False,466,400–600
5,5,True,222,200–400
2,2,True,257,200–400
3,3,True,726,600–800
3,2,False,215,200–400
2,2,True,307,200–400
2,2,True,116,<200
2,2,True,295,200–400
2,2,True,702,600–800
2,4,False,143,<200
5,5,True,439,400–600
2,2,True,754,600–800
1,1,True,348,200–400
6,6,True,428,400–600
2,2,True,362,200–400
4,4,True,259,200–400
3,3,True,155,<200
2,1,False,309,200–400
3,3,True,277,200–400
2,2,True,512,400–600
2,2,True,335,200–400
2,2,True,381,200–400
3,3,True,93,<200
3,3,True,288,200–400
5,2,False,396,200–400
3,3,True,271,200–400
6,6,True,387,200–400
4,4,True,164,<200
2,2,True,239,200–400
2,2,True,330,200–400
4,4,True,195,<200
6,6,True,495,400–600
2,2,True,1524,>1200
2,2,True,718,600–800
2,2,True,385,200–400
2,3,False,631,600–800
1,1,True,312,200–400
2,2,True,496,400–600
3,3,True,165,<200
1,1,True,282,200–400
2,2,True,246,200–400
2,2,True,306,200–400
2,2,True,334,200–400
1,1,True,321,200–400
5,5,True,104,<200
6,6,True,467,400–600
6,6,True,642,600–800
1,1,True,492,400–600
2,2,True,865,800–1200
2,2,True,231,200–400
3,3,True,200,<200
2,2,True,279,200–400
1,1,True,548,400–600
2,2,True,530,400–600
2,2,True,352,200–400
5,5,True,429,400–600
3,4,False,200,<200
2,2,True,982,800–1200
3,2,False,367,200–400
6,6,True,429,400–600
2,4,False,181,<200
2,2,True,246,200–400
5,5,True,218,200–400
2,2,True,421,400–600
6,6,True,496,400–600
1,1,True,500,400–600
6,6,True,339,200–400
1,1,True,331,200–400
2,2,True,301,200–400
3,4,False,143,<200
1,3,False,307,200–400
2,2,True,287,200–400
1,1,True,734,600–800
6,6,True,423,400–600
2,3,False,483,400–600
4,4,True,328,200–400
3,3,True,287,200–400
2,2,True,357,200–400
6,6,True,525,400–600
2,2,True,448,400–600
2,2,True,171,<200
4,4,True,555,400–600
2,2,True,333,200–400
2,3,False,475,400–600
3,3,True,333,200–400
2,1,False,651,600–800
6,6,True,327,200–400
3,3,True,215,200–400
2,2,True,239,200–400
1,1,True,340,200–400
6,6,True,677,600–800
2,2,True,305,200–400
2,4,False,275,200–400
1,1,True,268,200–400
2,2,True,91,<200
2,2,True,224,200–400
2,1,False,691,600–800
2,2,True,762,600–800
3,3,True,207,200–400
1,6,False,457,400–600
3,1,False,313,200–400
3,2,False,719,600–800
2,2,True,283,200–400
3,2,False,259,200–400
1,2,False,260,200–400
2,2,True,806,800–1200
2,2,True,380,200–400
2,2,True,224,200–400
3,3,True,266,200–400
5,5,True,568,400–600
2,2,True,299,200–400
2,2,True,155,<200
6,6,True,543,400–600
2,2,True,556,400–600
5,5,True,228,200–400
6,6,True,399,200–400
4,6,False,606,600–800
3,3,True,443,400–600
1,1,True,490,400–600
4,4,True,336,200–400
2,3,False,185,<200
5,5,True,433,400–600
3,3,True,206,200–400
2,2,True,676,600–800
2,2,True,325,200–400
2,6,False,454,400–600
2,2,True,276,200–400
6,6,True,429,400–600
4,2,False,1097,800–1200
5,5,True,550,400–600
3,1,False,419,400–600
6,2,False,423,400–600
4,4,True,295,200–400
1,1,True,460,400–600
2,2,True,386,200–400
2,2,True,363,200–400
3,3,True,165,<200
3,3,True,101,<200
3,3,True,166,<200
4,4,True,307,200–400
1,3,False,229,200–400
2,2,True,430,400–600
4,4,True,430,400–600
6,6,True,224,200–400
1,1,True,538,400–600
2,1,False,404,400–600
2,2,True,337,200–400
3,3,True,191,<200
2,3,False,292,200–400
3,3,True,199,<200
3,3,True,480,400–600
2,3,False,460,400–600
4,4,True,613,600–800
2,2,True,348,200–400
3,3,True,220,200–400
6,6,True,938,800–1200
2,2,True,1102,800–1200
4,4,True,219,200–400
6,6,True,371,200–400
4,3,False,495,400–600
3,3,True,1114,800–1200
2,1,False,338,200–400
2,3,False,275,200–400
2,2,True,336,200–400
2,6,False,1798,>1200
6,6,True,399,200–400
3,5,False,357,200–400
1,1,True,362,200–400
2,2,True,264,200–400
4,4,True,157,<200
5,5,True,107,<200
2,2,True,400,200–400
6,6,True,876,800–1200
3,3,True,196,<200
1,1,True,498,400–600
2,2,True,312,200–400
2,2,True,297,200–400
1,1,True,143,<200
4,5,False,239,200–400
3,1,False,337,200–400
2,2,True,387,200–400
4,4,True,467,400–600
6,6,True,1106,800–1200
2,2,True,395,200–400
2,4,False,301,200–400
3,3,True,333,200–400
2,2,True,455,400–600
3,3,True,1657,>1200
3,3,True,293,200–400
3,3,True,100,<200
6,6,True,1064,800–1200
4,4,True,440,400–600
1,1,True,286,200–400
1,1,True,342,200–400
6,6,True,225,200–400
3,3,True,101,<200
3,3,True,219,200–400
2,2,True,238,200–400
1,1,True,524,400–600
2,2,True,314,200–400
2,2,True,390,200–400
3,5,False,459,400–600
2,2,True,376,200–400
1,1,True,490,400–600
2,2,True,376,200–400
3,3,True,278,200–400
3,3,True,249,200–400
1,2,False,287,200–400
5,5,True,239,200–400
2,2,True,2513,>1200
1,1,True,444,400–600
4,4,True,124,<200
1,1,True,369,200–400
4,2,False,295,200–400
2,2,True,151,<200
2,2,True,305,200–400
3,3,True,871,800–1200
2,2,True,337,200–400
2,6,False,1002,800–1200
2,1,False,532,400–600
1,1,True,372,200–400
5,5,True,236,200–400
2,2,True,182,<200
5,5,True,342,200–400
6,6,True,597,400–600
2,2,True,428,400–600
5,5,True,216,200–400
5,6,False,435,400–600
2,3,False,2555,>1200
1,3,False,304,200–400
2,2,True,310,200–400
3,1,False,427,400–600
1,1,True,285,200–400
2,2,True,155,<200
3,3,True,305,200–400
2,2,True,309,200–400
3,3,True,154,<200
3,3,True,120,<200
1,1,True,317,200–400
6,6,True,895,800–1200
2,2,True,292,200–400
2,5,False,305,200–400
2,2,True,275,200–400
6,3,False,93,<200
3,3,True,313,200–400
2,2,True,324,200–400
3,3,True,183,<200
2,3,False,489,400–600
2,2,True,299,200–400
1,1,True,526,400–600
2,3,False,620,600–800
2,2,True,276,200–400
6,6,True,466,400–600
5,5,True,306,200–400
5,5,True,212,200–400
2,2,True,443,400–600
2,2,True,342,200–400
2,3,False,268,200–400
2,2,True,316,200–400
5,5,True,261,200–400
3,3,True,260,200–400
2,2,True,402,400–600
2,2,True,299,200–400
1,6,False,398,200–400
5,5,True,481,400–600
2,2,True,243,200–400
1,1,True,427,400–600
6,6,True,433,400–600
2,2,True,326,200–400
3,3,True,396,200–400
3,2,False,322,200–400
6,6,True,485,400–600
2,2,True,365,200–400
6,6,True,943,800–1200
3,3,True,247,200–400
3,3,True,674,600–800
3,3,True,188,<200
2,2,True,163,<200
4,4,True,624,600–800
1,1,True,512,400–600
2,2,True,362,200–400
1,1,True,287,200–400
2,4,False,155,<200
2,2,True,214,200–400
5,5,True,312,200–400
3,3,True,886,800–1200
3,3,True,810,800–1200
3,3,True,211,200–400
2,2,True,260,200–400
1,2,False,343,200–400
2,1,False,399,200–400
3,3,True,470,400–600
3,3,True,250,200–400
6,6,True,520,400–600
3,3,True,138,<200
3,3,True,285,200–400
2,2,True,537,400–600
2,6,False,447,400–600
2,2,True,233,200–400
2,2,True,399,200–400
2,2,True,390,200–400
1,1,True,389,200–400
2,1,False,481,400–600
2,2,True,309,200–400
2,2,True,343,200–400
2,1,False,372,200–400
5,5,True,259,200–400
1,3,False,249,200–400
6,6,True,407,400–600
2,2,True,240,200–400
2,5,False,433,400–600
6,2,False,438,400–600
2,2,True,308,200–400
2,5,False,360,200–400
3,3,True,125,<200
3,2,False,223,200–400
4,4,True,192,<200
3,3,True,307,200–400
2,2,True,247,200–400
3,3,True,104,<200
4,4,True,474,400–600
3,3,True,229,200–400
2,2,True,489,400–600
3,3,True,249,200–400
3,4,False,154,<200
2,2,True,281,200–400
1,1,True,291,200–400
4,4,True,618,600–800
3,3,True,557,400–600
5,3,False,478,400–600
6,6,True,356,200–400
1,1,True,318,200–400
5,5,True,315,200–400
2,2,True,305,200–400
2,2,True,293,200–400
1,1,True,499,400–600
6,6,True,874,800–1200
3,1,False,357,200–400
3,3,True,484,400–600
6,6,True,469,400–600
6,6,True,913,800–1200
2,2,True,264,200–400
2,2,True,418,400–600
4,4,True,158,<200
6,6,True,590,400–600
1,1,True,573,400–600
1,1,True,378,200–400
3,6,False,475,400–600
2,2,True,308,200–400
4,4,True,434,400–600
1,1,True,489,400–600
2,2,True,900,800–1200
6,6,True,428,400–600
2,2,True,979,800–1200
2,2,True,316,200–400
5,5,True,139,<200
3,3,True,191,<200
6,6,True,337,200–400
2,2,True,1024,800–1200
3,3,True,152,<200
1,1,True,949,800–1200
2,2,True,154,<200
3,1,False,392,200–400
2,2,True,348,200–400
2,2,True,312,200–400
4,4,True,848,800–1200
6,6,True,798,600–800
3,3,True,271,200–400
6,6,True,892,800–1200
6,6,True,423,400–600
2,2,True,395,200–400
6,6,True,491,400–600
1,1,True,318,200–400
1,1,True,211,200–400
2,2,True,607,600–800
3,3,True,356,200–400
2,1,False,336,200–400
2,2,True,391,200–400
3,3,True,470,400–600
2,2,True,269,200–400
6,2,False,1007,800–1200
2,2,True,510,400–600
4,4,True,265,200–400
2,2,True,215,200–400
3,3,True,258,200–400
2,2,True,572,400–600
6,1,False,1062,800–1200
3,3,True,119,<200
3,3,True,337,200–400
2,4,False,716,600–800
2,2,True,427,400–600
3,3,True,407,400–600
3,3,True,473,400–600
1,1,True,320,200–400
2,3,False,163,<200
3,4,False,148,<200
2,2,True,236,200–400
3,3,True,264,200–400
4,5,False,270,200–400
2,2,True,321,200–400
4,4,True,362,200–400
2,2,True,207,200–400
2,1,False,441,400–600
2,2,True,442,400–600
6,6,True,596,400–600
4,4,True,424,400–600
3,3,True,271,200–400
5,5,True,531,400–600
2,2,True,267,200–400
5,5,True,274,200–400
4,5,False,144,<200
3,3,True,666,600–800
3,3,True,579,400–600
2,2,True,508,400–600
3,1,False,316,200–400
6,6,True,365,200–400
2,3,False,235,200–400
3,4,False,142,<200
2,2,True,237,200–400
2,2,True,240,200–400
1,1,True,416,400–600
3,3,True,286,200–400
3,3,True,1362,>1200
2,2,True,421,400–600
3,4,False,216,200–400
2,2,True,435,400–600
1,1,True,217,200–400
2,2,True,396,200–400
1,1,True,339,200–400
2,2,True,320,200–400
3,3,True,403,400–600
3,3,True,332,200–400
4,4,True,307,200–400
6,6,True,481,400–600
1,1,True,738,600–800
2,2,True,1420,>1200
3,3,True,339,200–400
1,1,True,589,400–600
3,3,True,152,<200
5,5,True,508,400–600
1,1,True,957,800–1200
3,3,True,639,600–800
3,3,True,143,<200
2,2,True,618,600–800
5,5,True,349,200–400
2,2,True,156,<200
3,2,False,330,200–400
4,4,True,513,400–600
3,6,False,791,600–800
5,5,True,451,400–600
2,2,True,140,<200
3,3,True,148,<200
4,6,False,400,200–400
1,1,True,328,200–400
4,4,True,245,200–400
2,2,True,152,<200
2,2,True,456,400–600
4,4,True,352,200–400
2,2,True,918,800–1200
2,3,False,257,200–400
3,4,False,255,200–400
2,4,False,155,<200
2,3,False,636,600–800
6,6,True,426,400–600
2,2,True,374,200–400
3,3,True,1108,800–1200
6,6,True,477,400–600
6,6,True,463,400–600
3,3,True,297,200–400
2,2,True,260,200–400
2,2,True,492,400–600
3,3,True,204,200–400
4,3,False,211,200–400
2,2,True,541,400–600
6,6,True,488,400–600
1,1,True,485,400–600
2,2,True,473,400–600
4,4,True,333,200–400
6,3,False,228,200–400
2,2,True,99,<200
5,5,True,207,200–400
3,3,True,115,<200
3,3,True,145,<200
3,1,False,756,600–800
2,2,True,353,200–400
6,6,True,481,400–600
2,2,True,168,<200
2,2,True,704,600–800
1,1,True,313,200–400
2,2,True,239,200–400
3,3,True,844,800–1200
2,2,True,234,200–400
6,6,True,464,400–600
3,2,False,966,800–1200
4,4,True,362,200–400
2,2,True,435,400–600
2,2,True,416,400–600
3,3,True,914,800–1200
3,3,True,446,400–600
2,1,False,331,200–400
1,4,False,182,<200
3,3,True,191,<200
2,1,False,368,200–400
4,4,True,360,200–400
3,3,True,100,<200
2,2,True,361,200–400
2,1,False,419,400–600
4,2,False,334,200–400
4,4,True,283,200–400
2,2,True,295,200–400
2,2,True,476,400–600
4,4,True,382,200–400
2,2,True,302,200–400
2,2,True,456,400–600
2,2,True,1270,>1200
2,2,True,304,200–400
3,3,True,205,200–400
3,3,True,195,<200
2,2,True,420,400–600
6,6,True,386,200–400
6,6,True,929,800–1200
6,6,True,456,400–600
3,3,True,469,400–600
3,1,False,452,400–600
6,6,True,356,200–400
2,2,True,339,200–400
3,3,True,211,200–400
2,3,False,149,<200
4,4,True,193,<200
5,5,True,251,200–400
4,4,True,551,400–600
3,3,True,428,400–600
3,3,True,329,200–400
6,6,True,948,800–1200
3,3,True,153,<200
6,6,True,685,600–800
5,5,True,245,200–400
2,2,True,140,<200
6,2,False,556,400–600
4,4,True,164,<200
2,2,True,400,200–400
2,2,True,363,200–400
6,6,True,721,600–800
2,2,True,321,200–400
2,1,False,366,200–400
6,6,True,476,400–600
6,6,True,433,400–600
6,6,True,601,600–800
6,6,True,545,400–600
3,3,True,575,400–600
2,2,True,427,400–600
1,1,True,291,200–400
2,5,False,403,400–600
3,3,True,413,400–600
2,6,False,520,400–600
4,4,True,307,200–400
6,6,True,348,200–400
3,3,True,199,<200
3,3,True,411,400–600
2,2,True,316,200–400
4,1,False,298,200–400
6,6,True,439,400–600
6,6,True,475,400–600
2,2,True,170,<200
3,3,True,748,600–800
5,3,False,220,200–400
4,4,True,883,800–1200
4,4,True,625,600–800
6,6,True,286,200–400
3,3,True,100,<200
2,2,True,274,200–400
3,3,True,564,400–600
6,6,True,485,400–600
2,2,True,162,<200
2,4,False,160,<200
1,1,True,869,800–1200
2,6,False,612,600–800
3,1,False,554,400–600
3,3,True,171,<200
2,2,True,193,<200
2,2,True,756,600–800
3,1,False,443,400–600
3,3,True,151,<200
3,1,False,348,200–400
6,6,True,616,600–800
1,1,True,244,200–400
1,1,True,176,<200
4,4,True,113,<200
2,4,False,287,200–400
6,6,True,567,400–600
3,3,True,331,200–400
3,3,True,1258,>1200
4,4,True,220,200–400
3,3,True,95,<200
3,4,False,567,400–600
1,1,True,338,200–400
2,2,True,402,400–600
3,3,True,175,<200
3,5,False,387,200–400
2,2,True,256,200–400
3,3,True,252,200–400
3,3,True,552,400–600
1,1,True,347,200–400
3,3,True,250,200–400
6,6,True,350,200–400
3,3,True,692,600–800
2,2,True,290,200–400
1,2,False,295,200–400
2,2,True,1450,>1200
3,3,True,458,400–600
2,1,False,272,200–400
2,2,True,554,400–600
5,5,True,194,<200
1,1,True,284,200–400
2,5,False,259,200–400
5,5,True,545,400–600
1,1,True,286,200–400
3,3,True,216,200–400
2,2,True,304,200–400
2,6,False,599,400–600
1,1,True,515,400–600
4,4,True,216,200–400
5,5,True,513,400–600
6,6,True,279,200–400
1,1,True,303,200–400
3,3,True,202,200–400
2,2,True,1308,>1200
2,3,False,255,200–400
2,2,True,337,200–400
3,3,True,467,400–600
2,2,True,248,200–400
2,2,True,376,200–400
1,1,True,553,400–600
5,5,True,449,400–600
3,1,False,345,200–400
2,2,True,320,200–400
4,3,False,460,400–600
1,1,True,299,200–400
6,2,False,306,200–400
3,6,False,444,400–600
6,5,False,354,200–400
1,1,True,154,<200
1,1,True,423,400–600
2,2,True,307,200–400
2,2,True,286,200–400
2,2,True,643,600–800
3,3,True,155,<200
2,2,True,309,200–400
2,2,True,379,200–400
2,2,True,243,200–400
3,3,True,197,<200
6,6,True,891,800–1200
5,5,True,451,400–600
2,2,True,284,200–400
2,6,False,417,400–600
2,3,False,432,400–600
3,3,True,845,800–1200
6,2,False,880,800–1200
2,2,True,339,200–400
2,2,True,294,200–400
4,4,True,366,200–400
2,2,True,315,200–400
1,1,True,466,400–600
6,6,True,243,200–400
5,5,True,135,<200
4,4,True,691,600–800
3,3,True,156,<200
3,3,True,263,200–400
2,2,True,427,400–600
2,5,False,242,200–400
2,3,False,726,600–800
1,1,True,387,200–400
3,3,True,334,200–400
3,3,True,202,200–400
6,6,True,585,400–600
6,6,True,463,400–600
2,2,True,222,200–400
2,2,True,328,200–400
2,2,True,341,200–400
2,2,True,315,200–400
2,2,True,329,200–400
2,2,True,729,600–800
6,6,True,444,400–600
6,6,True,515,400–600
3,3,True,564,400–600
2,2,True,843,800–1200
2,3,False,210,200–400
3,3,True,1436,>1200
2,2,True,272,200–400
4,4,True,342,200–400
4,4,True,347,200–400
1,1,True,357,200–400
4,4,True,366,200–400
2,2,True,290,200–400
5,5,True,239,200–400
1,1,True,244,200–400
2,1,False,389,200–400
1,1,True,506,400–600
3,3,True,192,<200
2,2,True,491,400–600
1,4,False,293,200–400
3,3,True,1185,800–1200
6,6,True,561,400–600
2,2,True,285,200–400
2,2,True,307,200–400
6,6,True,424,400–600
6,6,True,500,400–600
2,2,True,529,400–600
1,1,True,421,400–600
3,1,False,468,400–600
3,3,True,428,400–600
5,5,True,277,200–400
3,3,True,259,200–400
2,2,True,418,400–600
2,2,True,235,200–400
6,6,True,473,400–600
1,1,True,288,200–400
2,2,True,348,200–400
2,2,True,196,<200
4,4,True,295,200–400
2,5,False,374,200–400
2,3,False,207,200–400
3,3,True,628,600–800
4,4,True,128,<200
2,2,True,233,200–400
3,3,True,154,<200
2,2,True,291,200–400
3,3,True,282,200–400
2,2,True,380,200–400
4,4,True,459,400–600
2,2,True,341,200–400
2,2,True,398,200–400
2,2,True,224,200–400
2,2,True,389,200–400
1,1,True,402,400–600
1,1,True,389,200–400
4,4,True,260,200–400
3,3,True,572,400–600
3,3,True,96,<200
3,3,True,217,200–400
1,1,True,727,600–800
2,2,True,639,600–800
3,3,True,218,200–400
2,5,False,238,200–400
6,6,True,479,400–600
2,1,False,314,200–400
2,2,True,482,400–600
1,1,True,268,200–400
4,4,True,359,200–400
3,3,True,150,<200
2,2,True,239,200–400
3,3,True,139,<200
4,4,True,267,200–400
5,5,True,312,200–400
3,3,True,118,<200
4,4,True,192,<200
2,1,False,287,200–400
2,2,True,378,200–400
2,2,True,374,200–400
2,2,True,143,<200
6,6,True,460,400–600
3,1,False,545,400–600
4,4,True,172,<200
1,1,True,512,400–600
4,4,True,221,200–400
5,2,False,342,200–400
4,4,True,294,200–400
2,2,True,219,200–400
2,3,False,293,200–400
6,6,True,1096,800–1200
4,3,False,572,400–600
3,3,True,210,200–400
4,4,True,363,200–400
1,1,True,382,200–400
6,6,True,555,400–600
3,3,True,393,200–400
3,1,False,647,600–800
2,2,True,426,400–600
2,2,True,361,200–400
4,4,True,258,200–400
3,3,True,299,200–400
2,2,True,149,<200
2,2,True,947,800–1200
3,3,True,511,400–600
2,2,True,342,200–400
2,2,True,156,<200
5,5,True,262,200–400
1,1,True,81,<200
6,3,False,985,800–1200
2,3,False,244,200–400
3,3,True,448,400–600
1,1,True,223,200–400
2,2,True,635,600–800
6,6,True,550,400–600
4,4,True,325,200–400
2,2,True,334,200–400
3,3,True,245,200–400
4,4,True,354,200–400
5,5,True,429,400–600
3,3,True,558,400–600
1,1,True,394,200–400
6,6,True,422,400–600
2,2,True,260,200–400
4,4,True,631,600–800
3,3,True,166,<200
2,2,True,300,200–400
2,2,True,272,200–400
1,1,True,405,400–600
6,6,True,281,200–400
4,4,True,257,200–400
2,1,False,277,200–400
5,5,True,454,400–600
2,2,True,521,400–600
4,4,True,149,<200
2,2,True,267,200–400
2,2,True,268,200–400
3,3,True,764,600–800
6,6,True,237,200–400
4,4,True,397,200–400
3,3,True,305,200–400
3,3,True,144,<200
2,4,False,380,200–400
6,6,True,424,400–600
4,4,True,253,200–400
2,2,True,225,200–400
1,1,True,196,<200
1,1,True,511,400–600
4,4,True,715,600–800
3,4,False,158,<200
4,4,True,159,<200
4,4,True,438,400–600
2,2,True,1479,>1200
1,1,True,834,800–1200
4,2,False,1109,800–1200
2,2,True,308,200–400
2,2,True,629,600–800
2,3,False,304,200–400
2,2,True,351,200–400
1,1,True,388,200–400
1,1,True,505,400–600
3,3,True,1489,>1200
4,1,False,280,200–400
2,2,True,262,200–400
3,5,False,269,200–400
2,2,True,257,200–400
1,1,True,312,200–400
2,2,True,313,200–400
3,3,True,459,400–600
2,3,False,961,800–1200
2,2,True,1305,>1200
1,1,True,532,400–600
3,3,True,177,<200
2,1,False,754,600–800
2,2,True,173,<200
2,2,True,245,200–400
3,3,True,311,200–400
2,2,True,298,200–400
6,6,True,490,400–600
3,3,True,601,600–800
3,3,True,101,<200
2,2,True,419,400–600
2,2,True,445,400–600
6,6,True,599,400–600
1,1,True,364,200–400
2,1,False,362,200–400
2,2,True,501,400–600
2,6,False,484,400–600
6,6,True,554,400–600
3,3,True,346,200–400
6,6,True,632,600–800
2,2,True,193,<200
4,4,True,457,400–600
2,2,True,246,200–400
1,6,False,720,600–800
2,2,True,334,200–400
2,2,True,335,200–400
3,3,True,197,<200
4,4,True,298,200–400
1,1,True,278,200–400
3,3,True,868,800–1200
5,5,True,243,200–400
2,2,True,423,400–600
1,1,True,199,<200
3,3,True,2227,>1200
3,2,False,220,200–400
4,4,True,250,200–400
3,3,True,379,200–400
4,4,True,127,<200
3,3,True,77,<200
3,3,True,471,400–600
5,6,False,634,600–800
2,2,True,400,200–400
1,1,True,488,400–600
2,2,True,212,200–400
2,2,True,293,200–400
6,6,True,874,800–1200
3,3,True,181,<200
5,5,True,75,<200
2,2,True,415,400–600
4,4,True,294,200–400
1,2,False,578,400–600
1,3,False,223,200–400
1,1,True,218,200–400
1,1,True,172,<200
4,1,False,321,200–400
3,3,True,651,600–800
5,5,True,516,400–600
2,2,True,639,600–800
6,1,False,486,400–600
2,2,True,274,200–400
2,2,True,424,400–600
2,5,False,454,400–600
2,2,True,156,<200
2,2,True,290,200–400
1,1,True,349,200–400
2,2,True,337,200–400
2,2,True,1792,>1200
6,6,True,567,400–600
3,3,True,233,200–400
2,2,True,316,200–400
6,6,True,406,400–600
2,2,True,319,200–400
2,2,True,367,200–400
2,2,True,150,<200
3,3,True,272,200–400
3,1,False,606,600–800
2,1,False,540,400–600
1,1,True,333,200–400
2,2,True,397,200–400
2,2,True,652,600–800
2,4,False,218,200–400
6,6,True,284,200–400
4,4,True,325,200–400
6,6,True,528,400–600
1,1,True,512,400–600
3,1,False,563,400–600
6,6,True,932,800–1200
2,2,True,208,200–400
3,3,True,379,200–400
3,3,True,1080,800–1200
3,3,True,257,200–400
3,3,True,1012,800–1200
5,5,True,209,200–400
6,6,True,801,800–1200
3,3,True,204,200–400
3,5,False,466,400–600
6,6,True,401,400–600
4,4,True,362,200–400
6,6,True,400,200–400
3,3,True,195,<200
1,1,True,314,200–400
6,6,True,388,200–400
3,3,True,534,400–600
3,3,True,377,200–400
2,2,True,340,200–400
2,2,True,191,<200
6,3,False,799,600–800
3,3,True,623,600–800
4,4,True,434,400–600
6,6,True,384,200–400
2,2,True,304,200–400
6,1,False,358,200–400
3,3,True,514,400–600
4,4,True,171,<200
3,3,True,193,<200
1,1,True,423,400–600
2,2,True,308,200–400
2,2,True,155,<200
2,3,False,226,200–400
2,2,True,338,200–400
6,5,False,406,400–600
2,1,False,474,400–600
2,2,True,643,600–800
3,3,True,349,200–400
1,1,True,433,400–600
1,1,True,346,200–400
3,3,True,177,<200
2,3,False,465,400–600
2,4,False,248,200–400
1,1,True,509,400–600
6,6,True,349,200–400
2,1,False,360,200–400
2,2,True,311,200–400
3,2,False,657,600–800
6,6,True,460,400–600
4,4,True,551,400–600
1,6,False,722,600–800
1,1,True,333,200–400
3,2,False,320,200–400
3,1,False,407,400–600
4,4,True,195,<200
3,3,True,307,200–400
2,2,True,292,200–400
2,2,True,306,200–400
6,6,True,429,400–600
2,2,True,315,200–400
2,1,False,389,200–400
5,5,True,514,400–600
5,5,True,191,<200
5,5,True,219,200–400
1,1,True,320,200–400
4,2,False,340,200–400
2,2,True,381,200–400
3,2,False,737,600–800
1,1,True,199,<200
2,3,False,286,200–400
2,1,False,403,400–600
2,2,True,216,200–400
2,2,True,328,200–400
2,2,True,261,200–400
5,5,True,355,200–400
3,3,True,255,200–400
2,2,True,390,200–400
2,3,False,976,800–1200
1,1,True,313,200–400
1,1,True,276,200–400
3,3,True,856,800–1200
4,4,True,130,<200
3,3,True,152,<200
6,6,True,504,400–600
5,5,True,433,400–600
2,1,False,511,400–600
3,3,True,544,400–600
6,6,True,610,600–800
2,2,True,172,<200
3,3,True,289,200–400
4,4,True,619,600–800
1,1,True,445,400–600
2,2,True,427,400–600
1,1,True,351,200–400
3,1,False,371,200–400
4,4,True,293,200–400
1,1,True,296,200–400
2,2,True,756,600–800
2,1,False,485,400–600
3,3,True,151,<200
2,2,True,181,<200
1,3,False,158,<200
3,2,False,523,400–600
1,4,False,198,<200
3,3,True,253,200–400
2,2,True,782,600–800
2,3,False,230,200–400
1,1,True,482,400–600
3,4,False,512,400–600
5,2,False,398,200–400
6,6,True,384,200–400
2,2,True,994,800–1200
1,1,True,490,400–600
6,6,True,368,200–400
2,2,True,406,400–600
3,3,True,630,600–800
2,2,True,401,400–600
4,1,False,333,200–400
1,1,True,382,200–400
1,4,False,162,<200
2,2,True,239,200–400
2,2,True,194,<200
4,4,True,261,200–400
6,6,True,413,400–600
1,1,True,514,400–600
6,6,True,924,800–1200
3,1,False,336,200–400
3,3,True,453,400–600
2,4,False,129,<200
1,1,True,305,200–400
1,1,True,728,600–800
6,6,True,521,400–600
3,3,True,254,200–400
5,5,True,253,200–400
3,3,True,291,200–400
3,3,True,581,400–600
6,6,True,943,800–1200
5,6,False,411,400–600
3,3,True,182,<200
3,3,True,438,400–600
5,5,True,418,400–600
2,2,True,255,200–400
2,5,False,238,200–400
5,5,True,108,<200
3,1,False,276,200–400
3,3,True,230,200–400
1,1,True,332,200–400
1,1,True,556,400–600
2,2,True,327,200–400
2,1,False,345,200–400
6,6,True,224,200–400
2,2,True,405,400–600
4,4,True,475,400–600
2,3,False,271,200–400
3,3,True,177,<200
1,2,False,344,200–400
2,6,False,558,400–600
4,4,True,258,200–400
2,1,False,316,200–400
3,3,True,237,200–400
3,3,True,313,200–400
2,2,True,283,200–400
4,3,False,858,800–1200
2,2,True,709,600–800
2,1,False,342,200–400
5,2,False,148,<200
1,1,True,492,400–600
6,6,True,404,400–600
3,3,True,245,200–400
4,4,True,197,<200
1,1,True,198,<200
2,2,True,256,200–400
2,2,True,239,200–400
2,2,True,177,<200
2,2,True,322,200–400
3,3,True,1001,800–1200
5,5,True,248,200–400
3,3,True,1816,>1200
2,5,False,513,400–600
3,3,True,353,200–400
2,1,False,388,200–400
2,2,True,236,200–400
6,6,True,857,800–1200
1,1,True,341,200–400
5,5,True,228,200–400
1,1,True,159,<200
2,1,False,429,400–600
2,2,True,290,200–400
3,3,True,406,400–600
6,1,False,434,400–600
5,5,True,251,200–400
2,2,True,161,<200
3,3,True,647,600–800
2,2,True,141,<200
2,3,False,505,400–600
5,5,True,388,200–400
2,2,True,319,200–400
4,4,True,171,<200
3,3,True,483,400–600
1,1,True,265,200–400
2,2,True,44,<200
2,2,True,1396,>1200
2,2,True,305,200–400
3,2,False,907,800–1200
2,2,True,242,200–400
6,6,True,468,400–600
1,5,False,430,400–600
2,2,True,309,200–400
6,6,True,608,600–800
2,2,True,377,200–400
5,5,True,427,400–600
3,6,False,743,600–800
2,2,True,351,200–400
1,1,True,603,600–800
3,3,True,122,<200
3,3,True,418,400–600
3,3,True,375,200–400
3,5,False,183,<200
5,5,True,510,400–600
1,3,False,1047,800–1200
3,6,False,687,600–800
4,4,True,311,200–400
3,3,True,188,<200
1,1,True,608,600–800
5,5,True,310,200–400
4,4,True,545,400–600
2,4,False,198,<200
3,3,True,231,200–400
3,3,True,259,200–400
2,2,True,334,200–400
4,4,True,322,200–400
5,5,True,352,200–400
5,5,True,386,200–400
2,2,True,126,<200
2,2,True,156,<200
3,3,True,538,400–600
3,3,True,236,200–400
6,6,True,401,400–600
3,3,True,1035,800–1200
2,2,True,1043,800–1200
2,1,False,366,200–400
4,4,True,265,200–400
2,2,True,746,600–800
6,6,True,338,200–400
1,1,True,304,200–400
2,2,True,397,200–400
2,3,False,255,200–400
2,3,False,724,600–800
2,1,False,377,200–400
1,2,False,459,400–600
5,5,True,501,400–600
3,3,True,296,200–400
5,5,True,267,200–400
2,2,True,306,200–400
3,3,True,682,600–800
3,2,False,197,<200
6,6,True,660,600–800
2,2,True,358,200–400
1,1,True,425,400–600
2,2,True,1215,>1200
2,6,False,547,400–600
6,6,True,389,200–400
6,4,False,324,200–400
6,6,True,237,200–400
3,3,True,262,200–400
1,1,True,304,200–400
2,2,True,305,200–400
4,4,True,124,<200
3,3,True,156,<200
1,1,True,364,200–400
1,1,True,323,200–400
4,4,True,433,400–600
2,2,True,408,400–600
5,5,True,204,200–400
3,3,True,463,400–600
6,6,True,971,800–1200
2,2,True,234,200–400
3,3,True,297,200–400
1,1,True,776,600–800
3,6,False,342,200–400
5,5,True,491,400–600
4,4,True,267,200–400
3,5,False,282,200–400
4,4,True,293,200–400
2,2,True,262,200–400
6,6,True,461,400–600
2,2,True,322,200–400
6,1,False,402,400–600
5,5,True,458,400–600
5,5,True,226,200–400
2,1,False,455,400–600
1,1,True,406,400–600
6,6,True,860,800–1200
4,4,True,166,<200
2,1,False,131,<200
2,2,True,635,600–800
1,1,True,298,200–400
2,2,True,236,200–400
6,6,True,389,200–400
5,5,True,245,200–400
3,3,True,586,400–600
3,3,True,273,200–400
3,3,True,301,200–400
2,2,True,334,200–400
1,4,False,302,200–400
1,1,True,376,200–400
2,2,True,364,200–400
3,5,False,233,200–400
3,6,False,553,400–600
2,2,True,67,<200
4,3,False,275,200–400
2,2,True,278,200–400
2,2,True,274,200–400
4,4,True,268,200–400
1,1,True,334,200–400
3,3,True,261,200–400
1,1,True,432,400–600
1,2,False,366,200–400
2,2,True,229,200–400
5,5,True,441,400–600
3,3,True,90,<200
2,2,True,313,200–400
6,6,True,433,400–600
6,6,True,584,400–600
4,3,False,886,800–1200
2,1,False,424,400–600
1,1,True,165,<200
3,5,False,232,200–400
1,2,False,312,200–400
3,3,True,654,600–800
3,3,True,822,800–1200
3,3,True,835,800–1200
2,1,False,531,400–600
6,6,True,483,400–600
3,3,True,173,<200
6,6,True,495,400–600
2,2,True,1098,800–1200
4,4,True,113,<200
3,3,True,344,200–400
2,2,True,173,<200
1,2,False,296,200–400
2,3,False,238,200–400
3,3,True,512,400–600
2,2,True,1165,800–1200
1,1,True,479,400–600
4,4,True,195,<200
4,4,True,265,200–400
5,5,True,406,400–600
2,2,True,383,200–400
1,1,True,430,400–600
2,2,True,1390,>1200
3,3,True,1272,>1200
6,6,True,689,600–800
2,5,False,219,200–400
2,2,True,67,<200
2,2,True,326,200–400
3,3,True,233,200–400
3,3,True,287,200–400
3,6,False,417,400–600
4,4,True,253,200–400
2,3,False,656,600–800
2,1,False,513,400–600
1,1,True,381,200–400
6,6,True,559,400–600
3,3,True,1136,800–1200
3,3,True,200,<200
6,6,True,401,400–600
3,3,True,262,200–400
3,3,True,1520,>1200
3,3,True,1344,>1200
2,2,True,281,200–400
3,3,True,791,600–800
3,3,True,929,800–1200
2,2,True,590,400–600
1,1,True,386,200–400
6,6,True,500,400–600
1,1,True,316,200–400
3,3,True,894,800–1200
3,3,True,213,200–400
3,3,True,602,600–800
6,1,False,590,400–600
1,1,True,419,400–600
1,1,True,478,400–600
2,2,True,424,400–600
1,4,False,275,200–400
2,2,True,284,200–400
4,1,False,643,600–800
5,5,True,243,200–400
3,3,True,1025,800–1200
2,2,True,264,200–400
3,5,False,238,200–400
1,1,True,472,400–600
2,2,True,443,400–600
6,6,True,570,400–600
3,3,True,197,<200
3,3,True,442,400–600
3,1,False,390,200–400
2,2,True,127,<200
6,6,True,425,400–600
6,6,True,339,200–400
4,4,True,359,200–400
4,4,True,541,400–600
2,2,True,398,200–400
2,1,False,385,200–400
1,1,True,293,200–400
2,2,True,159,<200
2,2,True,210,200–400
4,4,True,221,200–400
3,3,True,173,<200
3,3,True,613,600–800
1,6,False,624,600–800
1,1,True,443,400–600
2,1,False,343,200–400
3,3,True,596,400–600
3,3,True,239,200–400
2,2,True,359,200–400
3,3,True,386,200–400
6,6,True,459,400–600
2,2,True,299,200–400
3,3,True,792,600–800
2,3,False,194,<200
3,3,True,422,400–600
2,2,True,327,200–400
2,3,False,501,400–600
2,2,True,404,400–600
2,5,False,400,200–400
2,6,False,539,400–600
2,2,True,447,400–600
1,1,True,327,200–400
6,6,True,498,400–600
1,1,True,359,200–400
4,4,True,563,400–600
2,2,True,455,400–600
4,4,True,878,800–1200
2,2,True,214,200–400
6,6,True,652,600–800
2,2,True,283,200–400
6,6,True,870,800–1200
2,2,True,436,400–600
5,5,True,284,200–400
3,3,True,565,400–600
1,3,False,284,200–400
2,2,True,333,200–400
3,3,True,294,200–400
2,4,False,279,200–400
3,3,True,351,200–400
1,6,False,450,400–600
1,3,False,614,600–800
2,3,False,192,<200
6,6,True,398,200–400
2,1,False,379,200–400
2,2,True,514,400–600
6,6,True,328,200–400
1,5,False,431,400–600
5,5,True,349,200–400
3,3,True,148,<200
3,1,False,532,400–600
1,1,True,295,200–400
6,6,True,467,400–600
3,6,False,692,600–800
3,3,True,545,400–600
6,1,False,362,200–400
5,5,True,408,400–600
4,4,True,466,400–600
2,2,True,241,200–400
6,6,True,495,400–600
4,4,True,153,<200
2,2,True,498,400–600
1,1,True,382,200–400
3,3,True,336,200–400
3,3,True,89,<200
1,1,True,793,600–800
2,2,True,338,200–400
2,2,True,1362,>1200
2,1,False,392,200–400
3,3,True,598,400–600
2,2,True,424,400–600
2,2,True,451,400–600
2,2,True,463,400–600
2,2,True,345,200–400
2,3,False,767,600–800
3,3,True,252,200–400
5,5,True,358,200–400
6,6,True,389,200–400
1,1,True,302,200–400
5,5,True,242,200–400
2,2,True,287,200–400
3,3,True,698,600–800
2,2,True,292,200–400
2,4,False,222,200–400
1,1,True,391,200–400
6,6,True,423,400–600
5,5,True,251,200–400
2,2,True,2564,>1200
2,2,True,554,400–600
5,5,True,432,400–600
4,4,True,158,<200
2,2,True,258,200–400
2,2,True,445,400–600
3,3,True,197,<200
1,1,True,392,200–400
2,2,True,278,200–400
2,2,True,778,600–800
1,1,True,416,400–600
6,6,True,539,400–600
2,3,False,483,400–600
2,3,False,195,<200
3,2,False,332,200–400
2,2,True,246,200–400
3,6,False,705,600–800
3,3,True,342,200–400
2,3,False,520,400–600
6,6,True,310,200–400
2,2,True,274,200–400
2,2,True,2119,>1200
1,1,True,274,200–400
2,2,True,332,200–400
3,3,True,248,200–400
3,2,False,271,200–400
3,2,False,435,400–600
3,3,True,976,800–1200
2,2,True,397,200–400
2,3,False,191,<200
3,4,False,401,400–600
2,2,True,171,<200
2,1,False,522,400–600
1,1,True,261,200–400
6,6,True,498,400–600
2,4,False,283,200–400
4,3,False,367,200–400
2,2,True,398,200–400
3,3,True,588,400–600
2,2,True,319,200–400
3,3,True,336,200–400
3,6,False,415,400–600
3,3,True,507,400–600
3,1,False,339,200–400
2,2,True,326,200–400
6,6,True,878,800–1200
6,6,True,284,200–400
2,2,True,261,200–400
1,1,True,415,400–600
1,1,True,335,200–400
1,1,True,338,200–400
3,3,True,351,200–400
2,2,True,339,200–400
5,5,True,443,400–600
1,3,False,251,200–400
2,2,True,501,400–600
2,2,True,420,400–600
6,6,True,393,200–400
2,2,True,433,400–600
5,5,True,223,200–400
2,2,True,361,200–400
2,2,True,3224,>1200
3,2,False,1309,>1200
2,2,True,1234,>1200
4,4,True,278,200–400
3,6,False,333,200–400
4,4,True,364,200–400
1,1,True,343,200–400
1,1,True,359,200–400
1,3,False,204,200–400
3,3,True,248,200–400
3,3,True,399,200–400
2,2,True,1181,800–1200
2,2,True,1238,>1200
3,3,True,276,200–400
2,2,True,488,400–600
2,2,True,406,400–600
2,2,True,367,200–400
1,1,True,827,800–1200
3,3,True,635,600–800
1,1,True,248,200–400
2,2,True,487,400–600
5,1,False,595,400–600
3,3,True,145,<200
1,1,True,373,200–400
3,3,True,289,200–400
3,3,True,572,400–600
2,3,False,895,800–1200
2,1,False,599,400–600
2,2,True,194,<200
3,3,True,562,400–600
3,3,True,253,200–400
2,2,True,757,600–800
3,3,True,209,200–400
2,2,True,400,200–400
2,3,False,177,<200
2,2,True,244,200–400
2,2,True,722,600–800
5,5,True,443,400–600
2,2,True,465,400–600
4,4,True,550,400–600
3,6,False,611,600–800
6,2,False,359,200–400
2,2,True,343,200–400
2,2,True,335,200–400
3,3,True,391,200–400
2,2,True,350,200–400
4,3,False,637,600–800
2,2,True,377,200–400
5,1,False,195,<200
5,5,True,219,200–400
3,3,True,352,200–400
2,1,False,487,400–600
2,2,True,948,800–1200
2,2,True,244,200–400
2,6,False,413,400–600
1,1,True,296,200–400
4,4,True,267,200–400
2,1,False,108,<200
4,3,False,274,200–400
2,2,True,259,200–400
3,3,True,114,<200
2,2,True,307,200–400
3,3,True,604,600–800
1,1,True,834,800–1200
2,2,True,298,200–400
1,5,False,249,200–400
2,2,True,754,600–800
5,5,True,219,200–400
6,6,True,490,400–600
3,3,True,707,600–800
2,2,True,126,<200
4,4,True,267,200–400
4,3,False,397,200–400
1,1,True,344,200–400
4,6,False,590,400–600
4,4,True,160,<200
2,2,True,2931,>1200
5,5,True,343,200–400
3,3,True,610,600–800
5,5,True,173,<200
1,1,True,527,400–600
2,1,False,523,400–600
1,6,False,672,600–800
2,2,True,483,400–600
2,2,True,271,200–400
4,4,True,257,200–400
3,2,False,1546,>1200
2,2,True,235,200–400
3,3,True,861,800–1200
2,2,True,264,200–400
3,2,False,261,200–400
2,4,False,356,200–400
3,3,True,439,400–600
2,2,True,353,200–400
5,5,True,241,200–400
1,1,True,265,200–400
3,3,True,476,400–600
2,2,True,281,200–400
6,6,True,493,400–600
3,2,False,726,600–800
3,3,True,408,400–600
1,1,True,371,200–400
2,2,True,364,200–400
1,1,True,487,400–600
4,4,True,395,200–400
2,2,True,329,200–400
3,3,True,669,600–800
2,2,True,338,200–400
5,5,True,819,800–1200
3,3,True,368,200–400
2,2,True,626,600–800
3,3,True,597,400–600
2,2,True,453,400–600
2,2,True,497,400–600
6,6,True,652,600–800
3,3,True,280,200–400
3,3,True,100,<200
3,1,False,318,200–400
2,2,True,519,400–600
1,1,True,310,200–400
5,5,True,347,200–400
2,2,True,344,200–400
3,3,True,605,600–800
5,5,True,244,200–400
2,2,True,388,200–400
2,2,True,291,200–400
4,4,True,308,200–400
6,6,True,542,400–600
2,2,True,620,600–800
2,6,False,801,800–1200
6,6,True,562,400–600
1,1,True,429,400–600
2,2,True,619,600–800
4,2,False,249,200–400
3,3,True,151,<200
3,2,False,309,200–400
2,2,True,310,200–400
2,2,True,211,200–400
3,3,True,386,200–400
6,6,True,344,200–400
6,6,True,434,400–600
2,2,True,335,200–400
4,4,True,256,200–400
3,3,True,614,600–800
2,2,True,744,600–800
2,2,True,577,400–600
2,3,False,813,800–1200
3,2,False,288,200–400
1,1,True,334,200–400
2,2,True,417,400–600
3,1,False,321,200–400
6,6,True,561,400–600
2,1,False,405,400–600
2,2,True,288,200–400
2,2,True,201,200–400
3,2,False,449,400–600
6,6,True,287,200–400
3,3,True,340,200–400
4,4,True,132,<200
1,1,True,725,600–800
2,2,True,289,200–400
1,1,True,339,200–400
1,1,True,387,200–400
2,2,True,237,200–400
3,3,True,809,800–1200
2,3,False,215,200–400
6,3,False,473,400–600
2,2,True,856,800–1200
3,1,False,428,400–600
2,1,False,378,200–400
3,2,False,387,200–400
1,1,True,526,400–600
3,3,True,661,600–800
2,1,False,388,200–400
2,2,True,247,200–400
5,5,True,496,400–600
3,3,True,206,200–400
2,2,True,266,200–400
2,2,True,359,200–400
2,2,True,346,200–400
2,4,False,168,<200
2,2,True,257,200–400
1,1,True,340,200–400
2,2,True,269,200–400
6,6,True,464,400–600
2,2,True,178,<200
3,3,True,179,<200
3,3,True,327,200–400
6,6,True,601,600–800
3,3,True,141,<200
2,2,True,250,200–400
4,4,True,334,200–400
2,4,False,151,<200
2,5,False,238,200–400
3,3,True,312,200–400
4,4,True,364,200–400
2,3,False,599,400–600
6,6,True,436,400–600
3,3,True,245,200–400
2,2,True,453,400–600
3,3,True,190,<200
2,2,True,310,200–400
2,2,True,801,800–1200
6,6,True,728,600–800
6,1,False,710,600–800
2,4,False,289,200–400
2,2,True,299,200–400
2,2,True,156,<200
3,3,True,374,200–400
3,2,False,286,200–400
3,3,True,201,200–400
4,4,True,221,200–400
3,3,True,202,200–400
6,2,False,335,200–400
4,6,False,479,400–600
1,1,True,349,200–400
3,2,False,350,200–400
1,1,True,247,200–400
4,4,True,222,200–400
4,2,False,274,200–400
2,2,True,99,<200
4,4,True,232,200–400
2,2,True,434,400–600
3,3,True,851,800–1200
1,3,False,195,<200
1,1,True,376,200–400
3,3,True,197,<200
1,1,True,493,400–600
4,4,True,458,400–600
2,2,True,280,200–400
3,1,False,266,200–400
2,2,True,213,200–400
1,1,True,500,400–600
3,3,True,106,<200
2,2,True,257,200–400
2,2,True,294,200–400
3,3,True,175,<200
2,2,True,395,200–400
3,3,True,785,600–800
3,3,True,569,400–600
2,2,True,296,200–400
2,2,True,262,200–400
4,4,True,390,200–400
3,3,True,508,400–600
1,1,True,377,200–400
1,1,True,447,400–600
2,2,True,425,400–600
2,2,True,331,200–400
2,2,True,205,200–400
3,3,True,378,200–400
1,1,True,279,200–400
6,6,True,439,400–600
2,4,False,122,<200
2,1,False,350,200–400
1,1,True,368,200–400
2,2,True,354,200–400
2,2,True,219,200–400
2,2,True,352,200–400
4,3,False,122,<200
6,6,True,662,600–800
3,3,True,1388,>1200
4,1,False,518,400–600
3,3,True,805,800–1200
2,1,False,385,200–400
4,4,True,388,200–400
4,4,True,466,400–600
2,2,True,284,200–400
3,3,True,235,200–400
2,2,True,514,400–600
5,3,False,241,200–400
3,1,False,540,400–600
2,2,True,379,200–400
3,3,True,263,200–400
1,1,True,195,<200
3,3,True,483,400–600
2,2,True,248,200–400
2,1,False,295,200–400
3,3,True,644,600–800
3,3,True,263,200–400
4,4,True,260,200–400
3,3,True,213,200–400
5,2,False,837,800–1200
5,5,True,470,400–600
4,4,True,149,<200
1,1,True,399,200–400
3,1,False,376,200–400
2,3,False,1459,>1200
3,3,True,231,200–400
4,4,True,475,400–600
3,3,True,686,600–800
3,3,True,480,400–600
2,5,False,223,200–400
2,2,True,244,200–400
4,4,True,558,400–600
3,3,True,633,600–800
2,2,True,362,200–400
4,2,False,351,200–400
3,3,True,288,200–400
3,1,False,505,400–600
2,2,True,1403,>1200
2,2,True,807,800–1200
1,1,True,199,<200
6,6,True,543,400–600
2,2,True,302,200–400
2,2,True,403,400–600
2,2,True,159,<200
4,4,True,226,200–400
1,1,True,196,<200
4,4,True,300,200–400
4,4,True,483,400–600
3,3,True,680,600–800
2,3,False,568,400–600
2,2,True,842,800–1200
3,3,True,724,600–800
5,5,True,437,400–600
2,2,True,283,200–400
2,2,True,90,<200
4,4,True,355,200–400
3,2,False,376,200–400
4,4,True,340,200–400
5,5,True,276,200–400
2,2,True,156,<200
3,3,True,785,600–800
6,6,True,281,200–400
2,2,True,243,200–400
3,3,True,152,<200
2,2,True,281,200–400
1,1,True,595,400–600
6,6,True,466,400–600
1,1,True,387,200–400
1,1,True,737,600–800
6,6,True,442,400–600
2,2,True,187,<200
2,2,True,612,600–800
3,3,True,230,200–400
6,6,True,594,400–600
4,4,True,208,200–400
2,2,True,233,200–400
6,6,True,465,400–600
2,2,True,546,400–600
2,2,True,456,400–600
3,3,True,132,<200
2,2,True,488,400–600
2,2,True,304,200–400
2,2,True,128,<200
2,2,True,385,200–400
2,2,True,377,200–400
3,1,False,341,200–400
5,5,True,427,400–600
2,2,True,370,200–400
2,2,True,929,800–1200
2,2,True,596,400–600
3,3,True,304,200–400
4,4,True,469,400–600
6,6,True,436,400–600
5,5,True,495,400–600
2,2,True,277,200–400
1,1,True,420,400–600
4,4,True,336,200–400
2,2,True,196,<200
3,2,False,848,800–1200
2,2,True,101,<200
2,2,True,250,200–400
2,1,False,329,200–400
1,1,True,176,<200
5,5,True,440,400–600
3,3,True,2292,>1200
2,2,True,728,600–800
2,2,True,239,200–400
3,3,True,780,600–800
3,3,True,597,400–600
2,2,True,382,200–400
4,4,True,424,400–600
2,2,True,311,200–400
6,2,False,305,200–400
1,1,True,554,400–600
4,4,True,392,200–400
2,2,True,220,200–400
6,6,True,401,400–600
2,2,True,245,200–400
6,6,True,426,400–600
4,4,True,307,200–400
3,3,True,392,200–400
2,2,True,436,400–600
4,4,True,557,400–600
2,2,True,283,200–400
5,5,True,131,<200
2,3,False,293,200–400
5,5,True,106,<200
4,4,True,729,600–800
1,2,False,207,200–400
4,1,False,308,200–400
1,1,True,228,200–400
3,3,True,216,200–400
4,4,True,351,200–400
2,2,True,308,200–400
1,1,True,200,<200
2,2,True,317,200–400
4,4,True,152,<200
3,3,True,306,200–400
3,3,True,271,200–400
6,6,True,357,200–400
1,3,False,227,200–400
2,4,False,193,<200
2,2,True,289,200–400
2,2,True,309,200–400
2,2,True,323,200–400
5,5,True,245,200–400
2,2,True,331,200–400
3,3,True,146,<200
1,1,True,207,200–400
6,6,True,659,600–800
2,4,False,405,400–600
6,6,True,399,200–400
6,6,True,478,400–600
6,6,True,439,400–600
2,2,True,339,200–400
4,4,True,354,200–400
2,1,False,478,400–600
1,1,True,139,<200
3,3,True,288,200–400
6,6,True,394,200–400
1,1,True,631,600–800
1,1,True,499,400–600
4,4,True,142,<200
3,2,False,357,200–400
2,4,False,265,200–400
2,2,True,391,200–400
3,3,True,487,400–600
2,3,False,505,400–600
3,3,True,173,<200
2,6,False,457,400–600
3,3,True,1915,>1200
3,1,False,381,200–400
3,2,False,265,200–400
6,6,True,579,400–600
6,6,True,371,200–400
2,3,False,299,200–400
2,2,True,183,<200
6,6,True,1072,800–1200
2,2,True,422,400–600
1,1,True,345,200–400
6,5,False,224,200–400
4,4,True,350,200–400
1,1,True,511,400–600
2,2,True,612,600–800
3,1,False,425,400–600
1,1,True,158,<200
5,5,True,525,400–600
6,6,True,486,400–600
2,2,True,1072,800–1200
1,1,True,508,400–600
4,4,True,442,400–600
3,3,True,238,200–400
3,3,True,339,200–400
3,3,True,376,200–400
4,4,True,367,200–400
2,2,True,322,200–400
4,4,True,395,200–400
2,2,True,1065,800–1200
3,2,False,347,200–400
3,2,False,304,200–400
3,3,True,150,<200
1,1,True,241,200–400
6,6,True,346,200–400
5,5,True,288,200–400
3,3,True,196,<200
2,2,True,242,200–400
3,3,True,311,200–400
3,3,True,259,200–400
6,6,True,327,200–400
4,4,True,290,200–400
2,1,False,482,400–600
2,4,False,917,800–1200
4,3,False,253,200–400
3,3,True,324,200–400
2,1,False,373,200–400
2,4,False,691,600–800
3,3,True,596,400–600
2,3,False,442,400–600
3,1,False,291,200–400
2,2,True,603,600–800
2,2,True,497,400–600
2,2,True,887,800–1200
6,6,True,334,200–400
6,6,True,500,400–600
2,2,True,153,<200
2,3,False,1433,>1200
6,6,True,461,400–600
6,6,True,370,200–400
1,1,True,352,200–400
5,5,True,549,400–600
5,5,True,217,200–400
2,2,True,322,200–400
3,3,True,573,400–600
3,2,False,333,200–400
4,4,True,221,200–400
4,4,True,469,400–600
6,6,True,407,400–600
1,1,True,827,800–1200
3,2,False,355,200–400
6,6,True,736,600–800
6,6,True,515,400–600
2,2,True,149,<200
2,2,True,542,400–600
2,2,True,539,400–600
3,3,True,360,200–400
6,6,True,643,600–800
2,2,True,313,200–400
2,2,True,185,<200
3,3,True,256,200–400
1,1,True,312,200–400
3,3,True,193,<200
5,5,True,997,800–1200
2,2,True,214,200–400
6,5,False,364,200–400
6,6,True,563,400–600
3,1,False,513,400–600
6,6,True,432,400–600
2,2,True,193,<200
6,6,True,327,200–400
6,6,True,555,400–600
3,2,False,300,200–400
6,6,True,495,400–600
2,2,True,135,<200
2,2,True,382,200–400
3,6,False,538,400–600
1,1,True,388,200–400
2,1,False,319,200–400
1,1,True,151,<200
2,2,True,179,<200
3,3,True,103,<200
1,2,False,471,400–600
6,6,True,437,400–600
3,3,True,158,<200
6,6,True,474,400–600
1,1,True,302,200–400
1,1,True,351,200–400
3,3,True,363,200–400
3,3,True,412,400–600
3,5,False,438,400–600
4,4,True,581,400–600
2,3,False,172,<200
2,2,True,307,200–400
4,4,True,152,<200
2,1,False,375,200–400
6,6,True,713,600–800
2,2,True,419,400–600
4,4,True,227,200–400
3,4,False,285,200–400
3,3,True,256,200–400
5,5,True,542,400–600
3,3,True,412,400–600
2,2,True,155,<200
1,1,True,334,200–400
3,3,True,362,200–400
6,6,True,231,200–400
3,3,True,338,200–400
5,5,True,254,200–400
2,2,True,858,800–1200
3,3,True,182,<200
1,1,True,309,200–400
6,2,False,815,800–1200
2,2,True,601,600–800
2,3,False,258,200–400
1,1,True,349,200–400
5,5,True,443,400–600
2,2,True,337,200–400
3,3,True,207,200–400
2,2,True,232,200–400
6,6,True,879,800–1200
2,2,True,359,200–400
2,2,True,442,400–600
2,2,True,379,200–400
6,6,True,488,400–600
2,1,False,404,400–600
2,2,True,946,800–1200
2,2,True,1156,800–1200
4,5,False,277,200–400
4,4,True,559,400–600
3,1,False,702,600–800
2,2,True,324,200–400
2,1,False,367,200–400
2,1,False,451,400–600
2,2,True,301,200–400
3,3,True,172,<200
3,3,True,326,200–400
3,3,True,313,200–400
3,3,True,328,200–400
2,2,True,343,200–400
3,3,True,206,200–400
2,2,True,320,200–400
6,6,True,469,400–600
6,6,True,517,400–600
2,3,False,662,600–800
1,1,True,355,200–400
2,2,True,311,200–400
1,5,False,367,200–400
1,1,True,431,400–600
5,5,True,432,400–600
2,6,False,485,400–600
1,2,False,398,200–400
4,2,False,269,200–400
1,1,True,269,200–400
2,2,True,264,200–400
6,6,True,500,400–600
2,2,True,350,200–400
4,4,True,554,400–600
2,2,True,359,200–400
2,2,True,191,<200
2,2,True,332,200–400
3,3,True,1111,800–1200
3,3,True,201,200–400
2,4,False,195,<200
6,6,True,345,200–400
3,3,True,1250,>1200
1,1,True,342,200–400
3,3,True,323,200–400
1,1,True,511,400–600
2,3,False,72,<200
6,6,True,457,400–600
2,2,True,388,200–400
5,5,True,434,400–600
3,3,True,200,<200
1,5,False,391,200–400
6,6,True,455,400–600
4,4,True,476,400–600
6,6,True,1014,800–1200
6,6,True,488,400–600
1,1,True,474,400–600
2,6,False,561,400–600
3,3,True,130,<200
3,3,True,437,400–600
3,3,True,306,200–400
1,2,False,413,400–600
5,5,True,448,400–600
3,5,False,333,200–400
1,1,True,975,800–1200
3,3,True,563,400–600
2,2,True,396,200–400
2,1,False,488,400–600
2,6,False,482,400–600
2,2,True,301,200–400
3,3,True,785,600–800
3,3,True,156,<200
2,2,True,754,600–800
5,5,True,299,200–400
2,2,True,375,200–400
4,4,True,296,200–400
2,3,False,232,200–400
1,1,True,327,200–400
1,1,True,179,<200
1,1,True,358,200–400
1,1,True,474,400–600
2,1,False,332,200–400
3,2,False,222,200–400
2,2,True,612,600–800
1,1,True,316,200–400
2,2,True,479,400–600
2,6,False,421,400–600
3,3,True,145,<200
3,3,True,90,<200
6,6,True,592,400–600
2,2,True,343,200–400
1,1,True,363,200–400
5,5,True,251,200–400
3,3,True,252,200–400
3,5,False,238,200–400
4,2,False,295,200–400
3,3,True,147,<200
6,6,True,634,600–800
6,6,True,323,200–400
3,3,True,603,600–800
2,6,False,484,400–600
2,2,True,367,200–400
6,6,True,476,400–600
2,3,False,270,200–400
2,2,True,395,200–400
5,6,False,418,400–600
2,2,True,474,400–600
3,3,True,478,400–600
3,5,False,325,200–400
2,2,True,226,200–400
1,1,True,303,200–400
2,2,True,497,400–600
2,3,False,248,200–400
4,4,True,195,<200
1,1,True,334,200–400
3,3,True,542,400–600
2,2,True,330,200–400
1,1,True,506,400–600
5,5,True,104,<200
2,2,True,400,200–400
2,5,False,252,200–400
6,2,False,296,200–400
1,1,True,379,200–400
1,1,True,274,200–400
2,3,False,1215,>1200
4,4,True,301,200–400
1,1,True,340,200–400
2,2,True,291,200–400
5,5,True,403,400–600
2,2,True,309,200–400
3,5,False,280,200–400
4,4,True,220,200–400
4,4,True,434,400–600
2,5,False,330,200–400
2,2,True,389,200–400
6,6,True,1175,800–1200
4,4,True,261,200–400
2,2,True,277,200–400
3,3,True,138,<200
2,2,True,295,200–400
1,1,True,346,200–400
2,2,True,350,200–400
3,3,True,1154,800–1200
1,1,True,407,400–600
2,2,True,168,<200
3,3,True,468,400–600
2,5,False,379,200–400
2,2,True,313,200–400
4,4,True,358,200–400
1,6,False,654,600–800
5,5,True,241,200–400
5,5,True,271,200–400
3,3,True,193,<200
3,3,True,423,400–600
3,3,True,357,200–400
6,6,True,799,600–800
4,4,True,464,400–600
3,3,True,388,200–400
3,3,True,945,800–1200
4,5,False,326,200–400
6,6,True,535,400–600
4,6,False,475,400–600
1,1,True,490,400–600
3,3,True,496,400–600
6,6,True,414,400–600
3,3,True,320,200–400
3,3,True,505,400–600
4,3,False,1131,800–1200
2,5,False,241,200–400
1,3,False,875,800–1200
2,4,False,378,200–400
2,2,True,508,400–600
6,6,True,1104,800–1200
3,2,False,1534,>1200
3,1,False,509,400–600
3,3,True,307,200–400
2,2,True,368,200–400
3,3,True,254,200–400
4,4,True,290,200–400
1,1,True,538,400–600
1,3,False,488,400–600
5,5,True,247,200–400
1,1,True,453,400–600
3,3,True,605,600–800
6,6,True,371,200–400
3,3,True,238,200–400
2,2,True,445,400–600
2,2,True,308,200–400
2,4,False,120,<200
3,3,True,252,200–400
2,2,True,611,600–800
3,3,True,686,600–800
2,2,True,459,400–600
1,4,False,181,<200
2,2,True,331,200–400
3,3,True,509,400–600
4,6,False,469,400–600
1,1,True,294,200–400
2,2,True,372,200–400
5,5,True,296,200–400
3,3,True,252,200–400
2,2,True,319,200–400
6,6,True,449,400–600
3,3,True,199,<200
3,3,True,171,<200
1,3,False,630,600–800
3,3,True,466,400–600
2,2,True,203,200–400
3,3,True,682,600–800
1,3,False,595,400–600
2,2,True,548,400–600
5,5,True,232,200–400
3,3,True,228,200–400
3,1,False,414,400–600
2,2,True,154,<200
4,4,True,427,400–600
6,6,True,426,400–600
5,2,False,316,200–400
1,1,True,345,200–400
2,2,True,413,400–600
6,6,True,351,200–400
2,2,True,365,200–400
2,2,True,789,600–800
3,3,True,402,400–600
3,2,False,335,200–400
3,3,True,337,200–400
3,3,True,349,200–400
2,3,False,174,<200
3,1,False,323,200–400
2,3,False,186,<200
3,3,True,289,200–400
1,3,False,628,600–800
2,2,True,214,200–400
3,3,True,831,800–1200
2,2,True,251,200–400
6,6,True,828,800–1200
4,6,False,346,200–400
2,2,True,209,200–400
3,3,True,250,200–400
2,4,False,170,<200
6,6,True,468,400–600
3,3,True,227,200–400
3,3,True,355,200–400
6,6,True,865,800–1200
2,2,True,274,200–400
4,4,True,261,200–400
2,2,True,309,200–400
5,5,True,197,<200
4,4,True,256,200–400
4,4,True,174,<200
4,4,True,389,200–400
1,1,True,180,<200
3,3,True,145,<200
4,4,True,361,200–400
5,5,True,484,400–600
3,3,True,480,400–600
1,1,True,253,200–400
3,3,True,403,400–600
2,5,False,345,200–400
2,2,True,197,<200
1,1,True,60,<200
2,2,True,381,200–400
2,2,True,176,<200
4,4,True,429,400–600
3,3,True,251,200–400
2,1,False,344,200–400
1,1,True,345,200–400
3,2,False,211,200–400
6,6,True,236,200–400
2,2,True,270,200–400
2,2,True,343,200–400
1,1,True,325,200–400
3,2,False,415,400–600
2,2,True,241,200–400
2,3,False,594,400–600
2,2,True,303,200–400
2,2,True,243,200–400
2,2,True,196,<200
3,3,True,189,<200
5,5,True,511,400–600
4,4,True,362,200–400
2,2,True,300,200–400
6,6,True,557,400–600
2,2,True,438,400–600
3,3,True,241,200–400
3,3,True,633,600–800
2,2,True,214,200–400
4,4,True,173,<200
2,2,True,285,200–400
2,2,True,519,400–600
5,5,True,264,200–400
1,1,True,502,400–600
3,3,True,658,600–800
2,2,True,166,<200
6,6,True,345,200–400
5,5,True,515,400–600
2,2,True,360,200–400
1,3,False,248,200–400
2,3,False,254,200–400
3,3,True,455,400–600
4,5,False,432,400–600
4,4,True,758,600–800
3,3,True,155,<200
6,6,True,301,200–400
1,1,True,576,400–600
6,6,True,874,800–1200
2,2,True,397,200–400
3,3,True,144,<200
1,1,True,353,200–400
5,5,True,498,400–600
6,6,True,680,600–800
3,1,False,325,200–400
5,5,True,760,600–800
2,2,True,419,400–600
2,2,True,721,600–800
6,6,True,671,600–800
2,4,False,472,400–600
1,1,True,282,200–400
6,6,True,876,800–1200
5,5,True,552,400–600
2,2,True,258,200–400
2,3,False,871,800–1200
3,3,True,246,200–400
2,2,True,312,200–400
2,2,True,204,200–400
2,3,False,198,<200
2,2,True,1176,800–1200
2,4,False,168,<200
4,4,True,564,400–600
4,4,True,295,200–400
3,3,True,188,<200
2,2,True,219,200–400
4,4,True,265,200–400
1,1,True,272,200–400
3,3,True,188,<200
2,2,True,274,200–400
3,2,False,275,200–400
2,2,True,890,800–1200
2,2,True,203,200–400
4,4,True,206,200–400
2,2,True,372,200–400
3,3,True,573,400–600
1,1,True,349,200–400
2,2,True,262,200–400
6,6,True,404,400–600
1,1,True,604,600–800
1,1,True,302,200–400
5,1,False,533,400–600
5,5,True,221,200–400
1,1,True,333,200–400
1,1,True,480,400–600
6,6,True,406,400–600
3,3,True,339,200–400
2,2,True,414,400–600
2,2,True,763,600–800
2,2,True,339,200–400
3,3,True,953,800–1200
2,1,False,334,200–400
2,2,True,366,200–400
2,2,True,288,200–400
4,4,True,422,400–600
4,4,True,937,800–1200
6,3,False,582,400–600
2,2,True,345,200–400
2,2,True,683,600–800
1,1,True,362,200–400
3,2,False,3195,>1200
6,6,True,545,400–600
1,1,True,202,200–400
2,2,True,372,200–400
3,3,True,282,200–400
2,2,True,379,200–400
2,2,True,364,200–400
4,4,True,345,200–400
3,3,True,765,600–800
1,1,True,334,200–400
3,3,True,273,200–400
1,6,False,809,800–1200
2,2,True,445,400–600
6,6,True,544,400–600
3,3,True,571,400–600
2,2,True,484,400–600
2,2,True,294,200–400
3,3,True,305,200–400
5,5,True,403,400–600
3,3,True,152,<200
4,3,False,573,400–600
3,3,True,421,400–600
6,6,True,348,200–400
2,2,True,484,400–600
6,6,True,337,200–400
3,3,True,297,200–400
6,1,False,338,200–400
1,1,True,302,200–400
2,2,True,285,200–400
3,4,False,206,200–400
3,3,True,289,200–400
4,5,False,235,200–400
2,2,True,211,200–400
4,4,True,564,400–600
3,3,True,80,<200
4,4,True,235,200–400
2,2,True,237,200–400
4,4,True,355,200–400
3,3,True,775,600–800
2,1,False,328,200–400
2,2,True,304,200–400
2,3,False,139,<200
4,4,True,487,400–600
3,3,True,453,400–600
3,3,True,789,600–800
1,1,True,339,200–400
3,3,True,346,200–400
3,1,False,413,400–600
3,3,True,293,200–400
2,2,True,305,200–400
3,3,True,184,<200
2,2,True,320,200–400
1,4,False,190,<200
3,3,True,868,800–1200
6,6,True,875,800–1200
2,2,True,321,200–400
2,2,True,475,400–600
3,3,True,306,200–400
2,2,True,305,200–400
2,2,True,238,200–400
2,5,False,257,200–400
3,3,True,1037,800–1200
1,1,True,316,200–400
2,2,True,1174,800–1200
2,6,False,475,400–600
3,3,True,170,<200
6,6,True,426,400–600
2,2,True,350,200–400
2,2,True,566,400–600
3,3,True,205,200–400
2,2,True,194,<200
1,1,True,509,400–600
2,2,True,289,200–400
1,1,True,427,400–600
3,2,False,221,200–400
4,4,True,329,200–400
3,3,True,996,800–1200
2,2,True,356,200–400
2,2,True,88,<200
6,6,True,475,400–600
3,1,False,726,600–800
3,3,True,129,<200
1,1,True,308,200–400
5,5,True,507,400–600
3,3,True,115,<200
2,2,True,756,600–800
3,3,True,153,<200
2,3,False,124,<200
1,1,True,492,400–600
6,6,True,864,800–1200
1,1,True,527,400–600
2,2,True,217,200–400
2,2,True,222,200–400
2,2,True,156,<200
2,3,False,333,200–400
3,1,False,345,200–400
2,2,True,241,200–400
4,4,True,443,400–600
6,6,True,531,400–600
1,1,True,494,400–600
3,3,True,76,<200
2,2,True,527,400–600
1,1,True,509,400–600
2,2,True,197,<200
2,2,True,756,600–800
2,2,True,397,200–400
6,6,True,876,800–1200
1,1,True,198,<200
2,2,True,323,200–400
2,2,True,235,200–400
6,6,True,476,400–600
3,3,True,155,<200
2,1,False,397,200–400
2,2,True,185,<200
3,3,True,149,<200
3,2,False,286,200–400
4,4,True,143,<200
3,1,False,501,400–600
6,6,True,634,600–800
2,2,True,338,200–400
2,2,True,170,<200
6,6,True,577,400–600
5,5,True,296,200–400
5,5,True,427,400–600
6,6,True,399,200–400
2,2,True,435,400–600
2,2,True,400,200–400
2,2,True,241,200–400
4,4,True,163,<200
1,1,True,312,200–400
1,1,True,197,<200
6,6,True,502,400–600
2,5,False,285,200–400
2,2,True,265,200–400
2,2,True,357,200–400
4,4,True,128,<200
3,4,False,194,<200
3,3,True,482,400–600
3,3,True,370,200–400
2,2,True,342,200–400
2,2,True,553,400–600
2,1,False,295,200–400
2,2,True,808,800–1200
4,4,True,178,<200
2,2,True,394,200–400
6,6,True,476,400–600
1,1,True,398,200–400
3,3,True,179,<200
2,2,True,316,200–400
6,6,True,427,400–600
1,1,True,169,<200
1,1,True,523,400–600
2,4,False,217,200–400
4,4,True,458,400–600
2,2,True,254,200–400
5,5,True,359,200–400
3,5,False,250,200–400
3,3,True,241,200–400
6,6,True,369,200–400
2,2,True,286,200–400
5,5,True,528,400–600
5,5,True,448,400–600
3,3,True,949,800–1200
3,3,True,229,200–400
2,2,True,393,200–400
2,3,False,198,<200
2,2,True,1551,>1200
4,4,True,469,400–600
6,6,True,862,800–1200
1,3,False,179,<200
2,2,True,255,200–400
1,1,True,204,200–400
2,6,False,593,400–600
3,2,False,237,200–400
4,4,True,287,200–400
2,2,True,217,200–400
1,1,True,199,<200
2,1,False,525,400–600
2,2,True,177,<200
1,2,False,520,400–600
1,1,True,390,200–400
3,3,True,78,<200
1,1,True,535,400–600
2,2,True,518,400–600
3,3,True,869,800–1200
2,2,True,366,200–400
2,2,True,214,200–400
3,3,True,153,<200
3,3,True,1432,>1200
6,6,True,459,400–600
3,3,True,451,400–600
1,6,False,583,400–600
2,2,True,1503,>1200
4,4,True,349,200–400
2,2,True,397,200–400
3,3,True,185,<200
2,1,False,621,600–800
1,1,True,336,200–400
3,3,True,190,<200
6,6,True,344,200–400
3,3,True,276,200–400
6,6,True,306,200–400
6,6,True,466,400–600
1,1,True,287,200–400
6,6,True,400,200–400
2,2,True,257,200–400
5,5,True,247,200–400
2,1,False,510,400–600
6,6,True,583,400–600
3,3,True,317,200–400
2,3,False,519,400–600
2,2,True,299,200–400
4,4,True,192,<200
2,2,True,427,400–600
5,5,True,466,400–600
3,2,False,790,600–800
2,2,True,846,800–1200
2,2,True,400,200–400
3,3,True,138,<200
6,6,True,582,400–600
6,6,True,496,400–600
2,6,False,665,600–800
2,2,True,196,<200
4,4,True,458,400–600
5,5,True,650,600–800
4,2,False,302,200–400
6,6,True,582,400–600
3,3,True,250,200–400
3,6,False,855,800–1200
2,2,True,238,200–400
2,1,False,424,400–600
2,2,True,299,200–400
1,1,True,341,200–400
3,3,True,750,600–800
2,1,False,381,200–400
3,3,True,508,400–600
2,2,True,373,200–400
3,3,True,384,200–400
3,3,True,329,200–400
2,2,True,420,400–600
1,1,True,378,200–400
2,3,False,1207,>1200
1,1,True,418,400–600
2,2,True,485,400–600
2,2,True,172,<200
2,2,True,529,400–600
6,6,True,521,400–600
2,4,False,274,200–400
2,2,True,413,400–600
3,2,False,241,200–400
1,1,True,481,400–600
3,3,True,1060,800–1200
5,5,True,232,200–400
3,3,True,375,200–400
3,3,True,740,600–800
3,3,True,193,<200
2,2,True,324,200–400
4,4,True,468,400–600
5,5,True,436,400–600
3,3,True,1459,>1200
3,3,True,238,200–400
4,4,True,477,400–600
1,2,False,257,200–400
4,4,True,320,200–400
3,3,True,266,200–400
3,3,True,190,<200
3,1,False,568,400–600
3,3,True,536,400–600
1,1,True,334,200–400
2,2,True,352,200–400
4,4,True,197,<200
4,4,True,183,<200
2,2,True,261,200–400
4,3,False,177,<200
3,3,True,495,400–600
1,1,True,750,600–800
6,6,True,580,400–600
2,2,True,300,200–400
5,5,True,448,400–600
3,3,True,173,<200
3,3,True,125,<200
2,2,True,319,200–400
2,2,True,2623,>1200
1,1,True,957,800–1200
2,2,True,259,200–400
3,3,True,432,400–600
1,1,True,385,200–400
3,3,True,348,200–400
2,2,True,360,200–400
2,2,True,257,200–400
6,6,True,859,800–1200
3,3,True,259,200–400
3,1,False,331,200–400
2,2,True,362,200–400
5,5,True,199,<200
2,2,True,411,400–600
2,2,True,439,400–600
3,5,False,211,200–400
2,2,True,299,200–400
2,2,True,391,200–400
3,3,True,246,200–400
2,2,True,186,<200
2,2,True,361,200–400
2,2,True,301,200–400
2,1,False,405,400–600
1,1,True,350,200–400
1,2,False,348,200–400
2,2,True,591,400–600
3,3,True,1434,>1200
2,2,True,292,200–400
3,3,True,394,200–400
4,4,True,264,200–400
2,2,True,344,200–400
2,1,False,591,400–600
2,2,True,678,600–800
2,2,True,506,400–600
2,2,True,298,200–400
2,2,True,912,800–1200
3,3,True,970,800–1200
6,6,True,726,600–800
2,6,False,396,200–400
1,1,True,612,600–800
6,6,True,235,200–400
3,3,True,324,200–400
1,1,True,304,200–400
3,3,True,207,200–400
5,5,True,263,200–400
2,4,False,198,<200
2,1,False,484,400–600
1,1,True,409,400–600
2,2,True,171,<200
6,6,True,863,800–1200
3,3,True,189,<200
2,2,True,212,200–400
3,3,True,239,200–400
4,4,True,303,200–400
2,2,True,455,400–600
3,5,False,843,800–1200
2,2,True,315,200–400
2,2,True,719,600–800
2,2,True,237,200–400
4,4,True,618,600–800
6,6,True,432,400–600
3,5,False,212,200–400
1,1,True,486,400–600
5,5,True,296,200–400
2,2,True,595,400–600
2,5,False,225,200–400
1,1,True,440,400–600
2,2,True,252,200–400
5,5,True,433,400–600
2,2,True,336,200–400
3,3,True,901,800–1200
2,2,True,2212,>1200
1,1,True,491,400–600
4,1,False,482,400–600
2,4,False,106,<200
1,1,True,450,400–600
3,3,True,151,<200
6,6,True,560,400–600
3,3,True,1023,800–1200
2,1,False,532,400–600
6,6,True,424,400–600
1,6,False,926,800–1200
3,3,True,101,<200
2,2,True,422,400–600
4,4,True,321,200–400
1,1,True,752,600–800
4,4,True,252,200–400
2,2,True,587,400–600
3,3,True,188,<200
6,6,True,551,400–600
3,5,False,287,200–400
3,3,True,257,200–400
4,4,True,353,200–400
2,2,True,172,<200
3,3,True,279,200–400
2,2,True,494,400–600
3,3,True,147,<200
2,2,True,312,200–400
6,6,True,428,400–600
2,2,True,335,200–400
1,1,True,493,400–600
2,2,True,505,400–600
1,1,True,391,200–400
3,3,True,154,<200
1,1,True,302,200–400
6,6,True,892,800–1200
2,2,True,216,200–400
3,3,True,264,200–400
3,3,True,255,200–400
3,3,True,149,<200
2,2,True,342,200–400
2,2,True,156,<200
3,3,True,194,<200
6,6,True,546,400–600
2,3,False,1507,>1200
4,4,True,560,400–600
2,3,False,670,600–800
3,5,False,266,200–400
3,3,True,454,400–600
2,1,False,414,400–600
3,2,False,399,200–400
3,3,True,651,600–800
2,6,False,419,400–600
3,2,False,493,400–600
3,3,True,387,200–400
1,1,True,492,400–600
2,3,False,175,<200
2,2,True,1611,>1200
3,3,True,303,200–400
2,2,True,684,600–800
2,2,True,714,600–800
6,6,True,471,400–600
2,2,True,475,400–600
1,1,True,514,400–600
2,2,True,211,200–400
3,3,True,143,<200
3,3,True,350,200–400
3,3,True,2334,>1200
2,2,True,237,200–400
2,1,False,963,800–1200
4,4,True,156,<200
3,3,True,452,400–600
6,6,True,526,400–600
6,6,True,534,400–600
2,2,True,238,200–400
1,1,True,497,400–600
4,5,False,462,400–600
1,3,False,236,200–400
6,6,True,524,400–600
2,2,True,239,200–400
1,1,True,341,200–400
1,1,True,284,200–400
4,4,True,246,200–400
2,2,True,401,400–600
2,3,False,229,200–400
4,4,True,427,400–600
4,4,True,286,200–400
1,1,True,363,200–400
2,2,True,233,200–400
3,3,True,570,400–600
1,3,False,623,600–800
4,4,True,294,200–400
1,1,True,194,<200
6,1,False,482,400–600
1,1,True,412,400–600
6,6,True,324,200–400
4,4,True,388,200–400
2,2,True,209,200–400
2,2,True,960,800–1200
5,5,True,511,400–600
2,2,True,417,400–600
3,5,False,311,200–400
3,3,True,422,400–600
3,3,True,185,<200
2,2,True,181,<200
2,2,True,397,200–400
2,2,True,304,200–400
4,4,True,294,200–400
2,2,True,1262,>1200
1,1,True,425,400–600
6,6,True,465,400–600
2,1,False,520,400–600
2,3,False,263,200–400
5,5,True,544,400–600
6,6,True,802,800–1200
2,2,True,305,200–400
2,2,True,454,400–600
3,6,False,674,600–800
3,3,True,200,<200
4,4,True,347,200–400
1,1,True,955,800–1200
3,3,True,155,<200
2,2,True,637,600–800
5,5,True,530,400–600
1,1,True,187,<200
2,2,True,476,400–600
4,4,True,264,200–400
3,3,True,625,600–800
2,2,True,563,400–600
1,1,True,488,400–600
1,1,True,325,200–400
1,2,False,341,200–400
2,2,True,1412,>1200
3,3,True,1409,>1200
1,1,True,470,400–600
3,3,True,180,<200
5,5,True,262,200–400
1,1,True,338,200–400
2,2,True,363,200–400
6,6,True,689,600–800
6,6,True,227,200–400
3,3,True,159,<200
6,3,False,461,400–600
2,5,False,513,400–600
3,3,True,263,200–400
1,1,True,492,400–600
2,2,True,356,200–400
1,1,True,295,200–400
2,2,True,311,200–400
4,2,False,365,200–400
3,3,True,511,400–600
2,3,False,832,800–1200
2,2,True,504,400–600
2,2,True,388,200–400
2,2,True,226,200–400
1,1,True,518,400–600
6,6,True,635,600–800
2,2,True,183,<200
6,6,True,484,400–600
4,4,True,467,400–600
2,2,True,215,200–400
1,5,False,388,200–400
2,2,True,233,200–400
2,2,True,313,200–400
3,3,True,188,<200
3,3,True,206,200–400
1,1,True,363,200–400
1,1,True,339,200–400
2,2,True,245,200–400
6,1,False,386,200–400
2,2,True,72,<200
3,3,True,813,800–1200
2,2,True,293,200–400
2,3,False,147,<200
6,6,True,442,400–600
2,2,True,65,<200
2,2,True,1097,800–1200
2,2,True,519,400–600
3,3,True,346,200–400
2,2,True,213,200–400
2,2,True,359,200–400
2,2,True,401,400–600
2,2,True,427,400–600
3,3,True,411,400–600
3,3,True,785,600–800
2,2,True,2457,>1200
4,4,True,365,200–400
2,2,True,391,200–400
2,3,False,189,<200
2,3,False,216,200–400
2,2,True,216,200–400
2,1,False,573,400–600
2,1,False,234,200–400
6,6,True,793,600–800
2,3,False,75,<200
2,2,True,241,200–400
1,1,True,449,400–600
3,3,True,412,400–600
2,2,True,274,200–400
3,3,True,269,200–400
6,6,True,438,400–600
2,2,True,477,400–600
2,4,False,210,200–400
6,6,True,387,200–400
2,2,True,179,<200
3,3,True,152,<200
5,5,True,448,400–600
4,4,True,153,<200
1,5,False,254,200–400
3,3,True,236,200–400
3,3,True,506,400–600
1,1,True,734,600–800
2,3,False,181,<200
6,2,False,354,200–400
4,3,False,686,600–800
5,5,True,249,200–400
2,2,True,313,200–400
6,6,True,281,200–400
3,3,True,397,200–400
2,2,True,248,200–400
2,2,True,1357,>1200
2,5,False,255,200–400
1,2,False,313,200–400
1,1,True,394,200–400
5,5,True,848,800–1200
2,2,True,294,200–400
3,3,True,176,<200
4,4,True,363,200–400
2,2,True,241,200–400
3,3,True,273,200–400
3,3,True,1427,>1200
2,4,False,235,200–400
2,5,False,185,<200
2,3,False,712,600–800
4,4,True,234,200–400
6,6,True,395,200–400
2,2,True,259,200–400
2,2,True,358,200–400
2,3,False,185,<200
6,6,True,491,400–600
6,6,True,542,400–600
6,6,True,921,800–1200
2,2,True,251,200–400
2,2,True,423,400–600
2,2,True,246,200–400
2,2,True,160,<200
5,5,True,278,200–400
2,5,False,422,400–600
1,1,True,548,400–600
2,2,True,315,200–400
3,3,True,344,200–400
2,2,True,763,600–800
3,3,True,821,800–1200
1,1,True,176,<200
2,4,False,140,<200
6,6,True,477,400–600
2,2,True,248,200–400
3,3,True,399,200–400
1,1,True,435,400–600
2,2,True,757,600–800
4,4,True,132,<200
2,2,True,612,600–800
3,3,True,115,<200
2,2,True,385,200–400
2,2,True,503,400–600
4,4,True,562,400–600
6,6,True,573,400–600
2,2,True,2150,>1200
2,2,True,303,200–400
2,2,True,327,200–400
3,3,True,269,200–400
3,3,True,224,200–400
4,4,True,251,200–400
3,3,True,180,<200
2,2,True,322,200–400
3,3,True,278,200–400
6,6,True,519,400–600
4,4,True,354,200–400
3,3,True,255,200–400
2,2,True,397,200–400
1,1,True,212,200–400
1,1,True,318,200–400
1,1,True,757,600–800
4,4,True,375,200–400
1,1,True,308,200–400
6,6,True,97,<200
2,3,False,312,200–400
3,3,True,193,<200
1,1,True,510,400–600
2,2,True,243,200–400
2,2,True,388,200–400
2,2,True,325,200–400
2,2,True,330,200–400
2,2,True,457,400–600
2,2,True,444,400–600
2,2,True,214,200–400
4,4,True,519,400–600
2,3,False,128,<200
1,1,True,758,600–800
2,2,True,1734,>1200
2,2,True,717,600–800
3,3,True,772,600–800
2,3,False,259,200–400
6,5,False,495,400–600
2,2,True,705,600–800
3,3,True,154,<200
3,3,True,146,<200
2,2,True,277,200–400
3,3,True,634,600–800
2,3,False,251,200–400
2,5,False,255,200–400
6,6,True,348,200–400
3,3,True,244,200–400
3,3,True,290,200–400
3,5,False,580,400–600
2,1,False,363,200–400
6,6,True,585,400–600
2,2,True,70,<200
2,2,True,390,200–400
4,4,True,355,200–400
3,3,True,322,200–400
2,2,True,753,600–800
6,6,True,94,<200
6,6,True,491,400–600
2,2,True,312,200–400
2,2,True,288,200–400
3,2,False,287,200–400
2,2,True,372,200–400
6,6,True,454,400–600
1,1,True,827,800–1200
1,1,True,491,400–600
2,1,False,315,200–400
3,3,True,337,200–400
2,2,True,357,200–400
2,2,True,527,400–600
1,1,True,761,600–800
2,2,True,264,200–400
3,4,False,275,200–400
2,2,True,644,600–800
1,1,True,325,200–400
3,2,False,329,200–400
2,2,True,270,200–400
5,5,True,407,400–600
6,6,True,1059,800–1200
2,3,False,920,800–1200
1,1,True,569,400–600
6,6,True,463,400–600
3,3,True,589,400–600
2,2,True,356,200–400
2,2,True,181,<200
3,3,True,660,600–800
1,3,False,692,600–800
2,2,True,284,200–400
1,1,True,957,800–1200
3,3,True,276,200–400
6,6,True,911,800–1200
3,1,False,427,400–600
1,1,True,350,200–400
3,3,True,190,<200
2,2,True,124,<200
2,2,True,454,400–600
6,6,True,431,400–600
3,3,True,397,200–400
1,1,True,251,200–400
2,2,True,468,400–600
3,3,True,1103,800–1200
2,6,False,676,600–800
6,6,True,467,400–600
1,5,False,442,400–600
6,6,True,585,400–600
1,3,False,187,<200
2,4,False,445,400–600
2,2,True,722,600–800
2,3,False,647,600–800
3,3,True,483,400–600
2,2,True,339,200–400
2,5,False,276,200–400
1,6,False,918,800–1200
4,3,False,146,<200
3,1,False,358,200–400
4,4,True,267,200–400
6,6,True,490,400–600
2,2,True,196,<200
2,2,True,314,200–400
1,1,True,279,200–400
3,3,True,167,<200
6,6,True,501,400–600
6,6,True,633,600–800
2,2,True,2533,>1200
2,3,False,275,200–400
6,6,True,491,400–600
3,3,True,570,400–600
1,1,True,327,200–400
5,5,True,351,200–400
2,2,True,274,200–400
3,3,True,360,200–400
2,2,True,539,400–600
3,3,True,291,200–400
3,3,True,798,600–800
2,3,False,195,<200
1,1,True,957,800–1200
3,3,True,244,200–400
2,6,False,516,400–600
6,6,True,520,400–600
3,3,True,926,800–1200
2,4,False,111,<200
3,3,True,196,<200
2,2,True,325,200–400
2,2,True,372,200–400
3,2,False,244,200–400
5,5,True,233,200–400
3,3,True,234,200–400
2,3,False,463,400–600
3,3,True,161,<200
5,5,True,309,200–400
6,4,False,222,200–400
6,6,True,227,200–400
1,1,True,385,200–400
2,2,True,324,200–400
4,4,True,569,400–600
2,2,True,478,400–600
3,1,False,491,400–600
2,2,True,321,200–400
1,1,True,994,800–1200
2,2,True,387,200–400
2,2,True,1941,>1200
2,2,True,741,600–800
2,3,False,332,200–400
6,6,True,689,600–800
4,4,True,293,200–400
3,1,False,347,200–400
1,1,True,486,400–600
6,6,True,480,400–600
2,2,True,292,200–400
6,6,True,593,400–600
3,3,True,243,200–400
6,6,True,720,600–800
2,2,True,366,200–400
5,5,True,267,200–400
2,2,True,455,400–600
4,3,False,264,200–400
2,2,True,397,200–400
1,1,True,458,400–600
3,3,True,127,<200
2,2,True,721,600–800
4,4,True,200,<200
6,6,True,804,800–1200
1,1,True,597,400–600
2,3,False,373,200–400
3,3,True,286,200–400
2,4,False,151,<200
3,3,True,199,<200
2,2,True,479,400–600
6,6,True,439,400–600
6,6,True,537,400–600
2,2,True,510,400–600
1,1,True,385,200–400
3,1,False,375,200–400
2,2,True,397,200–400
2,2,True,438,400–600
4,1,False,455,400–600
2,2,True,199,<200
3,3,True,684,600–800
2,3,False,861,800–1200
2,2,True,634,600–800
6,6,True,485,400–600
1,1,True,492,400–600
1,1,True,693,600–800
1,2,False,307,200–400
2,2,True,394,200–400
3,3,True,581,400–600
2,2,True,407,400–600
2,2,True,328,200–400
2,2,True,2445,>1200
2,2,True,1464,>1200
3,3,True,549,400–600
6,3,False,267,200–400
6,6,True,795,600–800
1,1,True,506,400–600
2,6,False,436,400–600
6,6,True,430,400–600
6,6,True,491,400–600
4,4,True,148,<200
6,6,True,283,200–400
2,2,True,195,<200
5,5,True,481,400–600
5,5,True,711,600–800
1,1,True,385,200–400
3,3,True,1023,800–1200
2,2,True,315,200–400
1,1,True,345,200–400
2,1,False,344,200–400
2,2,True,274,200–400
6,6,True,1049,800–1200
4,4,True,294,200–400
1,1,True,338,200–400
3,3,True,491,400–600
2,2,True,956,800–1200
1,1,True,961,800–1200
3,6,False,1149,800–1200
2,2,True,440,400–600
2,2,True,521,400–600
2,2,True,283,200–400
3,2,False,360,200–400
2,1,False,314,200–400
2,2,True,190,<200
1,1,True,336,200–400
3,6,False,641,600–800
3,3,True,381,200–400
2,2,True,599,400–600
5,5,True,287,200–400
3,3,True,229,200–400
6,6,True,576,400–600
1,1,True,199,<200
2,5,False,266,200–400
3,3,True,1242,>1200
2,2,True,415,400–600
1,1,True,347,200–400
2,2,True,1288,>1200
3,3,True,648,600–800
2,3,False,393,200–400
3,1,False,324,200–400
2,2,True,381,200–400
3,3,True,306,200–400
3,3,True,346,200–400
1,1,True,343,200–400
2,2,True,222,200–400
3,3,True,586,400–600
2,2,True,483,400–600
2,2,True,246,200–400
3,3,True,454,400–600
2,2,True,209,200–400
5,5,True,254,200–400
2,2,True,245,200–400
6,6,True,301,200–400
3,3,True,462,400–600
4,4,True,471,400–600
4,4,True,264,200–400
6,6,True,343,200–400
2,2,True,211,200–400
1,1,True,513,400–600
4,4,True,208,200–400
6,6,True,518,400–600
2,2,True,338,200–400
1,1,True,154,<200
4,4,True,473,400–600
3,3,True,380,200–400
2,2,True,1352,>1200
3,3,True,128,<200
3,3,True,220,200–400
5,5,True,429,400–600
2,2,True,207,200–400
3,3,True,611,600–800
5,5,True,427,400–600
1,1,True,412,400–600
4,4,True,269,200–400
3,3,True,181,<200
6,6,True,439,400–600
3,6,False,569,400–600
2,2,True,505,400–600
3,3,True,157,<200
6,3,False,141,<200
2,2,True,333,200–400
3,3,True,317,200–400
2,2,True,281,200–400
1,1,True,412,400–600
3,1,False,642,600–800
3,4,False,199,<200
1,1,True,292,200–400
4,4,True,142,<200
3,2,False,2284,>1200
2,3,False,282,200–400
3,3,True,151,<200
6,6,True,419,400–600
3,3,True,345,200–400
5,3,False,263,200–400
2,2,True,764,600–800
2,6,False,404,400–600
1,1,True,480,400–600
2,1,False,527,400–600
2,2,True,342,200–400
3,3,True,184,<200
2,2,True,286,200–400
4,4,True,215,200–400
4,2,False,361,200–400
4,4,True,257,200–400
2,2,True,341,200–400
2,2,True,683,600–800
2,2,True,333,200–400
2,2,True,406,400–600
6,6,True,408,400–600
3,3,True,173,<200
3,3,True,266,200–400
2,2,True,243,200–400
2,2,True,356,200–400
3,2,False,419,400–600
6,6,True,463,400–600
5,4,False,231,200–400
3,3,True,1205,>1200
2,2,True,322,200–400
2,5,False,309,200–400
4,4,True,265,200–400
4,4,True,345,200–400
3,3,True,563,400–600
3,3,True,232,200–400
2,2,True,172,<200
6,6,True,438,400–600
6,6,True,419,400–600
2,2,True,193,<200
2,2,True,352,200–400
1,1,True,341,200–400
5,5,True,215,200–400
2,1,False,473,400–600
2,1,False,350,200–400
2,2,True,272,200–400
1,1,True,296,200–400
3,3,True,597,400–600
4,6,False,422,400–600
1,1,True,319,200–400
2,2,True,321,200–400
2,2,True,530,400–600
3,3,True,154,<200
1,1,True,251,200–400
3,3,True,461,400–600
1,3,False,565,400–600
3,3,True,213,200–400
4,4,True,154,<200
2,2,True,291,200–400
1,1,True,491,400–600
5,2,False,702,600–800
2,2,True,1796,>1200
6,6,True,485,400–600
6,6,True,739,600–800
3,3,True,393,200–400
3,3,True,618,600–800
2,2,True,242,200–400
2,2,True,190,<200
3,3,True,199,<200
2,2,True,215,200–400
3,4,False,179,<200
2,6,False,447,400–600
2,2,True,238,200–400
6,2,False,283,200–400
2,2,True,156,<200
6,6,True,424,400–600
6,6,True,677,600–800
6,6,True,453,400–600
4,1,False,483,400–600
2,2,True,207,200–400
2,2,True,289,200–400
3,3,True,145,<200
2,2,True,300,200–400
3,3,True,358,200–400
2,2,True,741,600–800
3,2,False,426,400–600
4,4,True,350,200–400
6,6,True,557,400–600
2,1,False,448,400–600
1,1,True,319,200–400
3,6,False,276,200–400
3,3,True,618,600–800
3,3,True,275,200–400
3,3,True,235,200–400
4,4,True,299,200–400
2,2,True,189,<200
2,2,True,311,200–400
2,2,True,358,200–400
2,2,True,123,<200
2,2,True,263,200–400
3,3,True,643,600–800
4,4,True,363,200–400
2,2,True,327,200–400
3,3,True,919,800–1200
2,2,True,309,200–400
1,1,True,736,600–800
3,3,True,335,200–400
3,1,False,459,400–600
3,3,True,560,400–600
3,3,True,684,600–800
2,2,True,311,200–400
1,1,True,545,400–600
3,3,True,307,200–400
2,2,True,220,200–400
1,1,True,244,200–400
4,4,True,309,200–400
2,1,False,342,200–400
2,2,True,284,200–400
5,6,False,424,400–600
6,6,True,554,400–600
5,5,True,286,200–400
1,1,True,333,200–400
4,4,True,264,200–400
6,6,True,676,600–800
1,1,True,328,200–400
2,2,True,435,400–600
2,2,True,317,200–400
3,3,True,138,<200
3,1,False,402,400–600
3,3,True,144,<200
6,1,False,292,200–400
3,3,True,794,600–800
3,5,False,802,800–1200
2,2,True,277,200–400
6,6,True,592,400–600
3,3,True,477,400–600
3,3,True,758,600–800
2,2,True,227,200–400
2,2,True,469,400–600
4,1,False,318,200–400
3,3,True,337,200–400
2,2,True,323,200–400
1,6,False,801,800–1200
3,3,True,973,800–1200
1,1,True,501,400–600
2,2,True,259,200–400
4,4,True,256,200–400
1,1,True,391,200–400
5,5,True,305,200–400
2,2,True,295,200–400
3,3,True,274,200–400
2,2,True,968,800–1200
2,2,True,285,200–400
2,2,True,819,800–1200
2,2,True,165,<200
3,3,True,181,<200
2,2,True,228,200–400
2,1,False,506,400–600
6,6,True,345,200–400
2,2,True,262,200–400
2,2,True,263,200–400
3,3,True,156,<200
1,1,True,325,200–400
3,2,False,923,800–1200
1,1,True,284,200–400
3,3,True,186,<200
6,6,True,925,800–1200
1,1,True,203,200–400
3,3,True,101,<200
3,5,False,256,200–400
3,6,False,710,600–800
2,2,True,325,200–400
6,6,True,281,200–400
3,3,True,358,200–400
6,6,True,436,400–600
5,5,True,427,400–600
4,4,True,126,<200
6,6,True,95,<200
6,6,True,962,800–1200
3,3,True,1183,800–1200
3,3,True,802,800–1200
2,2,True,931,800–1200
3,3,True,183,<200
6,6,True,559,400–600
3,2,False,732,600–800
6,6,True,586,400–600
3,3,True,182,<200
4,4,True,205,200–400
2,2,True,367,200–400
6,6,True,99,<200
3,3,True,413,400–600
3,3,True,108,<200
1,1,True,380,200–400
3,3,True,205,200–400
3,3,True,542,400–600
3,3,True,704,600–800
2,2,True,192,<200
6,6,True,700,600–800
4,5,False,388,200–400
2,2,True,302,200–400
2,1,False,356,200–400
2,2,True,361,200–400
1,3,False,60,<200
6,6,True,437,400–600
3,2,False,1288,>1200
3,2,False,318,200–400
1,1,True,320,200–400
3,4,False,169,<200
2,5,False,253,200–400
3,3,True,239,200–400
2,2,True,173,<200
3,3,True,181,<200
1,1,True,181,<200
3,3,True,471,400–600
1,1,True,505,400–600
2,2,True,274,200–400
2,2,True,354,200–400
2,2,True,416,400–600
3,2,False,269,200–400
6,6,True,223,200–400
3,1,False,310,200–400
3,3,True,199,<200
2,2,True,356,200–400
1,1,True,336,200–400
3,3,True,159,<200
2,2,True,368,200–400
3,3,True,145,<200
6,6,True,1172,800–1200
2,5,False,391,200–400
2,3,False,603,600–800
5,5,True,452,400–600
2,2,True,204,200–400
6,2,False,2212,>1200
2,6,False,479,400–600
2,2,True,250,200–400
2,2,True,209,200–400
6,6,True,438,400–600
2,1,False,393,200–400
2,4,False,209,200–400
6,6,True,466,400–600
2,1,False,448,400–600
3,3,True,116,<200
4,4,True,458,400–600
5,5,True,509,400–600
2,2,True,2109,>1200
2,2,True,291,200–400
3,3,True,156,<200
2,2,True,403,400–600
6,6,True,1078,800–1200
2,1,False,336,200–400
1,1,True,307,200–400
5,5,True,591,400–600
1,1,True,267,200–400
3,3,True,1350,>1200
1,1,True,542,400–600
2,2,True,395,200–400
3,3,True,211,200–400
4,4,True,132,<200
2,2,True,368,200–400
3,3,True,174,<200
2,2,True,438,400–600
5,5,True,451,400–600
6,6,True,350,200–400
2,3,False,852,800–1200
3,3,True,636,600–800
1,1,True,624,600–800
2,2,True,421,400–600
3,3,True,716,600–800
2,2,True,316,200–400
6,6,True,378,200–400
5,5,True,250,200–400
2,2,True,211,200–400
3,1,False,535,400–600
2,1,False,341,200–400
6,6,True,488,400–600
1,1,True,305,200–400
1,1,True,767,600–800
3,3,True,106,<200
5,5,True,349,200–400
2,2,True,392,200–400
4,4,True,265,200–400
6,2,False,361,200–400
2,2,True,292,200–400
2,2,True,457,400–600
2,2,True,240,200–400
3,3,True,229,200–400
1,1,True,315,200–400
5,5,True,251,200–400
1,1,True,405,400–600
6,6,True,496,400–600
6,6,True,551,400–600
2,2,True,209,200–400
2,2,True,216,200–400
2,6,False,1143,800–1200
3,3,True,569,400–600
2,2,True,738,600–800
2,2,True,510,400–600
2,3,False,117,<200
1,1,True,330,200–400
1,6,False,1191,800–1200
2,3,False,479,400–600
2,2,True,184,<200
3,3,True,196,<200
2,2,True,333,200–400
2,2,True,502,400–600
2,2,True,448,400–600
4,4,True,346,200–400
1,1,True,399,200–400
4,4,True,464,400–600
6,6,True,888,800–1200
2,2,True,993,800–1200
5,5,True,245,200–400
1,1,True,261,200–400
2,2,True,807,800–1200
6,6,True,430,400–600
2,2,True,386,200–400
3,3,True,495,400–600
3,3,True,1242,>1200
3,3,True,877,800–1200
2,2,True,256,200–400
3,3,True,1191,800–1200
2,2,True,205,200–400
2,2,True,374,200–400
6,6,True,556,400–600
4,4,True,240,200–400
3,3,True,206,200–400
3,3,True,380,200–400
2,2,True,2003,>1200
1,1,True,329,200–400
3,3,True,182,<200
2,3,False,752,600–800
3,1,False,611,600–800
6,6,True,243,200–400
3,4,False,159,<200
3,3,True,107,<200
2,2,True,210,200–400
2,5,False,423,400–600
3,3,True,173,<200
3,1,False,279,200–400
2,5,False,217,200–400
2,1,False,474,400–600
3,3,True,86,<200
2,2,True,172,<200
4,4,True,456,400–600
2,2,True,291,200–400
2,2,True,245,200–400
3,1,False,442,400–600
3,3,True,171,<200
3,3,True,312,200–400
3,5,False,491,400–600
2,2,True,270,200–400
2,1,False,424,400–600
2,1,False,382,200–400
2,2,True,207,200–400
2,6,False,929,800–1200
2,2,True,223,200–400
2,2,True,365,200–400
2,2,True,351,200–400
1,1,True,362,200–400
2,1,False,311,200–400
4,4,True,362,200–400
3,3,True,199,<200
2,2,True,394,200–400
1,1,True,378,200–400
2,1,False,405,400–600
2,2,True,921,800–1200
2,6,False,376,200–400
2,2,True,569,400–600
4,4,True,407,400–600
3,3,True,644,600–800
6,6,True,677,600–800
2,2,True,408,400–600
6,6,True,516,400–600
3,3,True,661,600–800
3,3,True,231,200–400
5,5,True,506,400–600
2,3,False,1476,>1200
6,6,True,95,<200
6,6,True,407,400–600
6,6,True,644,600–800
1,1,True,494,400–600
4,4,True,293,200–400
2,2,True,182,<200
3,3,True,187,<200
2,2,True,396,200–400
2,2,True,327,200–400
1,1,True,366,200–400
2,3,False,225,200–400
2,2,True,639,600–800
3,3,True,280,200–400
3,3,True,330,200–400
3,3,True,186,<200
3,3,True,875,800–1200
3,3,True,122,<200
2,2,True,356,200–400
4,4,True,397,200–400
2,2,True,472,400–600
3,3,True,161,<200
2,3,False,461,400–600
3,3,True,101,<200
6,6,True,716,600–800
1,3,False,410,400–600
3,3,True,360,200–400
3,3,True,305,200–400
1,4,False,162,<200
2,3,False,264,200–400
1,6,False,555,400–600
4,4,True,262,200–400
1,1,True,330,200–400
2,2,True,384,200–400
2,2,True,329,200–400
6,6,True,487,400–600
2,2,True,431,400–600
2,2,True,181,<200
3,3,True,344,200–400
1,1,True,505,400–600
2,5,False,265,200–400
6,2,False,587,400–600
6,6,True,945,800–1200
2,2,True,757,600–800
3,6,False,559,400–600
2,2,True,417,400–600
1,1,True,298,200–400
2,3,False,215,200–400
3,3,True,877,800–1200
2,1,False,477,400–600
5,5,True,349,200–400
6,6,True,485,400–600
2,1,False,408,400–600
6,6,True,667,600–800
2,3,False,238,200–400
3,3,True,362,200–400
3,3,True,771,600–800
1,1,True,346,200–400
2,2,True,285,200–400
2,2,True,364,200–400
3,3,True,116,<200
2,6,False,453,400–600
2,3,False,215,200–400
2,1,False,284,200–400
2,5,False,258,200–400
2,3,False,121,<200
3,3,True,341,200–400
2,2,True,269,200–400
3,3,True,210,200–400
1,1,True,494,400–600
3,3,True,367,200–400
1,1,True,342,200–400
2,2,True,486,400–600
3,3,True,188,<200
2,2,True,3462,>1200
2,2,True,181,<200
2,2,True,375,200–400
2,2,True,456,400–600
1,1,True,254,200–400
2,2,True,338,200–400
3,3,True,437,400–600
3,3,True,348,200–400
4,4,True,388,200–400
2,4,False,604,600–800
2,5,False,203,200–400
2,2,True,278,200–400
6,6,True,544,400–600
4,4,True,212,200–400
3,2,False,409,400–600
2,2,True,267,200–400
4,4,True,172,<200
4,4,True,258,200–400
4,4,True,145,<200
1,1,True,336,200–400
2,2,True,393,200–400
2,2,True,352,200–400
3,3,True,165,<200
5,5,True,1526,>1200
6,6,True,467,400–600
3,3,True,230,200–400
1,1,True,273,200–400
2,2,True,271,200–400
3,3,True,599,400–600
2,2,True,298,200–400
6,6,True,433,400–600
4,4,True,157,<200
2,2,True,334,200–400
2,5,False,332,200–400
2,2,True,1342,>1200
2,3,False,142,<200
2,3,False,278,200–400
2,2,True,365,200–400
6,6,True,325,200–400
3,3,True,194,<200
2,2,True,428,400–600
2,3,False,1102,800–1200
4,4,True,883,800–1200
4,4,True,287,200–400
2,2,True,961,800–1200
2,2,True,371,200–400
2,2,True,254,200–400
2,2,True,244,200–400
2,2,True,262,200–400
1,1,True,737,600–800
2,5,False,246,200–400
3,3,True,201,200–400
2,2,True,238,200–400
3,2,False,394,200–400
6,6,True,546,400–600
1,1,True,267,200–400
1,1,True,734,600–800
2,2,True,292,200–400
3,3,True,873,800–1200
3,3,True,420,400–600
3,3,True,261,200–400
6,6,True,341,200–400
3,3,True,289,200–400
4,4,True,252,200–400
2,2,True,235,200–400
2,2,True,316,200–400
6,6,True,471,400–600
1,6,False,604,600–800
3,3,True,233,200–400
1,1,True,496,400–600
2,2,True,190,<200
6,6,True,426,400–600
2,2,True,225,200–400
4,4,True,178,<200
6,6,True,398,200–400
6,6,True,446,400–600
2,2,True,491,400–600
2,2,True,208,200–400
2,2,True,158,<200
2,2,True,239,200–400
6,6,True,695,600–800
6,6,True,620,600–800
1,6,False,586,400–600
1,1,True,81,<200
2,2,True,293,200–400
2,2,True,302,200–400
2,1,False,403,400–600
2,2,True,372,200–400
3,4,False,76,<200
4,5,False,499,400–600
1,1,True,297,200–400
2,2,True,305,200–400
4,4,True,354,200–400
2,5,False,378,200–400
6,6,True,512,400–600
2,2,True,344,200–400
3,3,True,407,400–600
3,3,True,1002,800–1200
2,5,False,502,400–600
2,1,False,339,200–400
6,6,True,308,200–400
6,5,False,283,200–400
2,2,True,249,200–400
1,6,False,741,600–800
6,6,True,557,400–600
2,2,True,404,400–600
1,1,True,481,400–600
2,3,False,147,<200
3,3,True,194,<200
4,4,True,428,400–600
1,1,True,535,400–600
3,3,True,828,800–1200
1,1,True,186,<200
3,3,True,185,<200
4,4,True,540,400–600
2,2,True,159,<200
2,2,True,342,200–400
2,2,True,391,200–400
6,6,True,435,400–600
3,3,True,1948,>1200
2,5,False,120,<200
2,2,True,1007,800–1200
2,2,True,466,400–600
2,2,True,405,400–600
1,1,True,228,200–400
1,6,False,718,600–800
2,2,True,366,200–400
4,4,True,320,200–400
6,6,True,1101,800–1200
3,3,True,948,800–1200
1,1,True,467,400–600
2,2,True,274,200–400
2,2,True,394,200–400
2,2,True,460,400–600
2,1,False,479,400–600
2,2,True,213,200–400
3,3,True,254,200–400
6,6,True,491,400–600
6,1,False,345,200–400
2,2,True,528,400–600
2,5,False,430,400–600
3,3,True,255,200–400
1,1,True,376,200–400
3,3,True,436,400–600
5,5,True,388,200–400
2,2,True,1441,>1200
6,6,True,224,200–400
6,6,True,467,400–600
2,2,True,210,200–400
2,2,True,241,200–400
2,2,True,843,800–1200
3,3,True,983,800–1200
6,6,True,594,400–600
4,4,True,118,<200
2,5,False,218,200–400
2,2,True,540,400–600
1,1,True,202,200–400
3,3,True,273,200–400
6,6,True,283,200–400
1,1,True,418,400–600
3,3,True,263,200–400
6,6,True,283,200–400
2,2,True,427,400–600
2,5,False,356,200–400
4,4,True,131,<200
2,3,False,494,400–600
4,4,True,144,<200
1,1,True,215,200–400
1,5,False,128,<200
5,5,True,251,200–400
3,3,True,272,200–400
2,2,True,1235,>1200
2,2,True,310,200–400
2,3,False,478,400–600
1,1,True,767,600–800
2,2,True,1597,>1200
3,3,True,195,<200
2,2,True,400,200–400
2,2,True,187,<200
4,4,True,263,200–400
3,3,True,323,200–400
3,3,True,156,<200
2,2,True,1029,800–1200
2,2,True,295,200–400
2,2,True,316,200–400
2,2,True,402,400–600
6,6,True,696,600–800
2,2,True,201,200–400
2,2,True,171,<200
1,1,True,384,200–400
5,5,True,244,200–400
3,3,True,584,400–600
6,6,True,503,400–600
6,2,False,303,200–400
1,5,False,200,<200
1,1,True,727,600–800
2,2,True,252,200–400
2,3,False,217,200–400
3,3,True,722,600–800
6,6,True,370,200–400
3,3,True,175,<200
6,6,True,403,400–600
2,3,False,297,200–400
2,1,False,416,400–600
1,1,True,966,800–1200
6,6,True,640,600–800
1,3,False,210,200–400
1,2,False,268,200–400
3,3,True,247,200–400
2,2,True,575,400–600
6,6,True,597,400–600
4,4,True,353,200–400
2,2,True,418,400–600
1,1,True,482,400–600
2,1,False,360,200–400
2,3,False,375,200–400
2,2,True,214,200–400
2,2,True,334,200–400
2,2,True,586,400–600
2,2,True,346,200–400
6,6,True,672,600–800
1,1,True,369,200–400
3,3,True,389,200–400
1,3,False,1065,800–1200
2,2,True,459,400–600
2,2,True,303,200–400
5,5,True,249,200–400
4,4,True,162,<200
3,2,False,234,200–400
4,4,True,140,<200
2,2,True,240,200–400
6,6,True,1057,800–1200
2,1,False,622,600–800
3,3,True,278,200–400
6,2,False,388,200–400
2,2,True,217,200–400
1,1,True,132,<200
1,1,True,254,200–400
3,5,False,380,200–400
6,6,True,344,200–400
4,4,True,277,200–400
4,1,False,523,400–600
2,2,True,225,200–400
2,2,True,267,200–400
2,2,True,359,200–400
2,2,True,309,200–400
3,3,True,232,200–400
2,2,True,315,200–400
3,3,True,373,200–400
2,2,True,439,400–600
3,3,True,177,<200
6,6,True,482,400–600
3,3,True,410,400–600
2,6,False,472,400–600
6,6,True,460,400–600
5,5,True,432,400–600
2,2,True,611,600–800
2,2,True,398,200–400
2,2,True,181,<200
2,2,True,463,400–600
3,3,True,602,600–800
1,1,True,372,200–400
1,1,True,490,400–600
6,6,True,469,400–600
3,3,True,530,400–600
5,5,True,239,200–400
2,2,True,517,400–600
3,3,True,150,<200
6,6,True,302,200–400
1,6,False,498,400–600
4,4,True,360,200–400
2,3,False,639,600–800
5,5,True,445,400–600
6,6,True,790,600–800
1,1,True,285,200–400
1,1,True,254,200–400
5,5,True,231,200–400
2,2,True,757,600–800
2,2,True,258,200–400
3,3,True,202,200–400
1,1,True,1641,>1200
1,1,True,421,400–600
3,3,True,199,<200
3,3,True,158,<200
1,1,True,739,600–800
3,3,True,604,600–800
4,4,True,345,200–400
3,3,True,536,400–600
3,3,True,119,<200
2,2,True,242,200–400
2,2,True,263,200–400
2,1,False,341,200–400
3,3,True,676,600–800
1,1,True,327,200–400
4,4,True,402,400–600
4,4,True,244,200–400
2,2,True,186,<200
1,1,True,251,200–400
2,2,True,242,200–400
4,4,True,465,400–600
3,3,True,233,200–400
1,6,False,376,200–400
2,3,False,532,400–600
2,3,False,225,200–400
4,4,True,193,<200
2,1,False,586,400–600
1,1,True,306,200–400
2,2,True,408,400–600
2,2,True,1366,>1200
3,3,True,369,200–400
2,2,True,340,200–400
2,3,False,182,<200
1,1,True,265,200–400
3,3,True,411,400–600
2,2,True,358,200–400
3,3,True,223,200–400
3,3,True,322,200–400
4,4,True,176,<200
2,2,True,273,200–400
3,3,True,467,400–600
2,2,True,529,400–600
6,6,True,1058,800–1200
2,2,True,1546,>1200
3,3,True,237,200–400
2,2,True,191,<200
1,2,False,284,200–400
2,2,True,757,600–800
4,4,True,564,400–600
5,5,True,449,400–600
6,6,True,493,400–600
3,3,True,605,600–800
2,2,True,310,200–400
2,2,True,505,400–600
4,2,False,398,200–400
6,6,True,876,800–1200
2,2,True,340,200–400
2,2,True,212,200–400
3,3,True,246,200–400
2,2,True,174,<200
1,3,False,216,200–400
4,4,True,118,<200
2,1,False,302,200–400
2,2,True,369,200–400
5,5,True,220,200–400
3,3,True,204,200–400
6,6,True,429,400–600
2,2,True,383,200–400
1,1,True,467,400–600
3,3,True,180,<200
2,2,True,283,200–400
2,2,True,316,200–400
3,3,True,234,200–400
2,2,True,160,<200
2,2,True,362,200–400
3,3,True,231,200–400
3,5,False,787,600–800
3,3,True,206,200–400
2,2,True,284,200–400
4,4,True,716,600–800
4,4,True,190,<200
1,1,True,499,400–600
5,5,True,253,200–400
2,1,False,404,400–600
1,1,True,503,400–600
2,2,True,421,400–600
6,6,True,218,200–400
3,4,False,284,200–400
4,1,False,492,400–600
3,1,False,379,200–400
6,6,True,96,<200
1,1,True,443,400–600
6,6,True,605,600–800
4,4,True,876,800–1200
1,1,True,366,200–400
2,2,True,368,200–400
1,1,True,550,400–600
2,3,False,822,800–1200
6,6,True,476,400–600
2,2,True,357,200–400
3,2,False,1057,800–1200
2,2,True,265,200–400
3,3,True,96,<200
3,3,True,264,200–400
4,4,True,464,400–600
1,1,True,600,400–600
3,3,True,379,200–400
2,4,False,158,<200
3,4,False,207,200–400
2,2,True,606,600–800
6,6,True,554,400–600
5,5,True,874,800–1200
2,3,False,205,200–400
2,2,True,379,200–400
2,2,True,342,200–400
1,3,False,188,<200
1,1,True,439,400–600
1,1,True,377,200–400
2,1,False,365,200–400
2,2,True,323,200–400
3,3,True,125,<200
2,2,True,215,200–400
2,5,False,305,200–400
2,1,False,413,400–600
3,2,False,646,600–800
4,4,True,169,<200
2,3,False,1005,800–1200
2,2,True,261,200–400
3,3,True,262,200–400
4,6,False,577,400–600
3,3,True,193,<200
1,1,True,245,200–400
6,3,False,1098,800–1200
3,1,False,325,200–400
6,6,True,430,400–600
5,5,True,445,400–600
4,1,False,356,200–400
2,2,True,404,400–600
3,3,True,226,200–400
3,6,False,575,400–600
2,5,False,255,200–400
2,2,True,329,200–400
4,4,True,292,200–400
3,3,True,641,600–800
2,3,False,4678,>1200
5,5,True,492,400–600
2,2,True,590,400–600
5,1,False,369,200–400
6,6,True,647,600–800
1,1,True,250,200–400
5,5,True,532,400–600
3,3,True,120,<200
4,5,False,247,200–400
2,3,False,449,400–600
4,4,True,200,<200
1,1,True,177,<200
6,6,True,600,400–600
2,2,True,268,200–400
2,2,True,740,600–800
4,4,True,370,200–400
3,3,True,293,200–400
4,4,True,618,600–800
1,2,False,323,200–400
6,6,True,528,400–600
1,1,True,515,400–600
1,1,True,307,200–400
3,3,True,87,<200
5,5,True,515,400–600
2,5,False,246,200–400
2,2,True,301,200–400
1,3,False,552,400–600
2,2,True,313,200–400
3,1,False,343,200–400
2,2,True,209,200–400
6,6,True,856,800–1200
2,2,True,211,200–400
1,3,False,78,<200
4,4,True,264,200–400
3,2,False,405,400–600
3,3,True,349,200–400
3,2,False,308,200–400
2,1,False,288,200–400
2,2,True,439,400–600
4,4,True,235,200–400
3,3,True,196,<200
2,4,False,421,400–600
3,3,True,411,400–600
4,4,True,464,400–600
2,5,False,270,200–400
3,3,True,140,<200
4,4,True,258,200–400
2,2,True,245,200–400
2,2,True,508,400–600
3,3,True,253,200–400
1,1,True,244,200–400
2,2,True,299,200–400
6,6,True,736,600–800
6,6,True,678,600–800
2,2,True,977,800–1200
3,3,True,283,200–400
1,1,True,349,200–400
2,3,False,713,600–800
6,6,True,226,200–400
2,2,True,198,<200
2,5,False,267,200–400
2,2,True,326,200–400
2,1,False,405,400–600
2,1,False,326,200–400
3,4,False,195,<200
6,6,True,494,400–600
3,3,True,185,<200
3,3,True,241,200–400
1,1,True,81,<200
2,2,True,235,200–400
2,2,True,383,200–400
6,6,True,560,400–600
3,1,False,347,200–400
6,6,True,424,400–600
3,3,True,252,200–400
4,4,True,354,200–400
3,3,True,99,<200
2,2,True,312,200–400
4,4,True,203,200–400
2,2,True,484,400–600
6,6,True,511,400–600
3,3,True,236,200–400
2,2,True,484,400–600
1,1,True,410,400–600
2,2,True,303,200–400
1,1,True,315,200–400
3,3,True,555,400–600
6,6,True,389,200–400
3,3,True,834,800–1200
6,6,True,409,400–600
2,5,False,241,200–400
4,2,False,220,200–400
3,3,True,291,200–400
2,2,True,209,200–400
5,5,True,758,600–800
2,2,True,392,200–400
4,4,True,303,200–400
5,5,True,308,200–400
2,2,True,192,<200
2,2,True,474,400–600
1,1,True,398,200–400
2,2,True,208,200–400
1,1,True,284,200–400
3,4,False,344,200–400
3,3,True,1758,>1200
5,5,True,432,400–600
2,2,True,257,200–400
3,3,True,157,<200
6,6,True,670,600–800
3,3,True,223,200–400
5,2,False,344,200–400
6,6,True,839,800–1200
2,1,False,381,200–400
6,6,True,398,200–400
6,6,True,945,800–1200
2,2,True,309,200–400
3,5,False,200,<200
1,2,False,324,200–400
3,3,True,264,200–400
2,2,True,346,200–400
2,2,True,305,200–400
2,1,False,427,400–600
3,3,True,483,400–600
1,1,True,492,400–600
2,2,True,976,800–1200
6,6,True,558,400–600
2,2,True,839,800–1200
3,4,False,202,200–400
2,2,True,361,200–400
2,4,False,243,200–400
2,2,True,576,400–600
4,4,True,334,200–400
4,4,True,369,200–400
1,1,True,311,200–400
3,3,True,199,<200
3,3,True,266,200–400
2,3,False,362,200–400
4,1,False,572,400–600
3,3,True,427,400–600
6,6,True,644,600–800
3,2,False,310,200–400
3,3,True,109,<200
2,2,True,474,400–600
2,6,False,446,400–600
3,3,True,188,<200
3,3,True,616,600–800
2,2,True,288,200–400
4,6,False,635,600–800
6,6,True,683,600–800
2,2,True,223,200–400
1,4,False,253,200–400
2,2,True,306,200–400
2,2,True,342,200–400
2,2,True,365,200–400
6,6,True,704,600–800
5,5,True,270,200–400
6,6,True,484,400–600
6,6,True,520,400–600
2,2,True,363,200–400
4,4,True,260,200–400
2,2,True,556,400–600
2,3,False,201,200–400
2,2,True,396,200–400
5,5,True,863,800–1200
4,4,True,165,<200
3,3,True,624,600–800
3,3,True,240,200–400
6,4,False,223,200–400
2,3,False,817,800–1200
2,1,False,372,200–400
2,2,True,701,600–800
2,2,True,2377,>1200
6,6,True,462,400–600
5,5,True,443,400–600
4,4,True,717,600–800
3,3,True,89,<200
2,2,True,143,<200
3,3,True,1243,>1200
3,3,True,448,400–600
2,3,False,207,200–400
2,3,False,828,800–1200
2,2,True,226,200–400
3,3,True,3011,>1200
2,2,True,252,200–400
2,2,True,396,200–400
2,2,True,333,200–400
4,4,True,337,200–400
6,6,True,477,400–600
5,5,True,427,400–600
2,6,False,347,200–400
2,2,True,244,200–400
1,1,True,319,200–400
2,2,True,346,200–400
4,4,True,1578,>1200
4,4,True,475,400–600
4,4,True,1353,>1200
4,4,True,607,600–800
1,3,False,196,<200
2,6,False,988,800–1200
2,2,True,527,400–600
2,2,True,148,<200
2,2,True,216,200–400
5,2,False,245,200–400
3,2,False,253,200–400
3,1,False,428,400–600
1,1,True,398,200–400
1,2,False,741,600–800
2,1,False,413,400–600
2,1,False,318,200–400
2,1,False,313,200–400
2,1,False,516,400–600
6,6,True,566,400–600
2,2,True,400,200–400
2,5,False,219,200–400
3,3,True,169,<200
1,1,True,521,400–600
2,2,True,253,200–400
6,3,False,578,400–600
1,1,True,471,400–600
5,5,True,366,200–400
1,1,True,502,400–600
2,2,True,1389,>1200
2,2,True,382,200–400
1,1,True,218,200–400
1,1,True,611,600–800
2,2,True,324,200–400
4,4,True,242,200–400
2,2,True,337,200–400
2,2,True,141,<200
3,3,True,1249,>1200
3,3,True,186,<200
2,2,True,272,200–400
4,4,True,518,400–600
1,1,True,507,400–600
3,2,False,261,200–400
2,2,True,367,200–400
5,5,True,252,200–400
6,6,True,671,600–800
5,5,True,216,200–400
6,6,True,425,400–600
6,6,True,595,400–600
2,2,True,433,400–600
3,3,True,448,400–600
2,2,True,332,200–400
2,2,True,261,200–400
4,6,False,883,800–1200
3,6,False,682,600–800
1,1,True,307,200–400
3,2,False,1187,800–1200
2,2,True,403,400–600
3,2,False,263,200–400
2,2,True,152,<200
2,2,True,386,200–400
6,6,True,341,200–400
2,2,True,615,600–800
3,3,True,245,200–400
4,4,True,150,<200
2,2,True,212,200–400
2,2,True,1370,>1200
4,4,True,427,400–600
3,3,True,93,<200
4,4,True,101,<200
3,3,True,348,200–400
2,2,True,595,400–600
3,3,True,292,200–400
4,4,True,430,400–600
3,3,True,543,400–600
2,2,True,262,200–400
1,1,True,282,200–400
3,3,True,276,200–400
3,1,False,652,600–800
2,4,False,533,400–600
4,4,True,206,200–400
2,2,True,438,400–600
2,3,False,624,600–800
2,4,False,226,200–400
2,1,False,335,200–400
3,3,True,892,800–1200
5,5,True,263,200–400
1,2,False,302,200–400
1,1,True,652,600–800
3,3,True,250,200–400
6,6,True,553,400–600
2,2,True,260,200–400
6,6,True,690,600–800
3,3,True,135,<200
1,1,True,311,200–400
3,2,False,711,600–800
4,4,True,264,200–400
2,2,True,259,200–400
1,1,True,331,200–400
3,3,True,239,200–400
2,2,True,224,200–400
4,4,True,197,<200
3,3,True,792,600–800
1,1,True,131,<200
4,4,True,365,200–400
2,2,True,331,200–400
6,6,True,372,200–400
2,2,True,305,200–400
2,2,True,429,400–600
2,2,True,119,<200
1,1,True,492,400–600
2,2,True,425,400–600
2,2,True,259,200–400
2,3,False,743,600–800
1,1,True,265,200–400
6,6,True,490,400–600
3,3,True,168,<200
2,4,False,164,<200
3,3,True,102,<200
3,3,True,152,<200
2,2,True,371,200–400
6,6,True,879,800–1200
4,2,False,396,200–400
2,1,False,389,200–400
4,2,False,1034,800–1200
6,6,True,228,200–400
3,3,True,100,<200
3,2,False,831,800–1200
3,3,True,610,600–800
2,2,True,210,200–400
3,2,False,297,200–400
2,2,True,552,400–600
1,1,True,374,200–400
2,2,True,301,200–400
3,2,False,289,200–400
2,2,True,456,400–600
5,5,True,456,400–600
3,1,False,467,400–600
2,2,True,580,400–600
2,3,False,258,200–400
1,1,True,505,400–600
3,3,True,667,600–800
3,3,True,250,200–400
2,2,True,228,200–400
2,2,True,274,200–400
1,3,False,238,200–400
3,3,True,229,200–400
2,2,True,403,400–600
2,3,False,194,<200
3,3,True,155,<200
2,3,False,532,400–600
2,2,True,314,200–400
3,3,True,519,400–600
3,3,True,879,800–1200
1,3,False,308,200–400
3,3,True,243,200–400
4,4,True,616,600–800
2,3,False,391,200–400
6,3,False,755,600–800
2,2,True,408,400–600
3,3,True,167,<200
4,4,True,197,<200
6,6,True,225,200–400
2,2,True,434,400–600
2,2,True,251,200–400
2,2,True,416,400–600
2,2,True,475,400–600
2,4,False,182,<200
1,1,True,333,200–400
3,3,True,132,<200
3,3,True,761,600–800
1,1,True,358,200–400
2,5,False,265,200–400
2,2,True,397,200–400
2,6,False,514,400–600
3,3,True,245,200–400
2,2,True,165,<200
2,3,False,681,600–800
3,6,False,523,400–600
3,3,True,171,<200
6,6,True,219,200–400
6,6,True,494,400–600
3,3,True,1157,800–1200
3,3,True,459,400–600
3,3,True,496,400–600
4,4,True,191,<200
3,3,True,150,<200
2,2,True,213,200–400
2,2,True,456,400–600
2,2,True,214,200–400
2,2,True,363,200–400
5,5,True,448,400–600
6,6,True,502,400–600
2,2,True,384,200–400
2,2,True,292,200–400
2,2,True,608,600–800
2,5,False,257,200–400
3,3,True,379,200–400
2,2,True,947,800–1200
2,2,True,285,200–400
3,1,False,501,400–600
2,2,True,354,200–400
2,1,False,337,200–400
2,2,True,2514,>1200
1,1,True,339,200–400
3,3,True,378,200–400
2,2,True,264,200–400
6,6,True,579,400–600
4,4,True,391,200–400
6,6,True,679,600–800
3,3,True,139,<200
3,4,False,154,<200
2,3,False,158,<200
6,6,True,718,600–800
2,2,True,445,400–600
2,2,True,204,200–400
2,2,True,221,200–400
2,2,True,384,200–400
6,6,True,430,400–600
3,5,False,291,200–400
6,6,True,453,400–600
2,2,True,307,200–400
4,4,True,195,<200
2,1,False,304,200–400
6,2,False,325,200–400
1,1,True,421,400–600
5,5,True,428,400–600
2,2,True,425,400–600
2,2,True,530,400–600
2,2,True,274,200–400
1,1,True,367,200–400
2,1,False,349,200–400
1,3,False,202,200–400
3,3,True,152,<200
2,2,True,677,600–800
3,3,True,190,<200
1,1,True,412,400–600
2,6,False,876,800–1200
6,6,True,327,200–400
3,3,True,3637,>1200
3,3,True,522,400–600
3,3,True,464,400–600
4,4,True,160,<200
6,6,True,646,600–800
3,2,False,1183,800–1200
1,1,True,402,400–600
2,2,True,351,200–400
3,3,True,278,200–400
1,1,True,368,200–400
3,3,True,449,400–600
3,3,True,341,200–400
3,3,True,155,<200
2,2,True,408,400–600
4,4,True,367,200–400
6,1,False,305,200–400
6,6,True,275,200–400
5,5,True,449,400–600
4,4,True,329,200–400
1,1,True,424,400–600
5,5,True,300,200–400
1,1,True,904,800–1200
2,2,True,407,400–600
3,3,True,714,600–800
6,6,True,878,800–1200
2,3,False,287,200–400
2,2,True,1068,800–1200
1,1,True,388,200–400
2,6,False,491,400–600
6,6,True,276,200–400
4,4,True,455,400–600
4,6,False,384,200–400
2,1,False,263,200–400
3,3,True,273,200–400
4,4,True,159,<200
1,1,True,377,200–400
3,3,True,569,400–600
2,3,False,331,200–400
6,6,True,833,800–1200
3,3,True,307,200–400
3,3,True,160,<200
4,4,True,154,<200
3,2,False,303,200–400
1,1,True,281,200–400
3,3,True,310,200–400
1,1,True,303,200–400
1,1,True,414,400–600
1,1,True,772,600–800
6,6,True,460,400–600
4,4,True,113,<200
2,2,True,307,200–400
4,4,True,190,<200
4,4,True,458,400–600
2,2,True,237,200–400
4,1,False,350,200–400
6,6,True,642,600–800
2,2,True,2109,>1200
2,3,False,873,800–1200
2,3,False,462,400–600
2,4,False,331,200–400
1,1,True,309,200–400
6,6,True,640,600–800
2,3,False,344,200–400
2,2,True,296,200–400
2,2,True,292,200–400
3,3,True,545,400–600
3,1,False,476,400–600
5,5,True,433,400–600
3,3,True,948,800–1200
3,3,True,805,800–1200
3,6,False,1228,>1200
2,2,True,197,<200
2,5,False,211,200–400
2,2,True,309,200–400
2,2,True,70,<200
2,3,False,219,200–400
6,6,True,430,400–600
2,2,True,496,400–600
2,2,True,220,200–400
2,5,False,261,200–400
2,2,True,336,200–400
2,2,True,745,600–800
1,1,True,323,200–400
1,1,True,488,400–600
4,4,True,214,200–400
1,1,True,337,200–400
3,2,False,600,400–600
2,2,True,236,200–400
2,2,True,413,400–600
3,1,False,512,400–600
4,1,False,396,200–400
3,2,False,240,200–400
3,3,True,703,600–800
6,6,True,686,600–800
2,2,True,374,200–400
3,3,True,884,800–1200
2,2,True,284,200–400
3,3,True,168,<200
3,2,False,424,400–600
3,3,True,214,200–400
6,6,True,478,400–600
3,3,True,348,200–400
1,1,True,353,200–400
3,3,True,179,<200
6,6,True,275,200–400
6,1,False,307,200–400
3,1,False,521,400–600
2,2,True,487,400–600
6,1,False,382,200–400
2,2,True,367,200–400
5,5,True,250,200–400
3,1,False,588,400–600
2,5,False,231,200–400
2,2,True,1371,>1200
1,1,True,448,400–600
2,3,False,370,200–400
2,2,True,237,200–400
2,2,True,376,200–400
2,2,True,346,200–400
6,6,True,233,200–400
3,3,True,201,200–400
3,3,True,260,200–400
3,3,True,306,200–400
6,6,True,450,400–600
3,3,True,1150,800–1200
6,6,True,469,400–600
2,2,True,352,200–400
1,1,True,332,200–400
2,2,True,190,<200
3,2,False,202,200–400
4,4,True,151,<200
3,3,True,149,<200
2,2,True,702,600–800
5,5,True,139,<200
2,2,True,354,200–400
1,1,True,440,400–600
2,2,True,502,400–600
2,2,True,914,800–1200
2,2,True,401,400–600
3,3,True,695,600–800
1,1,True,524,400–600
2,2,True,303,200–400
6,6,True,593,400–600
6,6,True,488,400–600
2,1,False,382,200–400
1,1,True,393,200–400
3,3,True,189,<200
2,2,True,225,200–400
2,2,True,465,400–600
2,2,True,329,200–400
2,2,True,549,400–600
2,2,True,472,400–600
3,3,True,124,<200
3,3,True,254,200–400
1,1,True,283,200–400
2,1,False,261,200–400
2,2,True,382,200–400
1,1,True,153,<200
1,3,False,789,600–800
5,5,True,427,400–600
3,3,True,1954,>1200
4,4,True,336,200–400
1,1,True,353,200–400
5,5,True,501,400–600
1,1,True,196,<200
6,6,True,298,200–400
2,2,True,195,<200
2,2,True,82,<200
5,5,True,256,200–400
2,2,True,482,400–600
6,6,True,340,200–400
2,2,True,1372,>1200
3,3,True,202,200–400
2,6,False,589,400–600
3,3,True,248,200–400
2,2,True,373,200–400
3,3,True,768,600–800
3,3,True,271,200–400
2,2,True,253,200–400
2,4,False,296,200–400
4,4,True,158,<200
3,2,False,246,200–400
1,1,True,216,200–400
1,1,True,301,200–400
6,6,True,376,200–400
1,1,True,199,<200
2,2,True,290,200–400
1,1,True,459,400–600
3,3,True,232,200–400
1,1,True,332,200–400
3,1,False,311,200–400
2,2,True,214,200–400
2,2,True,214,200–400
3,3,True,3033,>1200
2,2,True,739,600–800
3,3,True,139,<200
3,3,True,75,<200
2,2,True,334,200–400
1,1,True,329,200–400
2,2,True,183,<200
4,3,False,181,<200
6,6,True,552,400–600
2,2,True,320,200–400
3,3,True,128,<200
1,1,True,420,400–600
2,2,True,742,600–800
3,3,True,557,400–600
1,5,False,198,<200
2,4,False,407,400–600
4,4,True,129,<200
2,3,False,94,<200
1,2,False,424,400–600
6,6,True,810,800–1200
6,6,True,486,400–600
2,2,True,240,200–400
2,2,True,206,200–400
3,3,True,154,<200
2,2,True,363,200–400
5,2,False,205,200–400
3,3,True,266,200–400
2,3,False,176,<200
1,3,False,695,600–800
3,5,False,245,200–400
1,1,True,421,400–600
2,3,False,964,800–1200
2,2,True,351,200–400
1,1,True,240,200–400
2,2,True,312,200–400
3,2,False,232,200–400
2,5,False,340,200–400
6,6,True,347,200–400
3,3,True,365,200–400
2,2,True,283,200–400
3,2,False,359,200–400
2,1,False,346,200–400
2,2,True,433,400–600
6,6,True,459,400–600
6,6,True,460,400–600
2,2,True,162,<200
2,2,True,624,600–800
3,3,True,739,600–800
3,3,True,270,200–400
2,3,False,462,400–600
2,2,True,160,<200
5,5,True,349,200–400
5,5,True,261,200–400
3,3,True,331,200–400
1,1,True,403,400–600
3,1,False,510,400–600
1,1,True,378,200–400
3,1,False,314,200–400
2,2,True,354,200–400
2,2,True,218,200–400
3,1,False,364,200–400
2,1,False,431,400–600
3,2,False,355,200–400
6,6,True,490,400–600
3,1,False,498,400–600
3,3,True,406,400–600
2,2,True,256,200–400
2,2,True,256,200–400
4,4,True,214,200–400
3,3,True,1910,>1200
2,1,False,467,400–600
2,2,True,362,200–400
3,3,True,317,200–400
3,3,True,1944,>1200
4,4,True,155,<200
1,1,True,378,200–400
1,1,True,198,<200
3,6,False,522,400–600
2,2,True,204,200–400
2,2,True,372,200–400
2,2,True,779,600–800
5,5,True,139,<200
3,3,True,255,200–400
3,3,True,227,200–400
2,2,True,401,400–600
2,1,False,796,600–800
2,2,True,402,400–600
3,3,True,414,400–600
2,3,False,206,200–400
1,1,True,950,800–1200
4,4,True,258,200–400
4,1,False,268,200–400
2,3,False,206,200–400
2,2,True,372,200–400
6,4,False,275,200–400
2,3,False,511,400–600
1,1,True,362,200–400
2,2,True,322,200–400
3,2,False,229,200–400
2,3,False,429,400–600
4,4,True,197,<200
4,4,True,264,200–400
5,5,True,211,200–400
6,6,True,550,400–600
1,1,True,500,400–600
2,2,True,308,200–400
2,3,False,188,<200
2,2,True,427,400–600
2,1,False,314,200–400
3,5,False,269,200–400
1,2,False,202,200–400
2,2,True,435,400–600
4,4,True,265,200–400
3,3,True,777,600–800
2,2,True,573,400–600
1,3,False,177,<200
6,6,True,567,400–600
3,3,True,94,<200
3,1,False,650,600–800
2,2,True,250,200–400
3,3,True,448,400–600
2,2,True,884,800–1200
3,3,True,135,<200
1,5,False,293,200–400
6,6,True,331,200–400
6,6,True,536,400–600
2,2,True,609,600–800
2,2,True,394,200–400
6,6,True,687,600–800
2,2,True,301,200–400
3,3,True,394,200–400
6,6,True,579,400–600
1,1,True,340,200–400
2,3,False,471,400–600
2,4,False,390,200–400
2,2,True,450,400–600
2,2,True,2157,>1200
3,3,True,258,200–400
2,2,True,147,<200
3,3,True,433,400–600
3,3,True,173,<200
2,2,True,171,<200
2,3,False,211,200–400
3,3,True,317,200–400
2,3,False,183,<200
6,6,True,464,400–600
4,2,False,363,200–400
3,2,False,275,200–400
2,2,True,683,600–800
2,2,True,210,200–400
5,5,True,241,200–400
2,2,True,260,200–400
2,2,True,212,200–400
2,3,False,186,<200
2,2,True,360,200–400
1,1,True,497,400–600
6,6,True,300,200–400
3,3,True,764,600–800
6,6,True,443,400–600
2,2,True,275,200–400
2,2,True,247,200–400
3,2,False,302,200–400
5,5,True,443,400–600
3,3,True,212,200–400
2,2,True,402,400–600
2,2,True,286,200–400
2,2,True,310,200–400
2,6,False,358,200–400
1,1,True,195,<200
6,6,True,689,600–800
5,5,True,445,400–600
2,3,False,193,<200
6,6,True,477,400–600
6,6,True,597,400–600
3,3,True,456,400–600
2,2,True,305,200–400
5,5,True,445,400–600
3,3,True,207,200–400
3,3,True,598,400–600
3,3,True,603,600–800
3,3,True,569,400–600
3,3,True,862,800–1200
6,6,True,476,400–600
2,2,True,471,400–600
3,4,False,355,200–400
3,3,True,334,200–400
5,5,True,267,200–400
1,1,True,180,<200
1,6,False,788,600–800
3,3,True,156,<200
2,1,False,316,200–400
2,2,True,348,200–400
2,2,True,424,400–600
5,5,True,189,<200
3,3,True,180,<200
6,6,True,545,400–600
1,1,True,387,200–400
4,1,False,619,600–800
1,1,True,239,200–400
2,6,False,652,600–800
3,4,False,132,<200
3,3,True,189,<200
6,6,True,966,800–1200
2,2,True,297,200–400
3,3,True,331,200–400
6,6,True,470,400–600
2,2,True,396,200–400
2,2,True,296,200–400
2,3,False,486,400–600
2,2,True,459,400–600
2,2,True,255,200–400
3,3,True,146,<200
2,2,True,213,200–400
1,1,True,475,400–600
2,3,False,199,<200
2,2,True,298,200–400
2,2,True,443,400–600
6,6,True,786,600–800
1,3,False,286,200–400
3,3,True,275,200–400
6,6,True,652,600–800
4,4,True,267,200–400
2,2,True,297,200–400
2,2,True,398,200–400
2,2,True,319,200–400
3,2,False,207,200–400
3,6,False,783,600–800
3,3,True,647,600–800
1,1,True,311,200–400
4,4,True,238,200–400
2,2,True,388,200–400
5,5,True,426,400–600
3,1,False,374,200–400
2,2,True,374,200–400
2,2,True,344,200–400
2,2,True,391,200–400
6,6,True,648,600–800
1,1,True,201,200–400
6,6,True,95,<200
2,2,True,217,200–400
2,2,True,1288,>1200
3,3,True,571,400–600
2,2,True,365,200–400
1,2,False,340,200–400
1,1,True,493,400–600
2,2,True,318,200–400
2,2,True,306,200–400
1,1,True,336,200–400
2,2,True,431,400–600
2,2,True,256,200–400
1,6,False,418,400–600
2,2,True,394,200–400
3,3,True,724,600–800
6,6,True,458,400–600
6,6,True,876,800–1200
6,2,False,304,200–400
3,3,True,213,200–400
6,2,False,399,200–400
2,2,True,365,200–400
2,2,True,353,200–400
5,5,True,510,400–600
6,6,True,494,400–600
6,6,True,458,400–600
2,2,True,668,600–800
2,2,True,209,200–400
6,1,False,601,600–800
3,3,True,251,200–400
1,1,True,342,200–400
3,2,False,395,200–400
1,2,False,308,200–400
2,2,True,142,<200
2,2,True,396,200–400
2,4,False,206,200–400
3,3,True,693,600–800
2,2,True,301,200–400
1,1,True,180,<200
2,2,True,465,400–600
4,4,True,254,200–400
6,6,True,651,600–800
6,6,True,945,800–1200
4,1,False,295,200–400
2,2,True,247,200–400
2,1,False,349,200–400
2,2,True,1404,>1200
2,2,True,209,200–400
3,6,False,460,400–600
6,1,False,521,400–600
2,2,True,328,200–400
2,2,True,303,200–400
3,3,True,172,<200
3,1,False,385,200–400
3,3,True,772,600–800
2,2,True,430,400–600
4,4,True,432,400–600
3,3,True,378,200–400
4,4,True,173,<200
4,6,False,730,600–800
3,3,True,1150,800–1200
2,2,True,215,200–400
2,2,True,292,200–400
1,1,True,349,200–400
2,2,True,595,400–600
2,2,True,299,200–400
3,3,True,206,200–400
3,3,True,466,400–600
3,3,True,259,200–400
3,3,True,288,200–400
3,1,False,504,400–600
2,4,False,312,200–400
2,2,True,186,<200
2,2,True,319,200–400
6,6,True,301,200–400
2,2,True,440,400–600
2,2,True,388,200–400
2,2,True,356,200–400
1,2,False,631,600–800
4,4,True,455,400–600
3,1,False,513,400–600
5,5,True,248,200–400
3,3,True,572,400–600
3,3,True,699,600–800
2,2,True,193,<200
2,6,False,496,400–600
6,6,True,542,400–600
2,6,False,534,400–600
2,2,True,410,400–600
2,2,True,568,400–600
2,2,True,331,200–400
3,3,True,277,200–400
3,3,True,685,600–800
3,3,True,610,600–800
5,5,True,436,400–600
2,2,True,396,200–400
4,4,True,254,200–400
2,2,True,318,200–400
1,5,False,402,400–600
2,2,True,215,200–400
3,3,True,304,200–400
2,2,True,87,<200
2,1,False,500,400–600
3,3,True,1220,>1200
3,3,True,194,<200
3,1,False,392,200–400
2,2,True,320,200–400
2,2,True,226,200–400
2,2,True,339,200–400
2,2,True,392,200–400
2,2,True,897,800–1200
3,3,True,388,200–400
2,2,True,643,600–800
6,6,True,440,400–600
6,6,True,538,400–600
4,3,False,109,<200
2,2,True,373,200–400
4,4,True,515,400–600
1,1,True,349,200–400
2,2,True,706,600–800
2,2,True,240,200–400
3,3,True,405,400–600
4,4,True,154,<200
2,2,True,284,200–400
4,2,False,886,800–1200
6,6,True,465,400–600
6,6,True,606,600–800
3,2,False,390,200–400
2,2,True,1386,>1200
3,3,True,188,<200
3,6,False,663,600–800
1,1,True,341,200–400
2,2,True,247,200–400
3,6,False,473,400–600
2,2,True,325,200–400
2,2,True,389,200–400
3,3,True,144,<200
3,5,False,259,200–400
2,2,True,68,<200
3,4,False,399,200–400
3,3,True,493,400–600
3,3,True,568,400–600
2,6,False,440,400–600
2,1,False,309,200–400
2,2,True,66,<200
3,4,False,192,<200
3,3,True,354,200–400
1,1,True,481,400–600
2,2,True,298,200–400
2,2,True,233,200–400
3,3,True,238,200–400
3,3,True,695,600–800
1,1,True,501,400–600
6,6,True,453,400–600
2,4,False,153,<200
3,3,True,184,<200
2,2,True,207,200–400
3,3,True,331,200–400
6,3,False,97,<200
1,1,True,352,200–400
3,3,True,305,200–400
1,1,True,734,600–800
6,5,False,376,200–400
2,1,False,310,200–400
6,6,True,327,200–400
2,2,True,365,200–400
5,5,True,678,600–800
5,5,True,769,600–800
5,5,True,245,200–400
1,1,True,375,200–400
6,6,True,662,600–800
3,2,False,639,600–800
2,2,True,214,200–400
2,2,True,419,400–600
4,4,True,373,200–400
2,2,True,257,200–400
6,1,False,377,200–400
1,1,True,567,400–600
2,2,True,407,400–600
3,6,False,651,600–800
3,3,True,245,200–400
2,2,True,361,200–400
1,1,True,446,400–600
2,2,True,207,200–400
3,2,False,240,200–400
2,2,True,113,<200
2,2,True,241,200–400
1,6,False,572,400–600
1,1,True,488,400–600
3,3,True,202,200–400
3,3,True,143,<200
3,3,True,605,600–800
1,3,False,502,400–600
3,3,True,139,<200
3,3,True,620,600–800
2,2,True,440,400–600
3,3,True,191,<200
2,2,True,810,800–1200
3,1,False,287,200–400
1,1,True,372,200–400
3,3,True,785,600–800
2,6,False,476,400–600
2,2,True,374,200–400
2,2,True,1013,800–1200
2,2,True,188,<200
3,3,True,288,200–400
3,3,True,317,200–400
6,6,True,100,<200
3,3,True,243,200–400
3,3,True,648,600–800
2,2,True,342,200–400
2,1,False,328,200–400
2,2,True,728,600–800
2,1,False,282,200–400
5,5,True,368,200–400
2,2,True,493,400–600
3,6,False,733,600–800
2,2,True,297,200–400
1,1,True,173,<200
1,1,True,513,400–600
1,2,False,241,200–400
4,4,True,146,<200
3,3,True,406,400–600
2,2,True,431,400–600
3,3,True,205,200–400
2,5,False,408,400–600
5,5,True,171,<200
3,3,True,288,200–400
2,2,True,337,200–400
3,3,True,198,<200
3,3,True,602,600–800
2,2,True,308,200–400
2,2,True,438,400–600
2,2,True,623,600–800
2,2,True,270,200–400
1,2,False,436,400–600
1,1,True,609,600–800
2,2,True,175,<200
3,3,True,459,400–600
1,1,True,353,200–400
6,6,True,789,600–800
3,3,True,122,<200
3,2,False,166,<200
2,3,False,792,600–800
6,6,True,602,600–800
3,3,True,285,200–400
3,3,True,100,<200
3,2,False,1636,>1200
2,2,True,283,200–400
2,2,True,386,200–400
3,3,True,338,200–400
1,3,False,186,<200
4,4,True,145,<200
6,6,True,428,400–600
1,1,True,441,400–600
1,1,True,409,400–600
6,6,True,459,400–600
3,3,True,245,200–400
1,1,True,199,<200
2,2,True,419,400–600
6,6,True,552,400–600
2,2,True,376,200–400
3,2,False,339,200–400
3,3,True,543,400–600
1,1,True,599,400–600
3,3,True,117,<200
6,6,True,823,800–1200
3,2,False,285,200–400
2,2,True,232,200–400
1,1,True,341,200–400
2,2,True,701,600–800
2,2,True,405,400–600
2,2,True,515,400–600
2,2,True,498,400–600
3,3,True,244,200–400
6,6,True,426,400–600
3,2,False,499,400–600
5,5,True,75,<200
3,3,True,649,600–800
4,4,True,564,400–600
3,3,True,208,200–400
2,3,False,773,600–800
5,5,True,236,200–400
5,5,True,200,<200
5,5,True,423,400–600
2,4,False,288,200–400
1,2,False,961,800–1200
2,2,True,277,200–400
4,4,True,368,200–400
3,3,True,288,200–400
3,1,False,331,200–400
2,2,True,299,200–400
3,3,True,471,400–600
4,4,True,145,<200
6,6,True,518,400–600
3,3,True,336,200–400
3,3,True,440,400–600
2,2,True,315,200–400
4,4,True,264,200–400
3,3,True,435,400–600
2,2,True,353,200–400
2,6,False,575,400–600
3,3,True,233,200–400
3,1,False,361,200–400
4,4,True,439,400–600
2,2,True,710,600–800
6,6,True,399,200–400
4,3,False,368,200–400
2,2,True,3184,>1200
4,4,True,128,<200
2,5,False,289,200–400
3,4,False,167,<200
1,1,True,198,<200
3,3,True,1150,800–1200
3,3,True,406,400–600
2,2,True,419,400–600
2,2,True,170,<200
2,3,False,706,600–800
3,3,True,420,400–600
1,2,False,300,200–400
1,1,True,338,200–400
2,2,True,396,200–400
5,5,True,337,200–400
4,4,True,1556,>1200
2,2,True,750,600–800
6,6,True,541,400–600
1,1,True,380,200–400
2,2,True,426,400–600
5,5,True,424,400–600
2,3,False,233,200–400
2,2,True,1178,800–1200
3,3,True,950,800–1200
5,5,True,124,<200
4,4,True,348,200–400
2,4,False,173,<200
1,1,True,152,<200
4,4,True,262,200–400
4,4,True,163,<200
2,4,False,144,<200
1,1,True,276,200–400
2,2,True,221,200–400
6,6,True,463,400–600
2,1,False,339,200–400
1,1,True,336,200–400
3,3,True,295,200–400
2,5,False,357,200–400
2,2,True,393,200–400
6,6,True,675,600–800
2,2,True,224,200–400
2,2,True,245,200–400
3,3,True,248,200–400
6,6,True,543,400–600
2,2,True,1088,800–1200
2,2,True,213,200–400
2,2,True,343,200–400
3,3,True,1242,>1200
3,3,True,597,400–600
2,2,True,1401,>1200
6,6,True,923,800–1200
3,3,True,1436,>1200
2,2,True,239,200–400
3,3,True,161,<200
2,4,False,407,400–600
3,3,True,1755,>1200
4,4,True,354,200–400
4,6,False,473,400–600
2,2,True,471,400–600
6,6,True,489,400–600
5,5,True,252,200–400
2,6,False,921,800–1200
3,4,False,308,200–400
6,6,True,426,400–600
4,4,True,437,400–600
3,3,True,440,400–600
2,2,True,201,200–400
3,3,True,774,600–800
3,3,True,354,200–400
6,6,True,725,600–800
2,1,False,337,200–400
2,2,True,269,200–400
1,1,True,371,200–400
3,3,True,378,200–400
1,1,True,433,400–600
2,2,True,247,200–400
3,3,True,201,200–400
1,1,True,302,200–400
2,2,True,234,200–400
2,2,True,351,200–400
3,3,True,108,<200
4,4,True,438,400–600
6,1,False,493,400–600
2,1,False,422,400–600
2,2,True,475,400–600
2,1,False,296,200–400
1,2,False,306,200–400
2,2,True,719,600–800
1,2,False,414,400–600
2,2,True,733,600–800
2,2,True,298,200–400
3,5,False,274,200–400
3,3,True,257,200–400
3,3,True,400,200–400
2,6,False,955,800–1200
2,2,True,162,<200
2,2,True,448,400–600
3,3,True,283,200–400
3,3,True,493,400–600
2,2,True,201,200–400
4,4,True,425,400–600
2,2,True,290,200–400
2,2,True,277,200–400
2,2,True,507,400–600
3,3,True,239,200–400
2,2,True,356,200–400
6,6,True,631,600–800
1,4,False,290,200–400
2,2,True,331,200–400
6,2,False,323,200–400
6,6,True,571,400–600
3,3,True,102,<200
3,3,True,335,200–400
2,2,True,403,400–600
6,1,False,348,200–400
3,4,False,279,200–400
5,5,True,233,200–400
4,4,True,334,200–400
3,3,True,361,200–400
6,3,False,793,600–800
2,2,True,395,200–400
6,6,True,801,800–1200
3,2,False,252,200–400
2,5,False,251,200–400
1,1,True,828,800–1200
2,2,True,174,<200
3,3,True,336,200–400
4,4,True,239,200–400
2,2,True,244,200–400
3,3,True,216,200–400
3,2,False,344,200–400
2,2,True,332,200–400
1,1,True,281,200–400
2,2,True,237,200–400
1,1,True,361,200–400
3,3,True,198,<200
4,4,True,495,400–600
6,3,False,552,400–600
2,1,False,454,400–600
4,5,False,293,200–400
2,2,True,326,200–400
3,3,True,500,400–600
5,5,True,349,200–400
1,1,True,369,200–400
6,6,True,511,400–600
2,2,True,366,200–400
2,2,True,259,200–400
2,2,True,273,200–400
5,3,False,768,600–800
6,6,True,221,200–400
6,6,True,938,800–1200
3,3,True,210,200–400
2,1,False,342,200–400
6,6,True,642,600–800
2,2,True,784,600–800
2,2,True,139,<200
2,3,False,224,200–400
2,2,True,407,400–600
3,4,False,353,200–400
6,6,True,435,400–600
2,4,False,195,<200
6,6,True,402,400–600
4,4,True,265,200–400
2,2,True,189,<200
1,1,True,154,<200
2,2,True,362,200–400
2,2,True,382,200–400
6,6,True,430,400–600
1,1,True,479,400–600
6,6,True,577,400–600
2,2,True,137,<200
1,1,True,201,200–400
6,6,True,397,200–400
2,2,True,1400,>1200
2,2,True,358,200–400
1,1,True,318,200–400
2,3,False,70,<200
2,2,True,412,400–600
2,2,True,319,200–400
2,1,False,529,400–600
2,3,False,233,200–400
1,1,True,317,200–400
2,2,True,359,200–400
6,6,True,561,400–600
2,2,True,196,<200
2,2,True,308,200–400
6,6,True,1051,800–1200
3,3,True,169,<200
2,4,False,206,200–400
3,3,True,208,200–400
2,2,True,378,200–400
2,2,True,352,200–400
6,6,True,730,600–800
3,3,True,196,<200
2,2,True,499,400–600
3,3,True,225,200–400
5,5,True,450,400–600
6,6,True,564,400–600
4,4,True,259,200–400
6,6,True,448,400–600
2,3,False,867,800–1200
3,3,True,1009,800–1200
4,4,True,223,200–400
3,3,True,229,200–400
2,2,True,437,400–600
3,2,False,229,200–400
6,6,True,507,400–600
3,3,True,433,400–600
2,2,True,375,200–400
2,6,False,437,400–600
3,3,True,385,200–400
2,1,False,329,200–400
2,2,True,709,600–800
2,5,False,433,400–600
1,1,True,565,400–600
3,3,True,973,800–1200
4,4,True,258,200–400
5,5,True,434,400–600
1,1,True,291,200–400
2,2,True,329,200–400
2,2,True,256,200–400
2,2,True,702,600–800
1,1,True,429,400–600
5,5,True,361,200–400
6,6,True,938,800–1200
2,2,True,406,400–600
3,3,True,599,400–600
3,3,True,316,200–400
1,1,True,331,200–400
3,3,True,284,200–400
1,1,True,343,200–400
3,3,True,286,200–400
3,3,True,215,200–400
6,6,True,338,200–400
2,2,True,824,800–1200
3,3,True,676,600–800
2,2,True,242,200–400
5,5,True,429,400–600
2,2,True,312,200–400
2,2,True,406,400–600
2,2,True,398,200–400
2,2,True,161,<200
6,6,True,687,600–800
3,3,True,126,<200
4,3,False,421,400–600
2,5,False,239,200–400
2,2,True,421,400–600
2,2,True,315,200–400
2,6,False,392,200–400
3,3,True,419,400–600
4,4,True,418,400–600
3,2,False,383,200–400
5,5,True,529,400–600
6,6,True,635,600–800
1,1,True,200,<200
2,2,True,172,<200
4,4,True,268,200–400
3,3,True,288,200–400
3,3,True,692,600–800
1,4,False,224,200–400
4,4,True,161,<200
3,3,True,582,400–600
2,2,True,264,200–400
2,2,True,4007,>1200
6,6,True,472,400–600
2,2,True,333,200–400
1,1,True,381,200–400
2,2,True,258,200–400
2,3,False,230,200–400
2,2,True,404,400–600
2,3,False,279,200–400
3,3,True,276,200–400
5,5,True,547,400–600
3,3,True,860,800–1200
2,2,True,338,200–400
1,1,True,382,200–400
3,3,True,312,200–400
1,1,True,517,400–600
2,4,False,367,200–400
2,2,True,243,200–400
2,2,True,293,200–400
2,2,True,1404,>1200
6,3,False,1175,800–1200
2,2,True,356,200–400
6,6,True,327,200–400
2,2,True,378,200–400
2,2,True,713,600–800
6,6,True,446,400–600
2,5,False,316,200–400
3,2,False,268,200–400
6,6,True,568,400–600
1,1,True,341,200–400
3,3,True,192,<200
5,5,True,132,<200
3,3,True,192,<200
3,3,True,305,200–400
2,2,True,338,200–400
2,2,True,295,200–400
6,2,False,4114,>1200
1,1,True,283,200–400
4,4,True,548,400–600
2,3,False,315,200–400
4,4,True,462,400–600
2,2,True,235,200–400
1,1,True,656,600–800
2,4,False,366,200–400
2,2,True,282,200–400
3,2,False,2453,>1200
2,2,True,213,200–400
2,2,True,313,200–400
2,2,True,292,200–400
2,2,True,764,600–800
6,1,False,390,200–400
6,6,True,461,400–600
3,3,True,309,200–400
2,2,True,335,200–400
1,5,False,521,400–600
2,3,False,410,400–600
3,3,True,101,<200
2,2,True,548,400–600
4,6,False,471,400–600
2,2,True,239,200–400
4,4,True,175,<200
4,4,True,465,400–600
1,1,True,678,600–800
3,3,True,269,200–400
2,2,True,283,200–400
2,2,True,152,<200
2,6,False,358,200–400
2,2,True,78,<200
2,2,True,671,600–800
1,1,True,337,200–400
2,2,True,300,200–400
5,5,True,364,200–400
2,2,True,829,800–1200
4,4,True,128,<200
5,5,True,281,200–400
3,3,True,581,400–600
3,3,True,229,200–400
2,3,False,224,200–400
1,1,True,296,200–400
1,1,True,322,200–400
2,2,True,316,200–400
6,6,True,556,400–600
2,2,True,447,400–600
2,2,True,309,200–400
4,4,True,120,<200
1,1,True,327,200–400
3,3,True,294,200–400
3,4,False,270,200–400
2,2,True,125,<200
5,5,True,449,400–600
3,3,True,231,200–400
2,2,True,240,200–400
3,3,True,706,600–800
6,6,True,281,200–400
6,6,True,458,400–600
3,3,True,405,400–600
3,3,True,822,800–1200
3,3,True,880,800–1200
2,2,True,887,800–1200
2,2,True,314,200–400
3,3,True,287,200–400
2,2,True,495,400–600
2,3,False,259,200–400
4,4,True,212,200–400
3,3,True,83,<200
3,3,True,977,800–1200
2,2,True,297,200–400
3,3,True,120,<200
2,2,True,212,200–400
1,1,True,714,600–800
6,6,True,585,400–600
1,3,False,410,400–600
2,2,True,949,800–1200
1,1,True,395,200–400
2,2,True,252,200–400
2,6,False,492,400–600
6,6,True,556,400–600
2,2,True,500,400–600
2,2,True,5061,>1200
2,2,True,719,600–800
3,4,False,163,<200
2,2,True,325,200–400
3,3,True,202,200–400
5,5,True,260,200–400
2,6,False,456,400–600
3,3,True,427,400–600
5,6,False,781,600–800
2,3,False,924,800–1200
2,2,True,354,200–400
5,5,True,445,400–600
3,3,True,631,600–800
3,3,True,290,200–400
1,1,True,303,200–400
2,6,False,402,400–600
3,3,True,969,800–1200
2,2,True,212,200–400
4,1,False,334,200–400
3,1,False,310,200–400
1,1,True,530,400–600
3,3,True,175,<200
1,1,True,562,400–600
5,5,True,205,200–400
2,5,False,227,200–400
3,3,True,216,200–400
2,2,True,869,800–1200
4,2,False,314,200–400
2,2,True,1114,800–1200
2,2,True,152,<200
1,1,True,381,200–400
2,2,True,371,200–400
2,1,False,446,400–600
1,1,True,296,200–400
2,2,True,333,200–400
5,3,False,471,400–600
2,2,True,336,200–400
2,2,True,245,200–400
2,2,True,366,200–400
2,2,True,278,200–400
3,3,True,391,200–400
1,1,True,562,400–600
2,2,True,365,200–400
2,2,True,301,200–400
4,4,True,195,<200
2,2,True,416,400–600
1,1,True,277,200–400
2,2,True,404,400–600
3,3,True,255,200–400
3,3,True,186,<200
3,5,False,406,400–600
2,2,True,387,200–400
2,2,True,306,200–400
2,2,True,349,200–400
4,4,True,195,<200
2,2,True,712,600–800
3,3,True,339,200–400
3,3,True,716,600–800
3,4,False,169,<200
3,3,True,870,800–1200
5,5,True,232,200–400
3,1,False,337,200–400
5,2,False,382,200–400
2,2,True,1366,>1200
2,2,True,336,200–400
5,5,True,691,600–800
2,6,False,382,200–400
2,2,True,237,200–400
2,2,True,1065,800–1200
1,3,False,266,200–400
3,3,True,298,200–400
2,2,True,706,600–800
6,1,False,506,400–600
3,1,False,344,200–400
1,1,True,328,200–400
2,3,False,259,200–400
2,3,False,845,800–1200
1,2,False,216,200–400
6,6,True,720,600–800
3,3,True,796,600–800
3,3,True,656,600–800
2,1,False,407,400–600
2,3,False,853,800–1200
2,3,False,557,400–600
3,3,True,652,600–800
3,2,False,265,200–400
4,4,True,464,400–600
6,6,True,476,400–600
1,1,True,417,400–600
2,2,True,175,<200
2,2,True,284,200–400
1,1,True,305,200–400
6,6,True,425,400–600
3,3,True,211,200–400
2,4,False,243,200–400
2,2,True,248,200–400
2,1,False,360,200–400
6,2,False,264,200–400
2,2,True,265,200–400
2,2,True,141,<200
4,3,False,419,400–600
1,1,True,207,200–400
4,4,True,161,<200
2,2,True,316,200–400
6,6,True,476,400–600
3,3,True,602,600–800
6,6,True,578,400–600
2,2,True,706,600–800
2,2,True,385,200–400
3,3,True,1097,800–1200
3,3,True,398,200–400
6,6,True,463,400–600
6,6,True,530,400–600
2,2,True,201,200–400
4,4,True,344,200–400
2,2,True,215,200–400
1,1,True,446,400–600
2,2,True,407,400–600
4,4,True,320,200–400
3,3,True,230,200–400
6,6,True,696,600–800
2,2,True,217,200–400
1,1,True,210,200–400
3,3,True,447,400–600
3,3,True,268,200–400
3,3,True,152,<200
2,1,False,292,200–400
2,2,True,1431,>1200
2,3,False,197,<200
2,4,False,185,<200
3,3,True,761,600–800
3,3,True,372,200–400
2,2,True,418,400–600
4,2,False,478,400–600
2,2,True,622,600–800
3,3,True,407,400–600
2,2,True,667,600–800
3,4,False,272,200–400
3,3,True,984,800–1200
3,3,True,375,200–400
1,1,True,203,200–400
3,3,True,197,<200
2,2,True,382,200–400
2,2,True,279,200–400
2,3,False,633,600–800
2,3,False,921,800–1200
2,2,True,366,200–400
2,2,True,523,400–600
6,6,True,433,400–600
2,2,True,270,200–400
2,2,True,360,200–400
4,4,True,300,200–400
1,2,False,370,200–400
6,6,True,535,400–600
4,4,True,397,200–400
2,2,True,668,600–800
4,4,True,179,<200
2,2,True,181,<200
4,4,True,612,600–800
6,6,True,493,400–600
2,2,True,706,600–800
1,1,True,478,400–600
3,3,True,234,200–400
4,4,True,132,<200
2,2,True,273,200–400
6,6,True,419,400–600
3,3,True,602,600–800
4,2,False,1679,>1200
4,4,True,705,600–800
3,3,True,352,200–400
2,2,True,352,200–400
1,1,True,336,200–400
6,6,True,413,400–600
1,1,True,419,400–600
2,3,False,474,400–600
6,2,False,400,200–400
4,4,True,290,200–400
3,2,False,205,200–400
3,3,True,513,400–600
2,2,True,236,200–400
2,2,True,384,200–400
2,2,True,312,200–400
2,3,False,308,200–400
6,6,True,220,200–400
1,1,True,215,200–400
5,5,True,394,200–400
3,3,True,669,600–800
2,1,False,452,400–600
5,5,True,248,200–400
6,5,False,236,200–400
5,1,False,379,200–400
3,3,True,716,600–800
1,1,True,492,400–600
3,3,True,611,600–800
1,2,False,365,200–400
2,2,True,254,200–400
2,2,True,294,200–400
2,2,True,228,200–400
2,3,False,294,200–400
2,2,True,445,400–600
3,3,True,189,<200
6,6,True,285,200–400
2,5,False,259,200–400
1,1,True,165,<200
2,3,False,1547,>1200
4,4,True,603,600–800
1,1,True,340,200–400
1,1,True,321,200–400
3,2,False,360,200–400
2,1,False,321,200–400
5,5,True,309,200–400
2,2,True,333,200–400
2,2,True,720,600–800
3,3,True,188,<200
3,3,True,1042,800–1200
3,2,False,319,200–400
1,2,False,328,200–400
1,1,True,348,200–400
3,3,True,517,400–600
4,4,True,1014,800–1200
4,4,True,201,200–400
3,3,True,202,200–400
6,6,True,578,400–600
5,5,True,559,400–600
1,1,True,653,600–800
2,2,True,460,400–600
5,5,True,245,200–400
3,5,False,341,200–400
3,6,False,431,400–600
3,3,True,761,600–800
4,3,False,275,200–400
2,2,True,365,200–400
2,2,True,697,600–800
4,4,True,758,600–800
4,4,True,430,400–600
4,3,False,829,800–1200
6,3,False,234,200–400
3,3,True,154,<200
5,5,True,241,200–400
4,4,True,271,200–400
3,3,True,239,200–400
1,1,True,333,200–400
4,4,True,205,200–400
3,3,True,299,200–400
2,6,False,570,400–600
3,3,True,188,<200
5,5,True,438,400–600
3,3,True,423,400–600
2,2,True,429,400–600
4,4,True,352,200–400
3,3,True,360,200–400
4,4,True,284,200–400
6,1,False,498,400–600
2,2,True,239,200–400
1,1,True,377,200–400
2,2,True,618,600–800
5,5,True,242,200–400
2,2,True,239,200–400
6,6,True,430,400–600
5,5,True,228,200–400
2,1,False,350,200–400
2,2,True,248,200–400
2,2,True,505,400–600
4,4,True,346,200–400
2,2,True,364,200–400
5,5,True,222,200–400
4,4,True,459,400–600
1,2,False,312,200–400
1,1,True,489,400–600
3,3,True,199,<200
6,6,True,230,200–400
6,6,True,592,400–600
6,6,True,225,200–400
2,4,False,321,200–400
3,3,True,115,<200
2,2,True,238,200–400
2,2,True,393,200–400
6,6,True,693,600–800
4,4,True,197,<200
1,1,True,752,600–800
6,6,True,467,400–600
6,6,True,555,400–600
3,2,False,517,400–600
2,2,True,242,200–400
6,6,True,469,400–600
4,4,True,319,200–400
2,2,True,239,200–400
4,4,True,150,<200
4,4,True,798,600–800
2,2,True,433,400–600
1,1,True,276,200–400
2,2,True,314,200–400
2,3,False,232,200–400
3,3,True,371,200–400
3,3,True,968,800–1200
1,1,True,170,<200
1,2,False,334,200–400
1,1,True,170,<200
2,2,True,396,200–400
2,2,True,352,200–400
2,2,True,331,200–400
4,4,True,96,<200
2,2,True,318,200–400
3,3,True,1010,800–1200
3,3,True,307,200–400
5,5,True,305,200–400
6,2,False,333,200–400
6,6,True,291,200–400
1,1,True,317,200–400
2,2,True,282,200–400
5,5,True,234,200–400
2,2,True,345,200–400
6,2,False,475,400–600
6,6,True,426,400–600
1,1,True,583,400–600
2,2,True,486,400–600
1,1,True,271,200–400
3,2,False,846,800–1200
3,2,False,741,600–800
3,4,False,312,200–400
3,3,True,180,<200
3,3,True,241,200–400
5,5,True,445,400–600
3,3,True,306,200–400
2,2,True,194,<200
6,6,True,462,400–600
3,1,False,326,200–400
2,2,True,826,800–1200
2,2,True,174,<200
3,3,True,734,600–800
6,6,True,430,400–600
4,4,True,421,400–600
2,3,False,271,200–400
6,6,True,429,400–600
6,6,True,419,400–600
3,3,True,451,400–600
4,1,False,418,400–600
2,1,False,333,200–400
3,3,True,277,200–400
1,1,True,540,400–600
1,1,True,164,<200
2,2,True,1382,>1200
2,2,True,282,200–400
4,4,True,346,200–400
4,4,True,366,200–400
3,3,True,352,200–400
2,2,True,479,400–600
1,1,True,486,400–600
2,2,True,349,200–400
1,3,False,1159,800–1200
4,4,True,427,400–600
3,5,False,223,200–400
2,2,True,489,400–600
3,3,True,763,600–800
4,4,True,232,200–400
4,3,False,653,600–800
1,2,False,323,200–400
2,2,True,395,200–400
1,1,True,401,400–600
4,4,True,152,<200
1,1,True,297,200–400
2,3,False,180,<200
6,6,True,481,400–600
1,1,True,358,200–400
2,4,False,156,<200
4,4,True,305,200–400
6,6,True,728,600–800
3,3,True,597,400–600
3,3,True,146,<200
1,1,True,206,200–400
3,3,True,761,600–800
6,6,True,498,400–600
1,1,True,549,400–600
2,2,True,306,200–400
6,6,True,330,200–400
3,5,False,281,200–400
1,1,True,504,400–600
2,5,False,1014,800–1200
1,1,True,581,400–600
3,3,True,335,200–400
2,2,True,1108,800–1200
4,4,True,382,200–400
2,2,True,154,<200
6,6,True,570,400–600
5,5,True,197,<200
2,2,True,128,<200
4,4,True,216,200–400
3,3,True,440,400–600
3,3,True,560,400–600
6,2,False,308,200–400
2,2,True,1323,>1200
2,6,False,444,400–600
2,5,False,263,200–400
4,4,True,490,400–600
4,4,True,379,200–400
1,1,True,499,400–600
2,2,True,349,200–400
2,3,False,149,<200
1,1,True,509,400–600
6,6,True,917,800–1200
2,2,True,342,200–400
2,2,True,214,200–400
2,1,False,388,200–400
3,3,True,153,<200
3,3,True,160,<200
1,3,False,467,400–600
6,6,True,508,400–600
6,2,False,323,200–400
1,3,False,582,400–600
2,3,False,795,600–800
2,2,True,2349,>1200
3,5,False,356,200–400
6,6,True,311,200–400
2,1,False,293,200–400
3,3,True,293,200–400
2,1,False,341,200–400
2,2,True,321,200–400
1,1,True,437,400–600
3,2,False,304,200–400
4,4,True,273,200–400
5,5,True,450,400–600
2,2,True,1390,>1200
2,2,True,713,600–800
5,5,True,443,400–600
1,1,True,330,200–400
2,2,True,257,200–400
2,2,True,712,600–800
3,3,True,194,<200
1,1,True,285,200–400
3,1,False,596,400–600
1,1,True,432,400–600
3,3,True,532,400–600
4,1,False,431,400–600
1,1,True,750,600–800
2,2,True,339,200–400
3,4,False,285,200–400
3,3,True,198,<200
5,3,False,325,200–400
2,2,True,309,200–400
3,2,False,200,<200
3,3,True,513,400–600
4,4,True,380,200–400
3,1,False,346,200–400
6,6,True,733,600–800
3,3,True,778,600–800
2,2,True,414,400–600
1,1,True,465,400–600
3,3,True,459,400–600
3,3,True,930,800–1200
3,3,True,639,600–800
3,3,True,628,600–800
2,3,False,161,<200
1,1,True,282,200–400
3,3,True,562,400–600
4,4,True,463,400–600
3,2,False,274,200–400
1,1,True,345,200–400
2,2,True,223,200–400
4,4,True,569,400–600
2,2,True,426,400–600
3,4,False,142,<200
3,3,True,529,400–600
2,1,False,669,600–800
4,4,True,297,200–400
1,1,True,432,400–600
2,2,True,781,600–800
2,1,False,447,400–600
1,1,True,450,400–600
2,2,True,265,200–400
5,5,True,221,200–400
1,2,False,365,200–400
2,2,True,270,200–400
3,3,True,596,400–600
3,3,True,190,<200
3,3,True,687,600–800
6,6,True,469,400–600
2,2,True,196,<200
3,3,True,956,800–1200
2,2,True,393,200–400
2,2,True,495,400–600
4,4,True,151,<200
1,1,True,334,200–400
3,4,False,150,<200
2,2,True,243,200–400
6,3,False,319,200–400
2,2,True,243,200–400
1,1,True,659,600–800
1,1,True,316,200–400
5,5,True,447,400–600
2,1,False,547,400–600
6,6,True,425,400–600
2,2,True,376,200–400
2,2,True,364,200–400
1,3,False,555,400–600
3,2,False,355,200–400
2,3,False,678,600–800
1,1,True,165,<200
4,4,True,322,200–400
6,6,True,640,600–800
2,2,True,898,800–1200
3,1,False,290,200–400
2,2,True,181,<200
3,1,False,379,200–400
2,2,True,2212,>1200
5,5,True,377,200–400
5,5,True,267,200–400
2,3,False,172,<200
6,6,True,686,600–800
3,3,True,196,<200
3,3,True,125,<200
2,2,True,323,200–400
4,4,True,258,200–400
1,1,True,428,400–600
2,5,False,245,200–400
4,4,True,240,200–400
3,3,True,399,200–400
2,1,False,354,200–400
1,1,True,327,200–400
1,1,True,357,200–400
6,3,False,556,400–600
3,3,True,339,200–400
2,2,True,314,200–400
4,4,True,194,<200
2,3,False,322,200–400
5,5,True,245,200–400
3,3,True,920,800–1200
2,4,False,161,<200
1,1,True,239,200–400
6,6,True,473,400–600
2,2,True,1387,>1200
2,3,False,192,<200
3,2,False,356,200–400
3,3,True,328,200–400
2,2,True,553,400–600
3,2,False,285,200–400
4,4,True,514,400–600
2,2,True,462,400–600
6,6,True,2233,>1200
1,1,True,404,400–600
5,5,True,253,200–400
6,6,True,297,200–400
2,5,False,171,<200
2,3,False,371,200–400
2,5,False,249,200–400
2,1,False,379,200–400
2,3,False,2081,>1200
2,2,True,463,400–600
3,3,True,193,<200
3,3,True,1158,800–1200
2,2,True,757,600–800
1,1,True,329,200–400
3,3,True,1274,>1200
3,3,True,705,600–800
2,2,True,174,<200
3,3,True,214,200–400
1,1,True,247,200–400
4,4,True,876,800–1200
3,4,False,417,400–600
3,3,True,194,<200
1,1,True,298,200–400
3,3,True,479,400–600
5,5,True,230,200–400
4,4,True,165,<200
1,1,True,337,200–400
6,6,True,364,200–400
1,1,True,311,200–400
2,2,True,316,200–400
1,1,True,493,400–600
1,1,True,577,400–600
2,2,True,747,600–800
6,6,True,408,400–600
6,6,True,679,600–800
5,5,True,267,200–400
5,5,True,303,200–400
2,2,True,280,200–400
3,4,False,294,200–400
4,4,True,466,400–600
4,4,True,268,200–400
3,3,True,2292,>1200
3,3,True,1441,>1200
1,1,True,136,<200
3,3,True,299,200–400
2,2,True,643,600–800
2,2,True,396,200–400
2,2,True,185,<200
4,5,False,215,200–400
4,4,True,1166,800–1200
3,3,True,103,<200
2,2,True,621,600–800
1,1,True,508,400–600
1,3,False,260,200–400
4,4,True,253,200–400
2,6,False,406,400–600
2,3,False,178,<200
2,2,True,376,200–400
6,6,True,422,400–600
5,5,True,274,200–400
4,4,True,139,<200
3,3,True,205,200–400
5,5,True,278,200–400
2,2,True,333,200–400
3,3,True,238,200–400
2,2,True,178,<200
6,6,True,797,600–800
6,6,True,670,600–800
6,6,True,671,600–800
1,1,True,325,200–400
3,1,False,355,200–400
3,3,True,637,600–800
3,3,True,338,200–400
1,1,True,729,600–800
1,1,True,599,400–600
1,1,True,392,200–400
3,3,True,706,600–800
3,3,True,358,200–400
2,2,True,296,200–400
1,1,True,400,200–400
1,1,True,264,200–400
2,2,True,703,600–800
2,2,True,214,200–400
3,3,True,181,<200
1,1,True,511,400–600
4,4,True,236,200–400
5,4,False,291,200–400
2,3,False,126,<200
4,4,True,264,200–400
5,5,True,427,400–600
3,3,True,408,400–600
6,6,True,486,400–600
2,2,True,367,200–400
3,3,True,647,600–800
6,6,True,423,400–600
6,6,True,1050,800–1200
2,2,True,315,200–400
1,1,True,331,200–400
5,5,True,445,400–600
2,2,True,354,200–400
3,3,True,171,<200
3,3,True,477,400–600
3,3,True,765,600–800
3,3,True,272,200–400
2,2,True,444,400–600
3,3,True,412,400–600
2,2,True,212,200–400
2,3,False,1058,800–1200
3,3,True,854,800–1200
1,2,False,343,200–400
5,5,True,444,400–600
4,4,True,365,200–400
3,3,True,244,200–400
2,2,True,360,200–400
3,3,True,85,<200
4,4,True,252,200–400
5,1,False,391,200–400
3,3,True,408,400–600
2,2,True,334,200–400
2,2,True,299,200–400
3,3,True,439,400–600
4,4,True,197,<200
4,2,False,723,600–800
2,2,True,334,200–400
3,3,True,191,<200
2,2,True,288,200–400
3,3,True,941,800–1200
6,6,True,593,400–600
4,3,False,281,200–400
3,1,False,659,600–800
2,1,False,331,200–400
2,2,True,499,400–600
2,2,True,1378,>1200
2,2,True,312,200–400
4,4,True,627,600–800
6,6,True,488,400–600
3,3,True,123,<200
4,4,True,343,200–400
2,2,True,313,200–400
4,6,False,549,400–600
2,2,True,382,200–400
4,4,True,292,200–400
3,3,True,290,200–400
2,4,False,234,200–400
4,4,True,171,<200
2,4,False,165,<200
2,2,True,189,<200
2,2,True,505,400–600
3,3,True,209,200–400
2,2,True,406,400–600
4,4,True,627,600–800
2,2,True,367,200–400
2,2,True,519,400–600
3,3,True,181,<200
3,3,True,231,200–400
6,6,True,831,800–1200
4,4,True,239,200–400
1,1,True,558,400–600
2,2,True,225,200–400
4,4,True,513,400–600
1,1,True,286,200–400
2,1,False,452,400–600
2,2,True,347,200–400
6,6,True,689,600–800
2,2,True,310,200–400
2,1,False,488,400–600
2,2,True,544,400–600
2,2,True,163,<200
6,6,True,494,400–600
2,2,True,371,200–400
2,2,True,391,200–400
2,1,False,446,400–600
2,2,True,418,400–600
3,3,True,185,<200
2,2,True,209,200–400
3,3,True,233,200–400
4,4,True,283,200–400
2,2,True,308,200–400
2,2,True,327,200–400
1,1,True,293,200–400
2,2,True,187,<200
5,5,True,342,200–400
2,2,True,237,200–400
2,2,True,427,400–600
2,2,True,521,400–600
4,4,True,513,400–600
1,1,True,131,<200
1,1,True,349,200–400
1,1,True,505,400–600
6,4,False,615,600–800
4,4,True,126,<200
4,1,False,571,400–600
3,3,True,456,400–600
2,2,True,202,200–400
2,2,True,227,200–400
2,2,True,331,200–400
2,2,True,218,200–400
3,3,True,300,200–400
1,1,True,518,400–600
1,1,True,533,400–600
6,6,True,633,600–800
4,4,True,172,<200
2,2,True,314,200–400
1,1,True,286,200–400
6,2,False,318,200–400
2,2,True,206,200–400
3,3,True,340,200–400
2,2,True,504,400–600
2,2,True,378,200–400
3,3,True,305,200–400
6,6,True,424,400–600
1,1,True,302,200–400
6,6,True,389,200–400
3,3,True,285,200–400
4,4,True,505,400–600
2,6,False,568,400–600
2,2,True,285,200–400
3,4,False,278,200–400
1,1,True,267,200–400
1,1,True,207,200–400
1,1,True,210,200–400
2,2,True,290,200–400
4,4,True,204,200–400
4,6,False,443,400–600
3,3,True,172,<200
2,2,True,396,200–400
3,3,True,1265,>1200
2,1,False,404,400–600
2,2,True,766,600–800
3,3,True,370,200–400
6,6,True,520,400–600
1,1,True,733,600–800
2,2,True,1407,>1200
3,3,True,598,400–600
3,3,True,142,<200
6,6,True,505,400–600
2,2,True,215,200–400
2,5,False,579,400–600
4,4,True,298,200–400
6,6,True,284,200–400
4,4,True,268,200–400
2,2,True,517,400–600
2,2,True,582,400–600
2,4,False,325,200–400
5,5,True,450,400–600
1,1,True,293,200–400
4,1,False,350,200–400
2,6,False,607,600–800
3,3,True,642,600–800
3,6,False,954,800–1200
1,3,False,196,<200
4,4,True,629,600–800
3,3,True,356,200–400
2,3,False,227,200–400
3,3,True,224,200–400
3,5,False,273,200–400
4,1,False,765,600–800
6,6,True,327,200–400
4,4,True,458,400–600
2,2,True,300,200–400
2,3,False,773,600–800
6,6,True,701,600–800
3,3,True,325,200–400
4,4,True,426,400–600
2,3,False,701,600–800
3,3,True,260,200–400
1,1,True,566,400–600
3,3,True,201,200–400
2,2,True,477,400–600
4,4,True,311,200–400
2,2,True,496,400–600
4,4,True,539,400–600
6,6,True,338,200–400
3,3,True,375,200–400
3,1,False,425,400–600
2,2,True,952,800–1200
1,1,True,216,200–400
3,3,True,1251,>1200
2,2,True,384,200–400
5,5,True,457,400–600
2,2,True,348,200–400
2,2,True,457,400–600
2,2,True,295,200–400
3,3,True,429,400–600
2,2,True,439,400–600
2,2,True,191,<200
2,3,False,464,400–600
1,1,True,299,200–400
6,6,True,804,800–1200
3,1,False,475,400–600
3,3,True,510,400–600
2,2,True,392,200–400
4,4,True,178,<200
2,2,True,211,200–400
6,6,True,591,400–600
4,4,True,215,200–400
1,1,True,285,200–400
3,2,False,328,200–400
2,2,True,334,200–400
2,2,True,1164,800–1200
4,1,False,395,200–400
2,2,True,389,200–400
2,2,True,299,200–400
1,1,True,563,400–600
4,4,True,714,600–800
2,3,False,1180,800–1200
1,1,True,320,200–400
4,4,True,163,<200
2,2,True,717,600–800
5,5,True,450,400–600
1,1,True,253,200–400
1,1,True,863,800–1200
3,3,True,408,400–600
1,1,True,154,<200
4,4,True,213,200–400
3,3,True,766,600–800
6,6,True,495,400–600
2,2,True,350,200–400
2,1,False,331,200–400
1,1,True,382,200–400
2,2,True,261,200–400
4,4,True,646,600–800
1,1,True,493,400–600
2,2,True,466,400–600
6,6,True,645,600–800
1,1,True,217,200–400
4,4,True,169,<200
1,1,True,345,200–400
6,6,True,95,<200
3,3,True,184,<200
1,1,True,341,200–400
1,1,True,256,200–400
2,2,True,1070,800–1200
2,3,False,120,<200
4,6,False,396,200–400
3,3,True,323,200–400
2,2,True,212,200–400
2,2,True,626,600–800
2,2,True,324,200–400
3,3,True,251,200–400
2,2,True,399,200–400
4,1,False,340,200–400
3,5,False,479,400–600
4,4,True,223,200–400
3,3,True,1898,>1200
2,2,True,392,200–400
2,2,True,2617,>1200
5,5,True,312,200–400
2,1,False,337,200–400
3,3,True,441,400–600
2,2,True,756,600–800
3,3,True,427,400–600
2,2,True,482,400–600
2,2,True,292,200–400
2,2,True,280,200–400
3,3,True,310,200–400
2,2,True,959,800–1200
3,3,True,829,800–1200
4,3,False,202,200–400
2,2,True,264,200–400
2,2,True,1368,>1200
6,6,True,572,400–600
2,2,True,479,400–600
2,1,False,470,400–600
6,6,True,2211,>1200
3,3,True,1274,>1200
3,1,False,427,400–600
3,2,False,1489,>1200
2,2,True,627,600–800
2,1,False,503,400–600
3,3,True,270,200–400
2,2,True,209,200–400
3,3,True,179,<200
3,3,True,257,200–400
1,1,True,324,200–400
2,2,True,211,200–400
2,2,True,357,200–400
5,5,True,176,<200
1,3,False,397,200–400
3,3,True,332,200–400
4,4,True,258,200–400
4,4,True,426,400–600
6,6,True,282,200–400
1,1,True,152,<200
3,6,False,1224,>1200
2,2,True,294,200–400
1,1,True,570,400–600
5,5,True,139,<200
4,1,False,473,400–600
1,3,False,724,600–800
2,1,False,639,600–800
3,3,True,270,200–400
1,2,False,105,<200
3,3,True,242,200–400
1,1,True,349,200–400
2,2,True,271,200–400
3,3,True,209,200–400
1,1,True,448,400–600
3,3,True,271,200–400
4,4,True,443,400–600
2,2,True,1382,>1200
2,6,False,305,200–400
2,2,True,569,400–600
2,2,True,576,400–600
2,2,True,279,200–400
1,1,True,286,200–400
2,2,True,449,400–600
6,6,True,386,200–400
5,5,True,123,<200
1,1,True,580,400–600
2,5,False,294,200–400
1,1,True,284,200–400
6,6,True,297,200–400
3,3,True,1134,800–1200
3,3,True,180,<200
1,1,True,386,200–400
6,6,True,478,400–600
2,2,True,126,<200
2,4,False,273,200–400
3,3,True,463,400–600
3,3,True,280,200–400
2,2,True,578,400–600
5,5,True,501,400–600
3,3,True,526,400–600
2,2,True,349,200–400
1,1,True,322,200–400
1,1,True,529,400–600
3,4,False,176,<200
3,3,True,254,200–400
3,3,True,279,200–400
3,3,True,496,400–600
2,2,True,141,<200
2,1,False,341,200–400
5,5,True,510,400–600
1,1,True,282,200–400
6,6,True,582,400–600
1,4,False,125,<200
2,1,False,371,200–400
2,2,True,347,200–400
4,4,True,159,<200
6,6,True,275,200–400
2,2,True,256,200–400
2,2,True,438,400–600
4,4,True,155,<200
4,2,False,268,200–400
3,3,True,224,200–400
2,2,True,518,400–600
3,3,True,270,200–400
6,6,True,462,400–600
6,6,True,576,400–600
6,6,True,552,400–600
2,2,True,239,200–400
1,1,True,287,200–400
3,3,True,510,400–600
3,3,True,785,600–800
3,3,True,257,200–400
5,5,True,288,200–400
6,6,True,468,400–600
2,2,True,268,200–400
2,1,False,488,400–600
3,3,True,104,<200
3,3,True,322,200–400
5,3,False,1400,>1200
2,1,False,419,400–600
6,6,True,506,400–600
2,2,True,928,800–1200
4,4,True,258,200–400
4,4,True,593,400–600
1,2,False,328,200–400
3,3,True,511,400–600
1,1,True,487,400–600
2,2,True,1186,800–1200
4,4,True,459,400–600
2,2,True,327,200–400
3,6,False,408,400–600
1,1,True,554,400–600
2,2,True,203,200–400
2,4,False,177,<200
3,3,True,139,<200
3,3,True,657,600–800
6,6,True,462,400–600
3,3,True,210,200–400
3,3,True,656,600–800
1,1,True,426,400–600
1,1,True,570,400–600
5,5,True,468,400–600
3,3,True,1279,>1200
3,3,True,281,200–400
6,2,False,469,400–600
4,3,False,180,<200
3,3,True,855,800–1200
1,1,True,397,200–400
2,3,False,697,600–800
2,3,False,652,600–800
1,1,True,254,200–400
2,2,True,170,<200
3,3,True,746,600–800
6,1,False,502,400–600
4,4,True,289,200–400
5,5,True,471,400–600
5,5,True,450,400–600
6,6,True,329,200–400
3,3,True,760,600–800
3,3,True,687,600–800
3,2,False,878,800–1200
2,2,True,445,400–600
6,6,True,805,800–1200
3,3,True,605,600–800
6,6,True,286,200–400
6,6,True,457,400–600
4,4,True,606,600–800
3,3,True,195,<200
2,2,True,239,200–400
2,2,True,138,<200
2,2,True,236,200–400
1,1,True,346,200–400
1,3,False,239,200–400
4,4,True,629,600–800
1,3,False,259,200–400
2,2,True,224,200–400
4,4,True,613,600–800
3,3,True,211,200–400
2,2,True,307,200–400
6,6,True,700,600–800
2,2,True,434,400–600
2,6,False,376,200–400
2,3,False,559,400–600
6,2,False,304,200–400
6,6,True,493,400–600
2,2,True,279,200–400
3,3,True,236,200–400
2,2,True,325,200–400
2,1,False,318,200–400
2,2,True,698,600–800
2,2,True,357,200–400
6,6,True,444,400–600
2,3,False,765,600–800
3,3,True,197,<200
2,2,True,200,<200
1,1,True,348,200–400
5,5,True,259,200–400
6,6,True,337,200–400
5,5,True,447,400–600
2,2,True,259,200–400
5,5,True,341,200–400
1,1,True,465,400–600
3,3,True,168,<200
2,2,True,365,200–400
2,2,True,867,800–1200
1,1,True,309,200–400
2,2,True,233,200–400
6,6,True,590,400–600
5,1,False,500,400–600
3,3,True,236,200–400
2,4,False,235,200–400
5,2,False,214,200–400
5,5,True,358,200–400
6,6,True,462,400–600
2,2,True,262,200–400
3,3,True,277,200–400
6,6,True,803,800–1200
6,6,True,543,400–600
2,2,True,343,200–400
1,1,True,428,400–600
3,3,True,685,600–800
1,1,True,516,400–600
3,3,True,540,400–600
2,5,False,256,200–400
3,3,True,359,200–400
3,5,False,213,200–400
2,2,True,312,200–400
2,2,True,422,400–600
3,3,True,240,200–400
2,2,True,320,200–400
2,4,False,380,200–400
3,2,False,388,200–400
2,2,True,349,200–400
4,4,True,217,200–400
6,6,True,792,600–800
3,2,False,260,200–400
3,3,True,193,<200
6,6,True,424,400–600
3,3,True,305,200–400
2,2,True,481,400–600
3,3,True,321,200–400
3,3,True,330,200–400
3,3,True,263,200–400
2,2,True,479,400–600
1,1,True,381,200–400
1,1,True,333,200–400
6,6,True,669,600–800
2,2,True,247,200–400
3,3,True,257,200–400
3,3,True,336,200–400
6,6,True,510,400–600
3,3,True,260,200–400
2,3,False,475,400–600
6,6,True,667,600–800
2,2,True,311,200–400
6,6,True,468,400–600
5,2,False,266,200–400
4,4,True,194,<200
2,2,True,314,200–400
5,5,True,208,200–400
2,2,True,292,200–400
2,6,False,534,400–600
3,5,False,392,200–400
2,2,True,757,600–800
2,2,True,351,200–400
1,1,True,398,200–400
6,6,True,301,200–400
5,5,True,451,400–600
3,2,False,284,200–400
6,6,True,330,200–400
3,3,True,504,400–600
4,4,True,162,<200
2,2,True,324,200–400
3,3,True,196,<200
2,5,False,432,400–600
2,2,True,463,400–600
6,6,True,599,400–600
4,4,True,613,600–800
3,3,True,100,<200
2,2,True,284,200–400
4,4,True,540,400–600
3,4,False,217,200–400
4,4,True,199,<200
4,4,True,143,<200
5,5,True,132,<200
2,2,True,740,600–800
6,6,True,545,400–600
6,6,True,343,200–400
6,6,True,95,<200
2,2,True,273,200–400
2,2,True,342,200–400
3,3,True,203,200–400
2,2,True,221,200–400
1,1,True,125,<200
1,1,True,320,200–400
2,2,True,304,200–400
5,5,True,854,800–1200
3,3,True,842,800–1200
3,3,True,607,600–800
1,1,True,367,200–400
5,5,True,297,200–400
6,6,True,338,200–400
2,2,True,250,200–400
6,6,True,426,400–600
2,2,True,267,200–400
1,1,True,270,200–400
2,2,True,391,200–400
4,4,True,278,200–400
2,2,True,235,200–400
3,3,True,345,200–400
3,3,True,137,<200
3,3,True,516,400–600
3,3,True,306,200–400
3,3,True,349,200–400
1,1,True,318,200–400
2,1,False,406,400–600
6,6,True,571,400–600
1,1,True,514,400–600
3,3,True,390,200–400
6,6,True,882,800–1200
2,2,True,298,200–400
6,2,False,302,200–400
2,2,True,315,200–400
3,3,True,139,<200
2,2,True,290,200–400
2,2,True,612,600–800
2,2,True,172,<200
2,6,False,419,400–600
2,2,True,299,200–400
6,6,True,555,400–600
2,2,True,248,200–400
6,4,False,211,200–400
2,2,True,946,800–1200
2,2,True,136,<200
6,6,True,429,400–600
5,5,True,131,<200
6,4,False,366,200–400
2,2,True,329,200–400
1,1,True,525,400–600
2,2,True,362,200–400
3,2,False,319,200–400
2,2,True,256,200–400
1,1,True,314,200–400
3,3,True,255,200–400
3,3,True,521,400–600
6,6,True,467,400–600
3,3,True,100,<200
3,6,False,347,200–400
3,3,True,430,400–600
3,2,False,365,200–400
5,5,True,440,400–600
4,4,True,295,200–400
1,1,True,352,200–400
6,6,True,286,200–400
2,2,True,1385,>1200
2,5,False,230,200–400
3,1,False,522,400–600
2,2,True,176,<200
5,5,True,414,400–600
6,1,False,378,200–400
4,4,True,297,200–400
4,4,True,466,400–600
2,1,False,432,400–600
2,2,True,365,200–400
5,5,True,215,200–400
2,2,True,397,200–400
2,2,True,382,200–400
3,3,True,322,200–400
1,1,True,495,400–600
3,1,False,478,400–600
6,1,False,606,600–800
2,2,True,379,200–400
3,5,False,211,200–400
1,1,True,319,200–400
2,2,True,224,200–400
6,6,True,642,600–800
3,3,True,227,200–400
2,2,True,530,400–600
4,4,True,171,<200
6,6,True,421,400–600
6,6,True,410,400–600
3,2,False,317,200–400
2,2,True,334,200–400
2,2,True,197,<200
3,5,False,244,200–400
3,4,False,760,600–800
3,3,True,736,600–800
2,2,True,707,600–800
2,2,True,425,400–600
3,3,True,1963,>1200
3,3,True,605,600–800
2,2,True,540,400–600
3,3,True,194,<200
2,2,True,246,200–400
3,1,False,488,400–600
1,1,True,336,200–400
4,6,False,402,400–600
1,1,True,338,200–400
3,2,False,515,400–600
3,3,True,288,200–400
2,2,True,358,200–400
1,1,True,344,200–400
3,3,True,182,<200
2,2,True,293,200–400
4,4,True,422,400–600
3,2,False,1609,>1200
3,1,False,345,200–400
3,3,True,204,200–400
2,2,True,669,600–800
6,6,True,432,400–600
4,4,True,233,200–400
2,2,True,283,200–400
3,3,True,340,200–400
2,2,True,227,200–400
6,6,True,439,400–600
2,2,True,329,200–400
3,3,True,610,600–800
5,5,True,448,400–600
2,2,True,321,200–400
2,1,False,339,200–400
2,2,True,318,200–400
2,2,True,299,200–400
6,6,True,526,400–600
6,6,True,557,400–600
3,3,True,187,<200
1,1,True,338,200–400
1,1,True,261,200–400
4,4,True,428,400–600
2,2,True,370,200–400
3,1,False,504,400–600
2,2,True,243,200–400
2,2,True,238,200–400
4,4,True,729,600–800
2,2,True,195,<200
1,3,False,238,200–400
2,3,False,610,600–800
4,4,True,616,600–800
2,2,True,330,200–400
6,6,True,955,800–1200
2,2,True,250,200–400
1,1,True,324,200–400
3,3,True,166,<200
2,2,True,298,200–400
4,4,True,164,<200
3,3,True,781,600–800
3,2,False,201,200–400
6,6,True,522,400–600
4,4,True,263,200–400
3,4,False,255,200–400
3,2,False,421,400–600
2,2,True,314,200–400
2,2,True,285,200–400
4,4,True,382,200–400
4,4,True,212,200–400
1,1,True,366,200–400
6,6,True,600,400–600
4,4,True,245,200–400
2,2,True,360,200–400
2,2,True,156,<200
6,6,True,585,400–600
2,2,True,227,200–400
2,1,False,311,200–400
6,6,True,884,800–1200
2,3,False,446,400–600
2,3,False,814,800–1200
6,6,True,413,400–600
4,4,True,263,200–400
3,3,True,234,200–400
3,1,False,401,400–600
2,2,True,381,200–400
3,3,True,812,800–1200
3,3,True,193,<200
2,2,True,379,200–400
2,2,True,320,200–400
6,6,True,461,400–600
2,2,True,208,200–400
1,1,True,254,200–400
2,2,True,849,800–1200
2,2,True,424,400–600
2,1,False,371,200–400
3,2,False,369,200–400
2,4,False,601,600–800
2,2,True,698,600–800
3,3,True,422,400–600
2,3,False,330,200–400
2,2,True,296,200–400
3,3,True,562,400–600
3,3,True,502,400–600
2,1,False,431,400–600
3,3,True,184,<200
3,3,True,263,200–400
2,2,True,372,200–400
3,2,False,1063,800–1200
2,1,False,356,200–400
4,4,True,395,200–400
2,2,True,260,200–400
2,1,False,343,200–400
4,4,True,322,200–400
4,4,True,163,<200
6,6,True,953,800–1200
6,6,True,954,800–1200
5,6,False,401,400–600
2,3,False,395,200–400
1,6,False,612,600–800
3,3,True,223,200–400
1,2,False,224,200–400
2,2,True,337,200–400
2,1,False,343,200–400
2,2,True,263,200–400
2,2,True,143,<200
3,3,True,135,<200
2,2,True,501,400–600
2,2,True,220,200–400
2,2,True,216,200–400
1,1,True,514,400–600
1,1,True,317,200–400
2,2,True,369,200–400
6,2,False,332,200–400
2,2,True,219,200–400
5,5,True,259,200–400
1,1,True,565,400–600
2,2,True,222,200–400
3,3,True,189,<200
4,4,True,617,600–800
6,6,True,423,400–600
1,1,True,490,400–600
5,5,True,345,200–400
2,2,True,248,200–400
2,2,True,2969,>1200
6,6,True,421,400–600
2,2,True,636,600–800
2,1,False,449,400–600
3,3,True,398,200–400
4,6,False,497,400–600
4,4,True,616,600–800
2,2,True,219,200–400
3,3,True,525,400–600
3,3,True,202,200–400
3,1,False,379,200–400
2,2,True,411,400–600
2,2,True,498,400–600
5,5,True,255,200–400
1,1,True,751,600–800
3,3,True,181,<200
3,3,True,336,200–400
6,6,True,454,400–600
2,2,True,139,<200
6,6,True,329,200–400
3,4,False,421,400–600
2,3,False,632,600–800
6,6,True,409,400–600
6,6,True,448,400–600
4,1,False,332,200–400
5,4,False,389,200–400
2,2,True,371,200–400
1,6,False,478,400–600
3,3,True,802,800–1200
2,2,True,1398,>1200
1,1,True,302,200–400
2,2,True,342,200–400
3,3,True,155,<200
1,1,True,379,200–400
2,3,False,370,200–400
2,3,False,212,200–400
2,2,True,351,200–400
6,6,True,319,200–400
6,6,True,539,400–600
4,4,True,278,200–400
2,2,True,367,200–400
2,3,False,160,<200
6,2,False,247,200–400
3,3,True,244,200–400
2,2,True,1244,>1200
1,1,True,339,200–400
2,2,True,189,<200
1,1,True,310,200–400
2,2,True,370,200–400
3,3,True,587,400–600
2,2,True,294,200–400
2,2,True,212,200–400
1,1,True,271,200–400
3,3,True,201,200–400
1,1,True,352,200–400
3,3,True,381,200–400
1,1,True,436,400–600
2,2,True,1011,800–1200
2,2,True,1386,>1200
3,3,True,165,<200
2,3,False,457,400–600
2,6,False,278,200–400
4,4,True,165,<200
1,2,False,314,200–400
2,2,True,370,200–400
2,5,False,218,200–400
3,2,False,310,200–400
2,2,True,610,600–800
1,1,True,403,400–600
1,1,True,216,200–400
4,2,False,258,200–400
2,2,True,227,200–400
3,3,True,1055,800–1200
2,2,True,368,200–400
6,6,True,444,400–600
2,3,False,1078,800–1200
6,2,False,294,200–400
2,6,False,470,400–600
5,5,True,437,400–600
1,1,True,347,200–400
2,2,True,382,200–400
1,1,True,416,400–600
3,3,True,759,600–800
3,3,True,289,200–400
2,4,False,165,<200
3,2,False,307,200–400
5,5,True,277,200–400
1,1,True,599,400–600
2,2,True,311,200–400
2,2,True,266,200–400
3,2,False,761,600–800
4,4,True,172,<200
2,2,True,366,200–400
2,2,True,270,200–400
2,2,True,398,200–400
6,6,True,439,400–600
2,2,True,368,200–400
3,1,False,441,400–600
2,2,True,1368,>1200
2,2,True,366,200–400
2,2,True,368,200–400
3,5,False,465,400–600
3,2,False,553,400–600
2,2,True,680,600–800
2,2,True,802,800–1200
4,2,False,305,200–400
3,3,True,636,600–800
2,2,True,579,400–600
3,3,True,402,400–600
4,4,True,428,400–600
2,2,True,276,200–400
2,2,True,426,400–600
2,2,True,312,200–400
3,3,True,3344,>1200
2,2,True,716,600–800
6,2,False,277,200–400
1,1,True,398,200–400
2,3,False,289,200–400
2,2,True,127,<200
4,4,True,365,200–400
1,3,False,183,<200
5,5,True,270,200–400
4,4,True,146,<200
4,4,True,444,400–600
2,2,True,363,200–400
2,2,True,258,200–400
6,6,True,346,200–400
1,3,False,515,400–600
4,4,True,631,600–800
6,6,True,302,200–400
2,2,True,379,200–400
3,3,True,407,400–600
5,5,True,448,400–600
4,3,False,114,<200
2,2,True,313,200–400
2,6,False,342,200–400
5,5,True,212,200–400
2,2,True,370,200–400
4,4,True,325,200–400
4,4,True,343,200–400
3,3,True,200,<200
3,3,True,181,<200
2,2,True,238,200–400
2,2,True,502,400–600
2,1,False,303,200–400
2,2,True,119,<200
4,4,True,134,<200
2,2,True,429,400–600
4,1,False,618,600–800
1,1,True,376,200–400
5,5,True,245,200–400
2,1,False,355,200–400
4,4,True,273,200–400
5,5,True,234,200–400
3,1,False,320,200–400
2,2,True,425,400–600
2,2,True,217,200–400
3,3,True,258,200–400
3,3,True,146,<200
3,3,True,398,200–400
5,5,True,390,200–400
3,3,True,227,200–400
1,1,True,296,200–400
6,6,True,462,400–600
5,5,True,548,400–600
3,3,True,265,200–400
3,3,True,272,200–400
2,2,True,312,200–400
2,1,False,448,400–600
3,3,True,406,400–600
2,2,True,312,200–400
2,2,True,550,400–600
2,2,True,258,200–400
4,4,True,215,200–400
2,2,True,355,200–400
3,4,False,419,400–600
3,4,False,332,200–400
1,6,False,466,400–600
4,4,True,1221,>1200
3,3,True,174,<200
3,3,True,354,200–400
2,2,True,319,200–400
2,2,True,214,200–400
4,4,True,801,800–1200
2,2,True,397,200–400
2,2,True,637,600–800
5,5,True,221,200–400
2,2,True,207,200–400
1,1,True,333,200–400
2,2,True,434,400–600
2,2,True,708,600–800
2,2,True,380,200–400
2,2,True,353,200–400
2,1,False,324,200–400
1,1,True,164,<200
2,2,True,398,200–400
3,4,False,252,200–400
3,1,False,497,400–600
2,2,True,337,200–400
1,1,True,344,200–400
2,2,True,283,200–400
5,5,True,262,200–400
1,1,True,294,200–400
2,2,True,329,200–400
2,2,True,203,200–400
3,5,False,391,200–400
2,2,True,448,400–600
3,3,True,3988,>1200
2,2,True,303,200–400
2,2,True,510,400–600
1,6,False,395,200–400
4,4,True,150,<200
3,3,True,379,200–400
1,1,True,245,200–400
1,1,True,325,200–400
3,3,True,324,200–400
3,3,True,250,200–400
3,3,True,868,800–1200
2,2,True,285,200–400
4,4,True,433,400–600
1,1,True,263,200–400
2,2,True,315,200–400
3,3,True,810,800–1200
6,6,True,389,200–400
4,4,True,101,<200
6,6,True,546,400–600
4,4,True,353,200–400
3,3,True,3140,>1200
2,2,True,441,400–600
5,5,True,333,200–400
6,6,True,679,600–800
4,4,True,128,<200
3,1,False,344,200–400
2,2,True,349,200–400
4,4,True,267,200–400
3,3,True,240,200–400
2,2,True,293,200–400
2,3,False,299,200–400
2,2,True,242,200–400
4,4,True,351,200–400
3,3,True,388,200–400
1,1,True,222,200–400
2,2,True,312,200–400
3,3,True,249,200–400
2,2,True,281,200–400
2,2,True,975,800–1200
2,2,True,241,200–400
2,2,True,209,200–400
1,1,True,258,200–400
6,6,True,1051,800–1200
2,2,True,269,200–400
1,6,False,585,400–600
1,1,True,247,200–400
4,4,True,359,200–400
2,2,True,518,400–600
2,2,True,513,400–600
3,3,True,337,200–400
6,6,True,475,400–600
2,2,True,213,200–400
3,3,True,176,<200
3,2,False,374,200–400
6,6,True,952,800–1200
6,6,True,389,200–400
3,6,False,1084,800–1200
6,6,True,371,200–400
2,2,True,375,200–400
6,6,True,517,400–600
2,2,True,340,200–400
2,2,True,286,200–400
4,4,True,251,200–400
1,1,True,337,200–400
6,3,False,297,200–400
2,2,True,486,400–600
2,2,True,322,200–400
6,6,True,972,800–1200
2,2,True,402,400–600
6,6,True,520,400–600
2,2,True,879,800–1200
3,3,True,207,200–400
3,1,False,377,200–400
1,1,True,282,200–400
6,2,False,299,200–400
2,2,True,479,400–600
3,2,False,298,200–400
6,6,True,965,800–1200
4,4,True,151,<200
3,3,True,644,600–800
4,4,True,621,600–800
5,2,False,406,400–600
3,3,True,1147,800–1200
2,1,False,353,200–400
2,3,False,184,<200
2,2,True,357,200–400
3,3,True,328,200–400
6,6,True,874,800–1200
2,2,True,315,200–400
2,2,True,444,400–600
3,2,False,328,200–400
3,3,True,266,200–400
2,2,True,333,200–400
6,6,True,339,200–400
4,4,True,168,<200
2,3,False,703,600–800
1,6,False,510,400–600
3,3,True,519,400–600
4,4,True,379,200–400
2,3,False,358,200–400
4,4,True,158,<200
2,2,True,316,200–400
2,2,True,432,400–600
2,2,True,266,200–400
2,2,True,235,200–400
4,6,False,640,600–800
4,4,True,150,<200
3,1,False,500,400–600
1,1,True,215,200–400
4,2,False,228,200–400
5,5,True,310,200–400
4,4,True,171,<200
3,1,False,696,600–800
2,2,True,333,200–400
1,1,True,513,400–600
2,2,True,301,200–400
2,3,False,993,800–1200
2,2,True,339,200–400
2,1,False,317,200–400
2,3,False,234,200–400
6,6,True,305,200–400
3,3,True,194,<200
2,2,True,436,400–600
4,4,True,146,<200
1,1,True,335,200–400
3,3,True,243,200–400
3,3,True,100,<200
3,3,True,197,<200
6,6,True,391,200–400
2,2,True,316,200–400
5,5,True,218,200–400
3,3,True,602,600–800
1,3,False,471,400–600
2,2,True,356,200–400
1,1,True,349,200–400
2,2,True,315,200–400
5,2,False,320,200–400
2,2,True,419,400–600
2,2,True,235,200–400
4,4,True,162,<200
3,3,True,227,200–400
5,5,True,276,200–400
4,4,True,201,200–400
3,3,True,237,200–400
6,6,True,557,400–600
3,2,False,289,200–400
4,4,True,323,200–400
2,2,True,236,200–400
5,5,True,906,800–1200
6,6,True,525,400–600
2,1,False,338,200–400
1,1,True,330,200–400
3,3,True,151,<200
5,5,True,228,200–400
1,3,False,161,<200
2,2,True,934,800–1200
2,2,True,341,200–400
2,2,True,807,800–1200
3,3,True,1189,800–1200
2,2,True,225,200–400
2,2,True,384,200–400
5,5,True,226,200–400
1,3,False,252,200–400
2,2,True,1378,>1200
4,1,False,386,200–400
1,1,True,286,200–400
2,4,False,665,600–800
4,4,True,257,200–400
3,3,True,349,200–400
1,1,True,464,400–600
3,3,True,362,200–400
2,1,False,326,200–400
2,2,True,353,200–400
2,2,True,245,200–400
2,2,True,3996,>1200
2,2,True,144,<200
6,6,True,360,200–400
2,2,True,356,200–400
2,3,False,594,400–600
5,5,True,373,200–400
6,2,False,283,200–400
3,3,True,357,200–400
6,6,True,404,400–600
6,6,True,498,400–600
4,4,True,612,600–800
3,3,True,1311,>1200
2,2,True,139,<200
5,5,True,196,<200
4,4,True,287,200–400
5,5,True,540,400–600
3,5,False,363,200–400
2,2,True,321,200–400
2,2,True,307,200–400
4,4,True,473,400–600
1,1,True,129,<200
3,3,True,478,400–600
5,5,True,539,400–600
5,5,True,350,200–400
1,2,False,377,200–400
3,6,False,588,400–600
1,1,True,265,200–400
2,2,True,439,400–600
3,3,True,162,<200
1,1,True,187,<200
3,3,True,235,200–400
6,6,True,622,600–800
2,2,True,228,200–400
3,3,True,456,400–600
3,3,True,80,<200
4,4,True,433,400–600
3,3,True,154,<200
3,3,True,243,200–400
2,1,False,565,400–600
2,2,True,417,400–600
2,2,True,387,200–400
3,1,False,293,200–400
3,3,True,1050,800–1200
1,1,True,512,400–600
3,3,True,968,800–1200
5,5,True,427,400–600
1,1,True,283,200–400
3,3,True,468,400–600
2,2,True,197,<200
6,6,True,821,800–1200
3,3,True,384,200–400
3,2,False,177,<200
4,4,True,354,200–400
2,2,True,320,200–400
6,6,True,276,200–400
3,3,True,367,200–400
2,2,True,419,400–600
3,3,True,221,200–400
2,2,True,410,400–600
2,2,True,386,200–400
1,1,True,354,200–400
6,6,True,472,400–600
2,2,True,190,<200
2,2,True,199,<200
3,3,True,259,200–400
4,1,False,608,600–800
2,3,False,800,600–800
1,1,True,213,200–400
3,3,True,216,200–400
2,2,True,236,200–400
1,1,True,177,<200
2,2,True,283,200–400
2,2,True,1844,>1200
2,2,True,442,400–600
3,3,True,196,<200
2,2,True,332,200–400
6,6,True,239,200–400
2,2,True,496,400–600
2,1,False,520,400–600
1,1,True,304,200–400
2,2,True,456,400–600
4,2,False,465,400–600
3,1,False,323,200–400
1,2,False,330,200–400
3,3,True,275,200–400
2,2,True,303,200–400
3,3,True,193,<200
3,3,True,196,<200
6,6,True,485,400–600
1,1,True,488,400–600
2,4,False,304,200–400
4,1,False,422,400–600
2,2,True,353,200–400
2,2,True,2382,>1200
2,2,True,930,800–1200
3,5,False,275,200–400
2,2,True,250,200–400
4,4,True,101,<200
2,6,False,478,400–600
1,3,False,598,400–600
2,4,False,136,<200
2,3,False,476,400–600
2,2,True,229,200–400
3,3,True,473,400–600
1,1,True,366,200–400
3,4,False,277,200–400
3,3,True,151,<200
2,2,True,269,200–400
3,3,True,204,200–400
1,1,True,271,200–400
2,2,True,309,200–400
3,3,True,333,200–400
3,3,True,189,<200
2,2,True,753,600–800
3,3,True,122,<200
2,2,True,474,400–600
3,4,False,295,200–400
2,6,False,441,400–600
4,4,True,278,200–400
2,2,True,395,200–400
2,2,True,152,<200
1,1,True,421,400–600
2,2,True,265,200–400
6,6,True,934,800–1200
3,3,True,459,400–600
1,1,True,367,200–400
2,2,True,317,200–400
3,3,True,784,600–800
2,2,True,340,200–400
2,2,True,419,400–600
1,1,True,270,200–400
3,3,True,282,200–400
6,6,True,687,600–800
1,1,True,274,200–400
6,6,True,473,400–600
3,3,True,614,600–800
2,2,True,374,200–400
4,2,False,359,200–400
3,3,True,138,<200
3,3,True,317,200–400
3,6,False,419,400–600
1,1,True,167,<200
6,6,True,330,200–400
1,1,True,318,200–400
3,3,True,178,<200
3,1,False,361,200–400
1,1,True,387,200–400
2,2,True,333,200–400
3,3,True,590,400–600
3,3,True,216,200–400
2,2,True,533,400–600
3,3,True,623,600–800
1,1,True,355,200–400
2,3,False,323,200–400
3,1,False,504,400–600
2,2,True,253,200–400
4,4,True,99,<200
1,1,True,424,400–600
2,2,True,208,200–400
2,1,False,440,400–600
2,1,False,326,200–400
4,4,True,508,400–600
2,2,True,237,200–400
1,2,False,514,400–600
2,5,False,367,200–400
6,6,True,276,200–400
2,2,True,331,200–400
2,2,True,211,200–400
2,2,True,295,200–400
1,1,True,273,200–400
6,6,True,242,200–400
2,2,True,302,200–400
3,3,True,237,200–400
2,2,True,172,<200
5,5,True,572,400–600
1,1,True,425,400–600
3,3,True,644,600–800
2,3,False,237,200–400
2,2,True,619,600–800
1,4,False,175,<200
2,4,False,163,<200
5,5,True,227,200–400
2,5,False,211,200–400
3,3,True,414,400–600
5,2,False,608,600–800
2,2,True,395,200–400
4,4,True,211,200–400
2,2,True,311,200–400
2,2,True,504,400–600
6,6,True,505,400–600
4,4,True,295,200–400
2,6,False,493,400–600
6,6,True,738,600–800
3,3,True,577,400–600
3,3,True,438,400–600
2,2,True,391,200–400
2,2,True,180,<200
3,3,True,414,400–600
3,3,True,234,200–400
2,3,False,244,200–400
3,3,True,279,200–400
2,2,True,507,400–600
2,2,True,420,400–600
3,3,True,104,<200
2,2,True,321,200–400
6,6,True,332,200–400
6,6,True,510,400–600
4,4,True,256,200–400
6,6,True,427,400–600
6,6,True,590,400–600
2,2,True,264,200–400
1,1,True,423,400–600
3,3,True,631,600–800
5,5,True,229,200–400
3,3,True,140,<200
6,6,True,497,400–600
2,1,False,430,400–600
2,2,True,393,200–400
3,3,True,173,<200
4,4,True,198,<200
3,3,True,183,<200
5,5,True,471,400–600
2,1,False,404,400–600
2,2,True,724,600–800
2,2,True,1199,800–1200
4,3,False,277,200–400
1,3,False,290,200–400
1,1,True,418,400–600
4,4,True,549,400–600
2,2,True,393,200–400
2,2,True,214,200–400
2,2,True,327,200–400
6,6,True,505,400–600
3,3,True,782,600–800
2,2,True,381,200–400
6,6,True,222,200–400
1,1,True,303,200–400
3,3,True,716,600–800
5,5,True,438,400–600
2,2,True,387,200–400
3,3,True,350,200–400
2,2,True,570,400–600
2,2,True,291,200–400
3,3,True,100,<200
3,3,True,1482,>1200
4,4,True,222,200–400
3,3,True,274,200–400
5,5,True,287,200–400
4,4,True,232,200–400
3,1,False,318,200–400
2,2,True,447,400–600
4,4,True,338,200–400
1,1,True,304,200–400
6,6,True,669,600–800
6,6,True,423,400–600
6,6,True,492,400–600
6,6,True,464,400–600
1,1,True,387,200–400
1,3,False,208,200–400
4,4,True,409,400–600
3,3,True,388,200–400
3,3,True,150,<200
2,2,True,364,200–400
4,3,False,420,400–600
2,3,False,217,200–400
1,1,True,356,200–400
2,2,True,132,<200
2,2,True,696,600–800
6,4,False,588,400–600
3,3,True,515,400–600
6,6,True,636,600–800
2,2,True,1402,>1200
1,1,True,295,200–400
4,4,True,211,200–400
6,6,True,489,400–600
6,6,True,556,400–600
4,4,True,334,200–400
6,6,True,532,400–600
2,2,True,387,200–400
4,4,True,200,<200
5,5,True,449,400–600
6,6,True,460,400–600
1,1,True,352,200–400
1,1,True,208,200–400
2,2,True,356,200–400
6,6,True,432,400–600
6,6,True,1077,800–1200
6,6,True,426,400–600
6,6,True,431,400–600
3,3,True,323,200–400
2,2,True,316,200–400
3,3,True,88,<200
6,6,True,620,600–800
6,6,True,545,400–600
6,1,False,682,600–800
3,3,True,351,200–400
6,6,True,438,400–600
3,3,True,3141,>1200
2,2,True,351,200–400
2,2,True,367,200–400
6,6,True,877,800–1200
1,1,True,353,200–400
3,3,True,357,200–400
3,3,True,287,200–400
2,2,True,2144,>1200
2,2,True,392,200–400
2,2,True,328,200–400
6,6,True,401,400–600
2,2,True,301,200–400
3,3,True,347,200–400
3,6,False,499,400–600
2,6,False,494,400–600
2,2,True,242,200–400
2,2,True,404,400–600
3,3,True,200,<200
2,2,True,350,200–400
2,2,True,772,600–800
3,3,True,259,200–400
3,3,True,598,400–600
2,1,False,252,200–400
3,2,False,330,200–400
2,2,True,811,800–1200
2,2,True,314,200–400
6,6,True,503,400–600
2,2,True,337,200–400
3,2,False,711,600–800
2,2,True,309,200–400
3,3,True,319,200–400
3,3,True,98,<200
2,2,True,305,200–400
1,1,True,490,400–600
6,6,True,852,800–1200
2,3,False,498,400–600
6,6,True,892,800–1200
3,3,True,215,200–400
6,6,True,333,200–400
2,2,True,216,200–400
1,1,True,339,200–400
2,1,False,583,400–600
6,6,True,372,200–400
2,2,True,986,800–1200
5,2,False,309,200–400
6,4,False,508,400–600
2,2,True,313,200–400
6,6,True,471,400–600
5,5,True,362,200–400
2,2,True,342,200–400
2,2,True,277,200–400
3,4,False,389,200–400
4,4,True,430,400–600
2,3,False,1069,800–1200
1,1,True,303,200–400
2,2,True,356,200–400
2,2,True,219,200–400
6,6,True,888,800–1200
2,6,False,400,200–400
3,3,True,329,200–400
3,2,False,711,600–800
4,4,True,212,200–400
2,2,True,1212,>1200
1,1,True,333,200–400
2,4,False,109,<200
5,5,True,448,400–600
2,2,True,172,<200
2,2,True,359,200–400
3,2,False,319,200–400
2,2,True,769,600–800
6,6,True,488,400–600
6,6,True,429,400–600
6,6,True,634,600–800
6,6,True,275,200–400
2,2,True,454,400–600
3,4,False,215,200–400
3,3,True,499,400–600
2,2,True,257,200–400
6,6,True,600,400–600
2,2,True,264,200–400
2,2,True,195,<200
3,3,True,107,<200
3,3,True,221,200–400
2,2,True,154,<200
2,2,True,392,200–400
3,3,True,99,<200
1,6,False,367,200–400
2,5,False,309,200–400
2,2,True,275,200–400
3,3,True,533,400–600
3,3,True,198,<200
2,2,True,358,200–400
4,4,True,210,200–400
2,2,True,232,200–400
6,6,True,464,400–600
2,2,True,450,400–600
4,4,True,533,400–600
4,4,True,616,600–800
2,2,True,287,200–400
2,3,False,273,200–400
2,1,False,509,400–600
2,2,True,717,600–800
2,2,True,362,200–400
5,5,True,435,400–600
5,5,True,210,200–400
2,2,True,311,200–400
6,6,True,761,600–800
2,2,True,325,200–400
2,2,True,715,600–800
6,2,False,364,200–400
5,5,True,773,600–800
2,2,True,364,200–400
2,2,True,345,200–400
4,4,True,307,200–400
2,2,True,383,200–400
2,2,True,715,600–800
1,1,True,263,200–400
2,3,False,340,200–400
3,6,False,465,400–600
1,1,True,297,200–400
6,3,False,516,400–600
4,4,True,722,600–800
2,2,True,530,400–600
2,2,True,418,400–600
5,5,True,229,200–400
3,1,False,327,200–400
4,4,True,171,<200
1,1,True,154,<200
5,5,True,916,800–1200
6,6,True,494,400–600
2,6,False,728,600–800
6,6,True,684,600–800
3,3,True,150,<200
4,2,False,628,600–800
2,2,True,419,400–600
2,3,False,351,200–400
3,3,True,1416,>1200
3,3,True,876,800–1200
6,1,False,340,200–400
1,1,True,216,200–400
2,2,True,351,200–400
2,2,True,117,<200
1,3,False,239,200–400
2,2,True,356,200–400
3,3,True,150,<200
1,3,False,273,200–400
2,2,True,567,400–600
6,6,True,330,200–400
2,2,True,229,200–400
2,2,True,383,200–400
4,4,True,246,200–400
3,3,True,230,200–400
3,2,False,257,200–400
2,1,False,608,600–800
2,4,False,578,400–600
6,6,True,521,400–600
5,5,True,306,200–400
4,4,True,197,<200
2,2,True,310,200–400
2,2,True,474,400–600
2,6,False,484,400–600
3,4,False,247,200–400
3,5,False,256,200–400
6,6,True,605,600–800
2,4,False,251,200–400
3,3,True,74,<200
2,2,True,287,200–400
2,2,True,855,800–1200
3,3,True,240,200–400
2,2,True,363,200–400
6,6,True,430,400–600
6,1,False,423,400–600
3,3,True,324,200–400
2,3,False,103,<200
6,6,True,579,400–600
6,6,True,647,600–800
1,1,True,407,400–600
5,5,True,227,200–400
6,6,True,807,800–1200
3,3,True,412,400–600
2,2,True,356,200–400
3,3,True,255,200–400
2,3,False,209,200–400
1,1,True,208,200–400
2,2,True,400,200–400
2,2,True,316,200–400
1,1,True,362,200–400
1,6,False,458,400–600
6,6,True,426,400–600
6,6,True,494,400–600
1,1,True,343,200–400
3,4,False,164,<200
4,4,True,268,200–400
3,3,True,509,400–600
1,1,True,164,<200
3,1,False,309,200–400
5,5,True,510,400–600
2,2,True,239,200–400
6,6,True,430,400–600
3,3,True,231,200–400
2,2,True,257,200–400
2,2,True,961,800–1200
2,2,True,387,200–400
1,1,True,198,<200
6,6,True,388,200–400
3,1,False,405,400–600
3,3,True,608,600–800
3,3,True,260,200–400
6,6,True,635,600–800
1,1,True,202,200–400
4,4,True,389,200–400
4,4,True,614,600–800
2,2,True,370,200–400
2,2,True,345,200–400
2,4,False,191,<200
4,4,True,619,600–800
3,3,True,527,400–600
3,6,False,465,400–600
2,2,True,386,200–400
3,1,False,330,200–400
2,2,True,434,400–600
5,5,True,301,200–400
1,1,True,949,800–1200
2,2,True,241,200–400
1,1,True,140,<200
1,2,False,405,400–600
6,6,True,484,400–600
2,6,False,378,200–400
1,5,False,388,200–400
5,5,True,458,400–600
2,2,True,411,400–600
2,2,True,189,<200
2,2,True,250,200–400
3,3,True,571,400–600
3,3,True,621,600–800
2,2,True,240,200–400
4,4,True,475,400–600
2,2,True,860,800–1200
3,3,True,406,400–600
2,2,True,1207,>1200
4,4,True,261,200–400
2,2,True,364,200–400
5,5,True,514,400–600
6,6,True,482,400–600
3,1,False,568,400–600
6,6,True,304,200–400
3,2,False,727,600–800
3,3,True,226,200–400
1,1,True,440,400–600
1,1,True,134,<200
2,2,True,440,400–600
5,5,True,260,200–400
2,2,True,422,400–600
3,3,True,372,200–400
2,2,True,137,<200
2,2,True,411,400–600
2,2,True,235,200–400
2,2,True,564,400–600
3,6,False,908,800–1200
3,3,True,1234,>1200
2,2,True,384,200–400
1,1,True,489,400–600
1,2,False,787,600–800
6,3,False,274,200–400
4,4,True,561,400–600
3,3,True,456,400–600
3,6,False,269,200–400
2,2,True,396,200–400
2,2,True,222,200–400
6,6,True,231,200–400
3,5,False,412,400–600
1,3,False,173,<200
2,2,True,356,200–400
3,3,True,391,200–400
3,3,True,172,<200
3,3,True,644,600–800
6,6,True,654,600–800
1,1,True,453,400–600
3,3,True,185,<200
6,1,False,354,200–400
1,1,True,345,200–400
2,2,True,941,800–1200
2,2,True,342,200–400
6,6,True,347,200–400
3,3,True,188,<200
1,1,True,296,200–400
6,6,True,546,400–600
3,3,True,195,<200
3,3,True,423,400–600
2,2,True,244,200–400
3,3,True,406,400–600
5,5,True,253,200–400
2,2,True,288,200–400
4,4,True,425,400–600
2,2,True,193,<200
1,1,True,278,200–400
1,1,True,338,200–400
2,2,True,363,200–400
2,3,False,914,800–1200
5,5,True,249,200–400
2,2,True,273,200–400
3,3,True,197,<200
2,2,True,282,200–400
3,3,True,149,<200
2,2,True,333,200–400
6,6,True,345,200–400
2,4,False,305,200–400
2,2,True,350,200–400
2,2,True,371,200–400
4,4,True,130,<200
3,3,True,789,600–800
1,1,True,235,200–400
2,2,True,181,<200
6,6,True,280,200–400
3,3,True,235,200–400
2,2,True,308,200–400
2,2,True,251,200–400
3,3,True,278,200–400
1,3,False,222,200–400
6,6,True,689,600–800
2,2,True,298,200–400
1,1,True,404,400–600
2,2,True,328,200–400
6,6,True,503,400–600
6,6,True,2225,>1200
2,2,True,404,400–600
5,5,True,353,200–400
2,3,False,443,400–600
2,3,False,980,800–1200
2,2,True,354,200–400
1,1,True,81,<200
3,3,True,501,400–600
3,3,True,952,800–1200
3,3,True,494,400–600
3,3,True,273,200–400
3,2,False,365,200–400
3,3,True,961,800–1200
3,3,True,436,400–600
3,3,True,201,200–400
3,3,True,85,<200
2,2,True,396,200–400
1,1,True,418,400–600
3,3,True,1022,800–1200
2,3,False,654,600–800
3,3,True,257,200–400
6,2,False,311,200–400
2,2,True,245,200–400
1,1,True,212,200–400
4,4,True,115,<200
5,5,True,123,<200
6,6,True,425,400–600
2,2,True,459,400–600
2,2,True,403,400–600
4,4,True,519,400–600
3,3,True,198,<200
3,1,False,464,400–600
2,1,False,556,400–600
3,3,True,185,<200
2,2,True,320,200–400
2,2,True,1031,800–1200
3,3,True,655,600–800
1,1,True,358,200–400
2,2,True,616,600–800
3,3,True,513,400–600
3,3,True,189,<200
2,2,True,247,200–400
2,2,True,296,200–400
2,2,True,411,400–600
2,4,False,297,200–400
2,2,True,342,200–400
2,5,False,223,200–400
6,6,True,424,400–600
3,3,True,156,<200
3,3,True,290,200–400
3,3,True,275,200–400
3,3,True,206,200–400
2,2,True,865,800–1200
3,3,True,480,400–600
2,2,True,303,200–400
3,2,False,204,200–400
3,3,True,210,200–400
1,1,True,483,400–600
2,2,True,364,200–400
1,1,True,262,200–400
2,2,True,237,200–400
6,2,False,325,200–400
1,1,True,300,200–400
2,2,True,248,200–400
6,6,True,739,600–800
2,2,True,2204,>1200
3,3,True,577,400–600
3,1,False,393,200–400
3,3,True,2000,>1200
2,6,False,456,400–600
1,1,True,344,200–400
1,1,True,472,400–600
4,4,True,348,200–400
2,2,True,313,200–400
3,3,True,897,800–1200
3,3,True,201,200–400
3,3,True,335,200–400
1,1,True,734,600–800
2,2,True,348,200–400
2,4,False,310,200–400
2,2,True,693,600–800
6,6,True,482,400–600
3,6,False,344,200–400
6,6,True,435,400–600
2,2,True,232,200–400
2,1,False,484,400–600
3,2,False,300,200–400
6,6,True,580,400–600
4,2,False,236,200–400
4,2,False,391,200–400
2,2,True,255,200–400
4,4,True,569,400–600
1,1,True,196,<200
3,3,True,171,<200
2,6,False,403,400–600
6,6,True,585,400–600
3,3,True,152,<200
4,4,True,297,200–400
2,2,True,375,200–400
2,2,True,324,200–400
4,4,True,194,<200
2,2,True,1182,800–1200
3,2,False,289,200–400
2,2,True,685,600–800
3,3,True,215,200–400
2,2,True,291,200–400
3,3,True,211,200–400
5,5,True,442,400–600
6,6,True,497,400–600
3,3,True,173,<200
4,4,True,631,600–800
2,2,True,209,200–400
6,6,True,648,600–800
2,2,True,377,200–400
2,2,True,330,200–400
1,1,True,353,200–400
2,2,True,306,200–400
3,3,True,120,<200
2,2,True,194,<200
2,2,True,334,200–400
3,3,True,508,400–600
4,4,True,362,200–400
1,1,True,188,<200
2,2,True,290,200–400
2,2,True,344,200–400
3,3,True,347,200–400
2,2,True,309,200–400
5,2,False,404,400–600
4,4,True,145,<200
2,1,False,304,200–400
3,3,True,466,400–600
2,2,True,334,200–400
2,5,False,270,200–400
5,5,True,237,200–400
3,3,True,690,600–800
2,2,True,292,200–400
2,2,True,316,200–400
2,3,False,132,<200
4,4,True,466,400–600
2,2,True,317,200–400
6,6,True,456,400–600
2,1,False,318,200–400
1,1,True,305,200–400
3,5,False,266,200–400
2,3,False,222,200–400
6,6,True,544,400–600
6,6,True,290,200–400
2,2,True,364,200–400
2,1,False,389,200–400
6,6,True,484,400–600
1,6,False,1001,800–1200
3,3,True,202,200–400
2,2,True,354,200–400
1,1,True,326,200–400
1,1,True,167,<200
2,3,False,685,600–800
2,2,True,417,400–600
2,6,False,477,400–600
2,2,True,504,400–600
2,2,True,264,200–400
4,4,True,159,<200
6,6,True,864,800–1200
2,2,True,1070,800–1200
3,3,True,154,<200
2,2,True,308,200–400
5,5,True,246,200–400
2,6,False,358,200–400
2,2,True,377,200–400
3,3,True,235,200–400
2,2,True,371,200–400
2,2,True,282,200–400
3,3,True,230,200–400
3,3,True,200,<200
3,3,True,409,400–600
4,4,True,176,<200
2,2,True,349,200–400
6,6,True,544,400–600
6,6,True,388,200–400
6,6,True,480,400–600
3,2,False,404,400–600
2,2,True,209,200–400
1,1,True,144,<200
3,3,True,383,200–400
3,3,True,253,200–400
4,4,True,252,200–400
2,2,True,385,200–400
3,3,True,336,200–400
2,2,True,352,200–400
6,6,True,452,400–600
2,3,False,248,200–400
3,3,True,127,<200
5,5,True,547,400–600
6,6,True,592,400–600
3,3,True,250,200–400
4,4,True,160,<200
6,6,True,417,400–600
3,3,True,202,200–400
6,6,True,427,400–600
2,1,False,304,200–400
3,3,True,478,400–600
6,1,False,458,400–600
2,2,True,922,800–1200
6,6,True,477,400–600
4,4,True,171,<200
2,2,True,389,200–400
1,3,False,173,<200
2,1,False,259,200–400
3,3,True,505,400–600
2,2,True,272,200–400
2,2,True,235,200–400
6,6,True,874,800–1200
2,2,True,718,600–800
3,3,True,662,600–800
4,1,False,295,200–400
3,3,True,205,200–400
6,6,True,308,200–400
2,3,False,102,<200
1,1,True,307,200–400
2,1,False,295,200–400
3,3,True,576,400–600
2,2,True,342,200–400
2,2,True,569,400–600
3,3,True,149,<200
3,3,True,264,200–400
2,6,False,405,400–600
2,2,True,341,200–400
6,6,True,441,400–600
2,2,True,405,400–600
2,2,True,426,400–600
3,3,True,207,200–400
1,3,False,600,400–600
6,6,True,325,200–400
6,6,True,524,400–600
2,2,True,714,600–800
2,2,True,375,200–400
2,2,True,1107,800–1200
1,1,True,388,200–400
3,3,True,418,400–600
5,5,True,451,400–600
3,3,True,210,200–400
4,4,True,348,200–400
2,2,True,316,200–400
3,3,True,323,200–400
2,2,True,1563,>1200
2,2,True,339,200–400
6,6,True,341,200–400
2,2,True,835,800–1200
3,1,False,386,200–400
2,2,True,366,200–400
1,1,True,570,400–600
3,3,True,596,400–600
2,2,True,739,600–800
4,4,True,468,400–600
6,6,True,521,400–600
2,2,True,325,200–400
5,5,True,719,600–800
3,3,True,1168,800–1200
4,4,True,212,200–400
2,2,True,246,200–400
2,2,True,523,400–600
6,6,True,483,400–600
3,3,True,231,200–400
3,3,True,181,<200
3,6,False,369,200–400
6,6,True,344,200–400
2,2,True,296,200–400
2,2,True,364,200–400
1,1,True,490,400–600
3,3,True,365,200–400
2,3,False,141,<200
3,3,True,467,400–600
2,2,True,335,200–400
3,3,True,396,200–400
2,2,True,376,200–400
2,6,False,372,200–400
5,5,True,131,<200
2,1,False,470,400–600
4,4,True,617,600–800
5,5,True,364,200–400
2,2,True,287,200–400
2,2,True,455,400–600
6,6,True,301,200–400
2,2,True,377,200–400
5,5,True,206,200–400
6,6,True,577,400–600
2,2,True,751,600–800
6,6,True,987,800–1200
2,2,True,310,200–400
3,3,True,287,200–400
2,2,True,357,200–400
1,3,False,220,200–400
1,1,True,592,400–600
2,2,True,443,400–600
2,2,True,548,400–600
3,2,False,270,200–400
1,1,True,198,<200
3,3,True,190,<200
4,4,True,228,200–400
3,3,True,185,<200
3,3,True,147,<200
3,3,True,469,400–600
2,2,True,402,400–600
2,6,False,1173,800–1200
2,2,True,432,400–600
4,4,True,157,<200
3,3,True,240,200–400
2,2,True,343,200–400
3,6,False,650,600–800
3,3,True,345,200–400
6,6,True,476,400–600
2,2,True,241,200–400
4,4,True,241,200–400
1,1,True,619,600–800
2,2,True,335,200–400
3,3,True,410,400–600
3,4,False,287,200–400
4,6,False,589,400–600
6,6,True,448,400–600
2,4,False,239,200–400
2,2,True,274,200–400
6,6,True,933,800–1200
6,2,False,313,200–400
2,2,True,318,200–400
2,2,True,314,200–400
2,3,False,625,600–800
3,3,True,251,200–400
2,6,False,715,600–800
1,1,True,603,600–800
6,6,True,565,400–600
3,3,True,459,400–600
2,2,True,159,<200
1,5,False,314,200–400
1,1,True,254,200–400
1,1,True,488,400–600
5,5,True,437,400–600
2,2,True,368,200–400
1,1,True,340,200–400
6,1,False,318,200–400
6,6,True,505,400–600
3,3,True,255,200–400
1,1,True,353,200–400
3,3,True,1216,>1200
1,1,True,490,400–600
2,2,True,285,200–400
4,4,True,400,200–400
2,2,True,338,200–400
5,5,True,247,200–400
2,2,True,318,200–400
5,5,True,447,400–600
1,1,True,295,200–400
4,4,True,197,<200
2,2,True,379,200–400
3,3,True,379,200–400
2,2,True,757,600–800
5,5,True,246,200–400
4,4,True,358,200–400
3,3,True,478,400–600
2,2,True,315,200–400
2,2,True,530,400–600
3,3,True,263,200–400
2,2,True,217,200–400
6,6,True,585,400–600
2,2,True,364,200–400
6,6,True,490,400–600
2,2,True,140,<200
1,1,True,427,400–600
4,4,True,436,400–600
6,6,True,477,400–600
3,3,True,300,200–400
3,3,True,335,200–400
1,1,True,360,200–400
2,2,True,236,200–400
1,1,True,196,<200
1,1,True,361,200–400
1,1,True,248,200–400
6,6,True,426,400–600
3,3,True,324,200–400
4,4,True,255,200–400
4,4,True,1072,800–1200
5,5,True,375,200–400
2,3,False,769,600–800
1,1,True,444,400–600
6,6,True,331,200–400
2,4,False,155,<200
2,1,False,437,400–600
2,2,True,259,200–400
6,6,True,419,400–600
5,5,True,499,400–600
3,3,True,775,600–800
2,1,False,506,400–600
2,2,True,454,400–600
2,2,True,313,200–400
1,1,True,537,400–600
2,1,False,398,200–400
3,3,True,601,600–800
2,2,True,414,400–600
2,2,True,264,200–400
3,1,False,332,200–400
5,5,True,396,200–400
3,3,True,233,200–400
4,4,True,364,200–400
3,1,False,331,200–400
3,4,False,333,200–400
6,6,True,564,400–600
2,2,True,140,<200
3,3,True,274,200–400
2,2,True,477,400–600
6,6,True,428,400–600
2,2,True,342,200–400
3,3,True,150,<200
2,2,True,396,200–400
2,2,True,351,200–400
3,3,True,237,200–400
2,2,True,254,200–400
3,3,True,107,<200
5,5,True,226,200–400
5,5,True,297,200–400
6,6,True,554,400–600
3,3,True,336,200–400
2,2,True,796,600–800
2,2,True,865,800–1200
6,6,True,411,400–600
4,4,True,139,<200
2,2,True,304,200–400
2,4,False,273,200–400
1,1,True,957,800–1200
4,4,True,181,<200
6,6,True,429,400–600
3,5,False,410,400–600
2,2,True,282,200–400
3,3,True,186,<200
3,3,True,183,<200
2,2,True,364,200–400
4,4,True,231,200–400
1,6,False,496,400–600
